_row_id,augment_ranking_row_id,stage_order,stage_pick_rate,avg_ranking,raw_json
1,1,1,17.68,4.25,"{""stagePickRate"":17.68,""avgRanking"":4.25}"
2,1,2,17.45,4.42,"{""stagePickRate"":17.45,""avgRanking"":4.42}"
3,1,3,24.58,4.51,"{""stagePickRate"":24.58,""avgRanking"":4.51}"
4,2,1,0,99999,"{""stagePickRate"":0,""avgRanking"":99999}"
5,2,2,0,99999,"{""stagePickRate"":0,""avgRanking"":99999}"
6,2,3,56.45,4.4,"{""stagePickRate"":56.45,""avgRanking"":4.4}"
7,3,1,0,99999,"{""stagePickRate"":0,""avgRanking"":99999}"
8,3,2,15.29,4.26,"{""stagePickRate"":15.29,""avgRanking"":4.26}"
9,3,3,27.77,4.56,"{""stagePickRate"":27.77,""avgRanking"":4.56}"
10,4,1,0,99999,"{""stagePickRate"":0,""avgRanking"":99999}"
11,4,2,0,99999,"{""stagePickRate"":0,""avgRanking"":99999}"
12,4,3,36.68,4.24,"{""stagePickRate"":36.68,""avgRanking"":4.24}"
13,5,1,35.89,4.31,"{""stagePickRate"":35.89,""avgRanking"":4.31}"
14,5,2,0,99999,"{""stagePickRate"":0,""avgRanking"":99999}"
15,5,3,0,99999,"{""stagePickRate"":0,""avgRanking"":99999}"
16,6,1,0,99999,"{""stagePickRate"":0,""avgRanking"":99999}"
17,6,2,12.22,4.32,"{""stagePickRate"":12.22,""avgRanking"":4.32}"
18,6,3,21.18,4.45,"{""stagePickRate"":21.18,""avgRanking"":4.45}"
19,7,1,0,99999,"{""stagePickRate"":0,""avgRanking"":99999}"
20,7,2,11.1,4.31,"{""stagePickRate"":11.1,""avgRanking"":4.31}"
21,7,3,20.97,4.35,"{""stagePickRate"":20.97,""avgRanking"":4.35}"
22,8,1,0,99999,"{""stagePickRate"":0,""avgRanking"":99999}"
23,8,2,8.68,4.8,"{""stagePickRate"":8.68,""avgRanking"":4.8}"
24,8,3,22.68,4.51,"{""stagePickRate"":22.68,""avgRanking"":4.51}"
25,9,1,10.41,4.47,"{""stagePickRate"":10.41,""avgRanking"":4.47}"
26,9,2,18.54,4.57,"{""stagePickRate"":18.54,""avgRanking"":4.57}"
27,9,3,0,99999,"{""stagePickRate"":0,""avgRanking"":99999}"
28,10,1,0,99999,"{""stagePickRate"":0,""avgRanking"":99999}"
29,10,2,13.04,4.34,"{""stagePickRate"":13.04,""avgRanking"":4.34}"
30,10,3,16.45,4.14,"{""stagePickRate"":16.45,""avgRanking"":4.14}"
31,11,1,0,99999,"{""stagePickRate"":0,""avgRanking"":99999}"
32,11,2,9,4.54,"{""stagePickRate"":9,""avgRanking"":4.54}"
33,11,3,20.41,4.27,"{""stagePickRate"":20.41,""avgRanking"":4.27}"
34,12,1,0,99999,"{""stagePickRate"":0,""avgRanking"":99999}"
35,12,2,14.66,4.34,"{""stagePickRate"":14.66,""avgRanking"":4.34}"
36,12,3,14.41,4.36,"{""stagePickRate"":14.41,""avgRanking"":4.36}"
37,13,1,8.02,4.58,"{""stagePickRate"":8.02,""avgRanking"":4.58}"
38,13,2,6.66,4.36,"{""stagePickRate"":6.66,""avgRanking"":4.36}"
39,13,3,14.14,4.44,"{""stagePickRate"":14.14,""avgRanking"":4.44}"
40,14,1,0,99999,"{""stagePickRate"":0,""avgRanking"":99999}"
41,14,2,0,99999,"{""stagePickRate"":0,""avgRanking"":99999}"
42,14,3,28.68,5,"{""stagePickRate"":28.68,""avgRanking"":5}"
43,15,1,0,99999,"{""stagePickRate"":0,""avgRanking"":99999}"
44,15,2,0,99999,"{""stagePickRate"":0,""avgRanking"":99999}"
45,15,3,28.6,4.39,"{""stagePickRate"":28.6,""avgRanking"":4.39}"
46,16,1,4.56,4.48,"{""stagePickRate"":4.56,""avgRanking"":4.48}"
47,16,2,12.25,4.19,"{""stagePickRate"":12.25,""avgRanking"":4.19}"
48,16,3,9.47,4.35,"{""stagePickRate"":9.47,""avgRanking"":4.35}"
49,17,1,0,99999,"{""stagePickRate"":0,""avgRanking"":99999}"
50,17,2,0,99999,"{""stagePickRate"":0,""avgRanking"":99999}"
51,17,3,25.56,4.35,"{""stagePickRate"":25.56,""avgRanking"":4.35}"
52,18,1,0,99999,"{""stagePickRate"":0,""avgRanking"":99999}"
53,18,2,17.83,4.6,"{""stagePickRate"":17.83,""avgRanking"":4.6}"
54,18,3,7.37,4.59,"{""stagePickRate"":7.37,""avgRanking"":4.59}"
55,19,1,0,99999,"{""stagePickRate"":0,""avgRanking"":99999}"
56,19,2,22.72,4.1,"{""stagePickRate"":22.72,""avgRanking"":4.1}"
57,19,3,0,99999,"{""stagePickRate"":0,""avgRanking"":99999}"
58,20,1,20.95,4.65,"{""stagePickRate"":20.95,""avgRanking"":4.65}"
59,20,2,0,99999,"{""stagePickRate"":0,""avgRanking"":99999}"
60,20,3,0,99999,"{""stagePickRate"":0,""avgRanking"":99999}"
61,21,1,0,99999,"{""stagePickRate"":0,""avgRanking"":99999}"
62,21,2,0,99999,"{""stagePickRate"":0,""avgRanking"":99999}"
63,21,3,22.5,4.45,"{""stagePickRate"":22.5,""avgRanking"":4.45}"
64,22,1,0,99999,"{""stagePickRate"":0,""avgRanking"":99999}"
65,22,2,5.04,4.38,"{""stagePickRate"":5.04,""avgRanking"":4.38}"
66,22,3,17.24,4.67,"{""stagePickRate"":17.24,""avgRanking"":4.67}"
67,23,1,18.97,4.51,"{""stagePickRate"":18.97,""avgRanking"":4.51}"
68,23,2,0,99999,"{""stagePickRate"":0,""avgRanking"":99999}"
69,23,3,0,99999,"{""stagePickRate"":0,""avgRanking"":99999}"
70,24,1,0,99999,"{""stagePickRate"":0,""avgRanking"":99999}"
71,24,2,20.14,4.39,"{""stagePickRate"":20.14,""avgRanking"":4.39}"
72,24,3,0,99999,"{""stagePickRate"":0,""avgRanking"":99999}"
73,25,1,0,99999,"{""stagePickRate"":0,""avgRanking"":99999}"
74,25,2,0,99999,"{""stagePickRate"":0,""avgRanking"":99999}"
75,25,3,20.81,4.44,"{""stagePickRate"":20.81,""avgRanking"":4.44}"
76,26,1,6.75,4.77,"{""stagePickRate"":6.75,""avgRanking"":4.77}"
77,26,2,13,4.64,"{""stagePickRate"":13,""avgRanking"":4.64}"
78,26,3,0,99999,"{""stagePickRate"":0,""avgRanking"":99999}"
79,27,1,2.27,4.64,"{""stagePickRate"":2.27,""avgRanking"":4.64}"
80,27,2,5.79,4.47,"{""stagePickRate"":5.79,""avgRanking"":4.47}"
81,27,3,12.18,4.23,"{""stagePickRate"":12.18,""avgRanking"":4.23}"
82,28,1,0,99999,"{""stagePickRate"":0,""avgRanking"":99999}"
83,28,2,19.16,4.45,"{""stagePickRate"":19.16,""avgRanking"":4.45}"
84,28,3,0,99999,"{""stagePickRate"":0,""avgRanking"":99999}"
85,29,1,0,99999,"{""stagePickRate"":0,""avgRanking"":99999}"
86,29,2,9.18,4.5,"{""stagePickRate"":9.18,""avgRanking"":4.5}"
87,29,3,10.2,4.3,"{""stagePickRate"":10.2,""avgRanking"":4.3}"
88,30,1,0,99999,"{""stagePickRate"":0,""avgRanking"":99999}"
89,30,2,15.29,4.52,"{""stagePickRate"":15.29,""avgRanking"":4.52}"
90,30,3,4.02,4.34,"{""stagePickRate"":4.02,""avgRanking"":4.34}"
91,31,1,17.41,4.51,"{""stagePickRate"":17.41,""avgRanking"":4.51}"
92,31,2,0,99999,"{""stagePickRate"":0,""avgRanking"":99999}"
93,31,3,0,99999,"{""stagePickRate"":0,""avgRanking"":99999}"
94,32,1,0,99999,"{""stagePickRate"":0,""avgRanking"":99999}"
95,32,2,0,99999,"{""stagePickRate"":0,""avgRanking"":99999}"
96,32,3,19.16,4.32,"{""stagePickRate"":19.16,""avgRanking"":4.32}"
97,33,1,19.08,4.44,"{""stagePickRate"":19.08,""avgRanking"":4.44}"
98,33,2,0,99999,"{""stagePickRate"":0,""avgRanking"":99999}"
99,33,3,0,99999,"{""stagePickRate"":0,""avgRanking"":99999}"
100,34,1,17.52,4.45,"{""stagePickRate"":17.52,""avgRanking"":4.45}"
101,34,2,0,99999,"{""stagePickRate"":0,""avgRanking"":99999}"
102,34,3,0,99999,"{""stagePickRate"":0,""avgRanking"":99999}"
103,35,1,0,99999,"{""stagePickRate"":0,""avgRanking"":99999}"
104,35,2,18.64,3.9,"{""stagePickRate"":18.64,""avgRanking"":3.9}"
105,35,3,0,99999,"{""stagePickRate"":0,""avgRanking"":99999}"
106,36,1,17.12,4.47,"{""stagePickRate"":17.12,""avgRanking"":4.47}"
107,36,2,0,99999,"{""stagePickRate"":0,""avgRanking"":99999}"
108,36,3,0,99999,"{""stagePickRate"":0,""avgRanking"":99999}"
109,37,1,6.2,3.96,"{""stagePickRate"":6.2,""avgRanking"":3.96}"
110,37,2,10.12,3.94,"{""stagePickRate"":10.12,""avgRanking"":3.94}"
111,37,3,2.43,4,"{""stagePickRate"":2.43,""avgRanking"":4}"
112,38,1,0,99999,"{""stagePickRate"":0,""avgRanking"":99999}"
113,38,2,17.93,4.71,"{""stagePickRate"":17.93,""avgRanking"":4.71}"
114,38,3,0,99999,"{""stagePickRate"":0,""avgRanking"":99999}"
115,39,1,18.72,4.41,"{""stagePickRate"":18.72,""avgRanking"":4.41}"
116,39,2,0,99999,"{""stagePickRate"":0,""avgRanking"":99999}"
117,39,3,0,99999,"{""stagePickRate"":0,""avgRanking"":99999}"
118,40,1,0,99999,"{""stagePickRate"":0,""avgRanking"":99999}"
119,40,2,18.31,4.69,"{""stagePickRate"":18.31,""avgRanking"":4.69}"
120,40,3,0,99999,"{""stagePickRate"":0,""avgRanking"":99999}"
121,41,1,0,99999,"{""stagePickRate"":0,""avgRanking"":99999}"
122,41,2,0,99999,"{""stagePickRate"":0,""avgRanking"":99999}"
123,41,3,18.54,4.47,"{""stagePickRate"":18.54,""avgRanking"":4.47}"
124,42,1,0,99999,"{""stagePickRate"":0,""avgRanking"":99999}"
125,42,2,5.14,4.56,"{""stagePickRate"":5.14,""avgRanking"":4.56}"
126,42,3,12.64,4.29,"{""stagePickRate"":12.64,""avgRanking"":4.29}"
127,43,1,3.97,4.94,"{""stagePickRate"":3.97,""avgRanking"":4.94}"
128,43,2,13.1,4.39,"{""stagePickRate"":13.1,""avgRanking"":4.39}"
129,43,3,0,99999,"{""stagePickRate"":0,""avgRanking"":99999}"
130,44,1,17.43,4.59,"{""stagePickRate"":17.43,""avgRanking"":4.59}"
131,44,2,0,99999,"{""stagePickRate"":0,""avgRanking"":99999}"
132,44,3,0,99999,"{""stagePickRate"":0,""avgRanking"":99999}"
133,45,1,0,99999,"{""stagePickRate"":0,""avgRanking"":99999}"
134,45,2,17.39,4.41,"{""stagePickRate"":17.39,""avgRanking"":4.41}"
135,45,3,0,99999,"{""stagePickRate"":0,""avgRanking"":99999}"
136,46,1,0,99999,"{""stagePickRate"":0,""avgRanking"":99999}"
137,46,2,0,99999,"{""stagePickRate"":0,""avgRanking"":99999}"
138,46,3,17.33,4.46,"{""stagePickRate"":17.33,""avgRanking"":4.46}"
139,47,1,15.62,4.63,"{""stagePickRate"":15.62,""avgRanking"":4.63}"
140,47,2,0,99999,"{""stagePickRate"":0,""avgRanking"":99999}"
141,47,3,0,99999,"{""stagePickRate"":0,""avgRanking"":99999}"
142,48,1,0,99999,"{""stagePickRate"":0,""avgRanking"":99999}"
143,48,2,15.75,4.6,"{""stagePickRate"":15.75,""avgRanking"":4.6}"
144,48,3,0,99999,"{""stagePickRate"":0,""avgRanking"":99999}"
145,49,1,5.33,4.44,"{""stagePickRate"":5.33,""avgRanking"":4.44}"
146,49,2,4.52,4.19,"{""stagePickRate"":4.52,""avgRanking"":4.19}"
147,49,3,6.22,4.28,"{""stagePickRate"":6.22,""avgRanking"":4.28}"
148,50,1,0,99999,"{""stagePickRate"":0,""avgRanking"":99999}"
149,50,2,0,99999,"{""stagePickRate"":0,""avgRanking"":99999}"
150,50,3,15.89,4.76,"{""stagePickRate"":15.89,""avgRanking"":4.76}"
151,51,1,15.5,4.09,"{""stagePickRate"":15.5,""avgRanking"":4.09}"
152,51,2,0,99999,"{""stagePickRate"":0,""avgRanking"":99999}"
153,51,3,0,99999,"{""stagePickRate"":0,""avgRanking"":99999}"
154,52,1,0,99999,"{""stagePickRate"":0,""avgRanking"":99999}"
155,52,2,7.62,4.45,"{""stagePickRate"":7.62,""avgRanking"":4.45}"
156,52,3,7.87,4.69,"{""stagePickRate"":7.87,""avgRanking"":4.69}"
157,53,1,13.66,5.09,"{""stagePickRate"":13.66,""avgRanking"":5.09}"
158,53,2,0,99999,"{""stagePickRate"":0,""avgRanking"":99999}"
159,53,3,0,99999,"{""stagePickRate"":0,""avgRanking"":99999}"
160,54,1,8.95,4.22,"{""stagePickRate"":8.95,""avgRanking"":4.22}"
161,54,2,5.97,4.17,"{""stagePickRate"":5.97,""avgRanking"":4.17}"
162,54,3,0,99999,"{""stagePickRate"":0,""avgRanking"":99999}"
163,55,1,13.45,4.56,"{""stagePickRate"":13.45,""avgRanking"":4.56}"
164,55,2,0,99999,"{""stagePickRate"":0,""avgRanking"":99999}"
165,55,3,0,99999,"{""stagePickRate"":0,""avgRanking"":99999}"
166,56,1,0,99999,"{""stagePickRate"":0,""avgRanking"":99999}"
167,56,2,13.89,4.61,"{""stagePickRate"":13.89,""avgRanking"":4.61}"
168,56,3,0,99999,"{""stagePickRate"":0,""avgRanking"":99999}"
169,57,1,12.68,4.24,"{""stagePickRate"":12.68,""avgRanking"":4.24}"
170,57,2,1.47,3.97,"{""stagePickRate"":1.47,""avgRanking"":3.97}"
171,57,3,0,99999,"{""stagePickRate"":0,""avgRanking"":99999}"
172,58,1,5.45,4.69,"{""stagePickRate"":5.45,""avgRanking"":4.69}"
173,58,2,3,4.58,"{""stagePickRate"":3,""avgRanking"":4.58}"
174,58,3,5.95,4.31,"{""stagePickRate"":5.95,""avgRanking"":4.31}"
175,59,1,0,99999,"{""stagePickRate"":0,""avgRanking"":99999}"
176,59,2,11.79,4.54,"{""stagePickRate"":11.79,""avgRanking"":4.54}"
177,59,3,2.6,4.42,"{""stagePickRate"":2.6,""avgRanking"":4.42}"
178,60,1,4.6,4.29,"{""stagePickRate"":4.6,""avgRanking"":4.29}"
179,60,2,7.79,4.26,"{""stagePickRate"":7.79,""avgRanking"":4.26}"
180,60,3,1.6,4.63,"{""stagePickRate"":1.6,""avgRanking"":4.63}"
181,61,1,0,99999,"{""stagePickRate"":0,""avgRanking"":99999}"
182,61,2,13.22,4.59,"{""stagePickRate"":13.22,""avgRanking"":4.59}"
183,61,3,0,99999,"{""stagePickRate"":0,""avgRanking"":99999}"
184,62,1,0,99999,"{""stagePickRate"":0,""avgRanking"":99999}"
185,62,2,13.95,4.31,"{""stagePickRate"":13.95,""avgRanking"":4.31}"
186,62,3,0,99999,"{""stagePickRate"":0,""avgRanking"":99999}"
187,63,1,0,99999,"{""stagePickRate"":0,""avgRanking"":99999}"
188,63,2,9.81,4.55,"{""stagePickRate"":9.81,""avgRanking"":4.55}"
189,63,3,4.08,4.23,"{""stagePickRate"":4.08,""avgRanking"":4.23}"
190,64,1,0,99999,"{""stagePickRate"":0,""avgRanking"":99999}"
191,64,2,0,99999,"{""stagePickRate"":0,""avgRanking"":99999}"
192,64,3,13.77,4.23,"{""stagePickRate"":13.77,""avgRanking"":4.23}"
193,65,1,0,99999,"{""stagePickRate"":0,""avgRanking"":99999}"
194,65,2,12.7,4.42,"{""stagePickRate"":12.7,""avgRanking"":4.42}"
195,65,3,0,99999,"{""stagePickRate"":0,""avgRanking"":99999}"
196,66,1,4.45,4.54,"{""stagePickRate"":4.45,""avgRanking"":4.54}"
197,66,2,6.77,4.55,"{""stagePickRate"":6.77,""avgRanking"":4.55}"
198,66,3,2.16,4.34,"{""stagePickRate"":2.16,""avgRanking"":4.34}"
199,67,1,13.33,4.42,"{""stagePickRate"":13.33,""avgRanking"":4.42}"
200,67,2,0,99999,"{""stagePickRate"":0,""avgRanking"":99999}"
201,67,3,0,99999,"{""stagePickRate"":0,""avgRanking"":99999}"
202,68,1,13.22,4.42,"{""stagePickRate"":13.22,""avgRanking"":4.42}"
203,68,2,0,99999,"{""stagePickRate"":0,""avgRanking"":99999}"
204,68,3,0,99999,"{""stagePickRate"":0,""avgRanking"":99999}"
205,69,1,13.14,4.36,"{""stagePickRate"":13.14,""avgRanking"":4.36}"
206,69,2,0,99999,"{""stagePickRate"":0,""avgRanking"":99999}"
207,69,3,0,99999,"{""stagePickRate"":0,""avgRanking"":99999}"
208,70,1,0,99999,"{""stagePickRate"":0,""avgRanking"":99999}"
209,70,2,13.04,4.79,"{""stagePickRate"":13.04,""avgRanking"":4.79}"
210,70,3,0,99999,"{""stagePickRate"":0,""avgRanking"":99999}"
211,71,1,2.45,4.14,"{""stagePickRate"":2.45,""avgRanking"":4.14}"
212,71,2,7.81,4.15,"{""stagePickRate"":7.81,""avgRanking"":4.15}"
213,71,3,2.6,4.34,"{""stagePickRate"":2.6,""avgRanking"":4.34}"
214,72,1,12.6,4.43,"{""stagePickRate"":12.6,""avgRanking"":4.43}"
215,72,2,0,99999,"{""stagePickRate"":0,""avgRanking"":99999}"
216,72,3,0,99999,"{""stagePickRate"":0,""avgRanking"":99999}"
217,73,1,11.04,4.69,"{""stagePickRate"":11.04,""avgRanking"":4.69}"
218,73,2,0,99999,"{""stagePickRate"":0,""avgRanking"":99999}"
219,73,3,0,99999,"{""stagePickRate"":0,""avgRanking"":99999}"
220,74,1,6.54,4.28,"{""stagePickRate"":6.54,""avgRanking"":4.28}"
221,74,2,5.43,4.33,"{""stagePickRate"":5.43,""avgRanking"":4.33}"
222,74,3,0,99999,"{""stagePickRate"":0,""avgRanking"":99999}"
223,75,1,11.43,4.35,"{""stagePickRate"":11.43,""avgRanking"":4.35}"
224,75,2,0,99999,"{""stagePickRate"":0,""avgRanking"":99999}"
225,75,3,0,99999,"{""stagePickRate"":0,""avgRanking"":99999}"
226,76,1,0,99999,"{""stagePickRate"":0,""avgRanking"":99999}"
227,76,2,9.54,4.54,"{""stagePickRate"":9.54,""avgRanking"":4.54}"
228,76,3,2.54,4.86,"{""stagePickRate"":2.54,""avgRanking"":4.86}"
229,77,1,10.85,4.67,"{""stagePickRate"":10.85,""avgRanking"":4.67}"
230,77,2,0,99999,"{""stagePickRate"":0,""avgRanking"":99999}"
231,77,3,0,99999,"{""stagePickRate"":0,""avgRanking"":99999}"
232,78,1,6.02,4.56,"{""stagePickRate"":6.02,""avgRanking"":4.56}"
233,78,2,5.14,4.36,"{""stagePickRate"":5.14,""avgRanking"":4.36}"
234,78,3,0,99999,"{""stagePickRate"":0,""avgRanking"":99999}"
235,79,1,6.89,4.19,"{""stagePickRate"":6.89,""avgRanking"":4.19}"
236,79,2,4.35,4.31,"{""stagePickRate"":4.35,""avgRanking"":4.31}"
237,79,3,0,99999,"{""stagePickRate"":0,""avgRanking"":99999}"
238,80,1,10.6,4.01,"{""stagePickRate"":10.6,""avgRanking"":4.01}"
239,80,2,0,99999,"{""stagePickRate"":0,""avgRanking"":99999}"
240,80,3,0,99999,"{""stagePickRate"":0,""avgRanking"":99999}"
241,81,1,0,99999,"{""stagePickRate"":0,""avgRanking"":99999}"
242,81,2,3.91,4.55,"{""stagePickRate"":3.91,""avgRanking"":4.55}"
243,81,3,7.66,4.26,"{""stagePickRate"":7.66,""avgRanking"":4.26}"
244,82,1,3.33,4.35,"{""stagePickRate"":3.33,""avgRanking"":4.35}"
245,82,2,7.87,4.45,"{""stagePickRate"":7.87,""avgRanking"":4.45}"
246,82,3,0,99999,"{""stagePickRate"":0,""avgRanking"":99999}"
247,83,1,0,99999,"{""stagePickRate"":0,""avgRanking"":99999}"
248,83,2,8.06,4.01,"{""stagePickRate"":8.06,""avgRanking"":4.01}"
249,83,3,3.45,4.16,"{""stagePickRate"":3.45,""avgRanking"":4.16}"
250,84,1,10.33,4.02,"{""stagePickRate"":10.33,""avgRanking"":4.02}"
251,84,2,0,99999,"{""stagePickRate"":0,""avgRanking"":99999}"
252,84,3,0,99999,"{""stagePickRate"":0,""avgRanking"":99999}"
253,85,1,0,99999,"{""stagePickRate"":0,""avgRanking"":99999}"
254,85,2,4.75,4.6,"{""stagePickRate"":4.75,""avgRanking"":4.6}"
255,85,3,6.68,4.38,"{""stagePickRate"":6.68,""avgRanking"":4.38}"
256,86,1,9.43,4.43,"{""stagePickRate"":9.43,""avgRanking"":4.43}"
257,86,2,1.33,3.96,"{""stagePickRate"":1.33,""avgRanking"":3.96}"
258,86,3,0,99999,"{""stagePickRate"":0,""avgRanking"":99999}"
259,87,1,3.33,4.31,"{""stagePickRate"":3.33,""avgRanking"":4.31}"
260,87,2,3.75,4.51,"{""stagePickRate"":3.75,""avgRanking"":4.51}"
261,87,3,4.29,4.74,"{""stagePickRate"":4.29,""avgRanking"":4.74}"
262,88,1,3.45,4.6,"{""stagePickRate"":3.45,""avgRanking"":4.6}"
263,88,2,3.18,4.01,"{""stagePickRate"":3.18,""avgRanking"":4.01}"
264,88,3,4.7,4.32,"{""stagePickRate"":4.7,""avgRanking"":4.32}"
265,89,1,3.35,4.44,"{""stagePickRate"":3.35,""avgRanking"":4.44}"
266,89,2,6.08,4.7,"{""stagePickRate"":6.08,""avgRanking"":4.7}"
267,89,3,1.77,4.35,"{""stagePickRate"":1.77,""avgRanking"":4.35}"
268,90,1,0,99999,"{""stagePickRate"":0,""avgRanking"":99999}"
269,90,2,10.41,4.41,"{""stagePickRate"":10.41,""avgRanking"":4.41}"
270,90,3,0,99999,"{""stagePickRate"":0,""avgRanking"":99999}"
271,91,1,5.08,4.33,"{""stagePickRate"":5.08,""avgRanking"":4.33}"
272,91,2,5.08,4.5,"{""stagePickRate"":5.08,""avgRanking"":4.5}"
273,91,3,0,99999,"{""stagePickRate"":0,""avgRanking"":99999}"
274,92,1,10.2,4.1,"{""stagePickRate"":10.2,""avgRanking"":4.1}"
275,92,2,0,99999,"{""stagePickRate"":0,""avgRanking"":99999}"
276,92,3,0,99999,"{""stagePickRate"":0,""avgRanking"":99999}"
277,93,1,10.62,4.21,"{""stagePickRate"":10.62,""avgRanking"":4.21}"
278,93,2,0,99999,"{""stagePickRate"":0,""avgRanking"":99999}"
279,93,3,0,99999,"{""stagePickRate"":0,""avgRanking"":99999}"
280,94,1,0,99999,"{""stagePickRate"":0,""avgRanking"":99999}"
281,94,2,0,99999,"{""stagePickRate"":0,""avgRanking"":99999}"
282,94,3,10.56,4.56,"{""stagePickRate"":10.56,""avgRanking"":4.56}"
283,95,1,0,99999,"{""stagePickRate"":0,""avgRanking"":99999}"
284,95,2,10.2,4.32,"{""stagePickRate"":10.2,""avgRanking"":4.32}"
285,95,3,0,99999,"{""stagePickRate"":0,""avgRanking"":99999}"
286,96,1,0,99999,"{""stagePickRate"":0,""avgRanking"":99999}"
287,96,2,9.64,4.87,"{""stagePickRate"":9.64,""avgRanking"":4.87}"
288,96,3,0,99999,"{""stagePickRate"":0,""avgRanking"":99999}"
289,97,1,0,99999,"{""stagePickRate"":0,""avgRanking"":99999}"
290,97,2,4.95,4.92,"{""stagePickRate"":4.95,""avgRanking"":4.92}"
291,97,3,5,4.72,"{""stagePickRate"":5,""avgRanking"":4.72}"
292,98,1,0,99999,"{""stagePickRate"":0,""avgRanking"":99999}"
293,98,2,9.22,4.34,"{""stagePickRate"":9.22,""avgRanking"":4.34}"
294,98,3,0,99999,"{""stagePickRate"":0,""avgRanking"":99999}"
295,99,1,0,99999,"{""stagePickRate"":0,""avgRanking"":99999}"
296,99,2,7.12,4.69,"{""stagePickRate"":7.12,""avgRanking"":4.69}"
297,99,3,2.77,4.15,"{""stagePickRate"":2.77,""avgRanking"":4.15}"
298,100,1,0,99999,"{""stagePickRate"":0,""avgRanking"":99999}"
299,100,2,0,99999,"{""stagePickRate"":0,""avgRanking"":99999}"
300,100,3,9.87,4.48,"{""stagePickRate"":9.87,""avgRanking"":4.48}"
301,101,1,9.77,4.58,"{""stagePickRate"":9.77,""avgRanking"":4.58}"
302,101,2,0,99999,"{""stagePickRate"":0,""avgRanking"":99999}"
303,101,3,0,99999,"{""stagePickRate"":0,""avgRanking"":99999}"
304,102,1,0,99999,"{""stagePickRate"":0,""avgRanking"":99999}"
305,102,2,9.12,4.4,"{""stagePickRate"":9.12,""avgRanking"":4.4}"
306,102,3,0,99999,"{""stagePickRate"":0,""avgRanking"":99999}"
307,103,1,9.37,4.39,"{""stagePickRate"":9.37,""avgRanking"":4.39}"
308,103,2,0,99999,"{""stagePickRate"":0,""avgRanking"":99999}"
309,103,3,0,99999,"{""stagePickRate"":0,""avgRanking"":99999}"
310,104,1,9.12,4.98,"{""stagePickRate"":9.12,""avgRanking"":4.98}"
311,104,2,0,99999,"{""stagePickRate"":0,""avgRanking"":99999}"
312,104,3,0,99999,"{""stagePickRate"":0,""avgRanking"":99999}"
313,105,1,0,99999,"{""stagePickRate"":0,""avgRanking"":99999}"
314,105,2,9.12,4.47,"{""stagePickRate"":9.12,""avgRanking"":4.47}"
315,105,3,0,99999,"{""stagePickRate"":0,""avgRanking"":99999}"
316,106,1,9.1,4.51,"{""stagePickRate"":9.1,""avgRanking"":4.51}"
317,106,2,0,99999,"{""stagePickRate"":0,""avgRanking"":99999}"
318,106,3,0,99999,"{""stagePickRate"":0,""avgRanking"":99999}"
319,107,1,0,99999,"{""stagePickRate"":0,""avgRanking"":99999}"
320,107,2,3.7,4.24,"{""stagePickRate"":3.7,""avgRanking"":4.24}"
321,107,3,5.37,4.6,"{""stagePickRate"":5.37,""avgRanking"":4.6}"
322,108,1,0,99999,"{""stagePickRate"":0,""avgRanking"":99999}"
323,108,2,8.66,4.57,"{""stagePickRate"":8.66,""avgRanking"":4.57}"
324,108,3,0,99999,"{""stagePickRate"":0,""avgRanking"":99999}"
325,109,1,2.45,4.86,"{""stagePickRate"":2.45,""avgRanking"":4.86}"
326,109,2,5.12,4.92,"{""stagePickRate"":5.12,""avgRanking"":4.92}"
327,109,3,1.12,4.55,"{""stagePickRate"":1.12,""avgRanking"":4.55}"
328,110,1,1.43,5.08,"{""stagePickRate"":1.43,""avgRanking"":5.08}"
329,110,2,2.41,4.18,"{""stagePickRate"":2.41,""avgRanking"":4.18}"
330,110,3,4.79,4.35,"{""stagePickRate"":4.79,""avgRanking"":4.35}"
331,111,1,7.93,4.66,"{""stagePickRate"":7.93,""avgRanking"":4.66}"
332,111,2,0,99999,"{""stagePickRate"":0,""avgRanking"":99999}"
333,111,3,0,99999,"{""stagePickRate"":0,""avgRanking"":99999}"
334,112,1,0,99999,"{""stagePickRate"":0,""avgRanking"":99999}"
335,112,2,2.39,4.75,"{""stagePickRate"":2.39,""avgRanking"":4.75}"
336,112,3,5.91,4.72,"{""stagePickRate"":5.91,""avgRanking"":4.72}"
337,113,1,8.16,4.3,"{""stagePickRate"":8.16,""avgRanking"":4.3}"
338,113,2,0,99999,"{""stagePickRate"":0,""avgRanking"":99999}"
339,113,3,0,99999,"{""stagePickRate"":0,""avgRanking"":99999}"
340,114,1,7.45,4.21,"{""stagePickRate"":7.45,""avgRanking"":4.21}"
341,114,2,0,99999,"{""stagePickRate"":0,""avgRanking"":99999}"
342,114,3,0,99999,"{""stagePickRate"":0,""avgRanking"":99999}"
343,115,1,8.06,3.49,"{""stagePickRate"":8.06,""avgRanking"":3.49}"
344,115,2,0,99999,"{""stagePickRate"":0,""avgRanking"":99999}"
345,115,3,0,99999,"{""stagePickRate"":0,""avgRanking"":99999}"
346,116,1,0,99999,"{""stagePickRate"":0,""avgRanking"":99999}"
347,116,2,4.75,4.05,"{""stagePickRate"":4.75,""avgRanking"":4.05}"
348,116,3,3.2,4.42,"{""stagePickRate"":3.2,""avgRanking"":4.42}"
349,117,1,1.54,4.52,"{""stagePickRate"":1.54,""avgRanking"":4.52}"
350,117,2,4.72,4.65,"{""stagePickRate"":4.72,""avgRanking"":4.65}"
351,117,3,1.43,4.76,"{""stagePickRate"":1.43,""avgRanking"":4.76}"
352,118,1,7.12,4.63,"{""stagePickRate"":7.12,""avgRanking"":4.63}"
353,118,2,0,99999,"{""stagePickRate"":0,""avgRanking"":99999}"
354,118,3,0,99999,"{""stagePickRate"":0,""avgRanking"":99999}"
355,119,1,0,99999,"{""stagePickRate"":0,""avgRanking"":99999}"
356,119,2,0,99999,"{""stagePickRate"":0,""avgRanking"":99999}"
357,119,3,7.5,4.45,"{""stagePickRate"":7.5,""avgRanking"":4.45}"
358,120,1,0,99999,"{""stagePickRate"":0,""avgRanking"":99999}"
359,120,2,0,99999,"{""stagePickRate"":0,""avgRanking"":99999}"
360,120,3,7.5,4.45,"{""stagePickRate"":7.5,""avgRanking"":4.45}"
361,121,1,0,99999,"{""stagePickRate"":0,""avgRanking"":99999}"
362,121,2,7.18,4.46,"{""stagePickRate"":7.18,""avgRanking"":4.46}"
363,121,3,0,99999,"{""stagePickRate"":0,""avgRanking"":99999}"
364,122,1,0,99999,"{""stagePickRate"":0,""avgRanking"":99999}"
365,122,2,1.77,4.57,"{""stagePickRate"":1.77,""avgRanking"":4.57}"
366,122,3,5.39,4.42,"{""stagePickRate"":5.39,""avgRanking"":4.42}"
367,123,1,7.1,4.55,"{""stagePickRate"":7.1,""avgRanking"":4.55}"
368,123,2,0,99999,"{""stagePickRate"":0,""avgRanking"":99999}"
369,123,3,0,99999,"{""stagePickRate"":0,""avgRanking"":99999}"
370,124,1,7.12,3.9,"{""stagePickRate"":7.12,""avgRanking"":3.9}"
371,124,2,0,99999,"{""stagePickRate"":0,""avgRanking"":99999}"
372,124,3,0,99999,"{""stagePickRate"":0,""avgRanking"":99999}"
373,125,1,0,99999,"{""stagePickRate"":0,""avgRanking"":99999}"
374,125,2,1.87,4.36,"{""stagePickRate"":1.87,""avgRanking"":4.36}"
375,125,3,5.16,4.48,"{""stagePickRate"":5.16,""avgRanking"":4.48}"
376,126,1,3.93,4.13,"{""stagePickRate"":3.93,""avgRanking"":4.13}"
377,126,2,2.81,4.49,"{""stagePickRate"":2.81,""avgRanking"":4.49}"
378,126,3,0,99999,"{""stagePickRate"":0,""avgRanking"":99999}"
379,127,1,0,99999,"{""stagePickRate"":0,""avgRanking"":99999}"
380,127,2,5.43,4.36,"{""stagePickRate"":5.43,""avgRanking"":4.36}"
381,127,3,1.54,4.41,"{""stagePickRate"":1.54,""avgRanking"":4.41}"
382,128,1,0,99999,"{""stagePickRate"":0,""avgRanking"":99999}"
383,128,2,3.75,4.4,"{""stagePickRate"":3.75,""avgRanking"":4.4}"
384,128,3,3.2,4.96,"{""stagePickRate"":3.2,""avgRanking"":4.96}"
385,129,1,1.29,3.88,"{""stagePickRate"":1.29,""avgRanking"":3.88}"
386,129,2,4.14,4.42,"{""stagePickRate"":4.14,""avgRanking"":4.42}"
387,129,3,1.47,4.52,"{""stagePickRate"":1.47,""avgRanking"":4.52}"
388,130,1,0,99999,"{""stagePickRate"":0,""avgRanking"":99999}"
389,130,2,0,99999,"{""stagePickRate"":0,""avgRanking"":99999}"
390,130,3,6.79,4.19,"{""stagePickRate"":6.79,""avgRanking"":4.19}"
391,131,1,6.85,4.48,"{""stagePickRate"":6.85,""avgRanking"":4.48}"
392,131,2,0,99999,"{""stagePickRate"":0,""avgRanking"":99999}"
393,131,3,0,99999,"{""stagePickRate"":0,""avgRanking"":99999}"
394,132,1,6.6,4.75,"{""stagePickRate"":6.6,""avgRanking"":4.75}"
395,132,2,0,99999,"{""stagePickRate"":0,""avgRanking"":99999}"
396,132,3,0,99999,"{""stagePickRate"":0,""avgRanking"":99999}"
397,133,1,0,99999,"{""stagePickRate"":0,""avgRanking"":99999}"
398,133,2,3.39,4.79,"{""stagePickRate"":3.39,""avgRanking"":4.79}"
399,133,3,3.35,4.8,"{""stagePickRate"":3.35,""avgRanking"":4.8}"
400,134,1,0,99999,"{""stagePickRate"":0,""avgRanking"":99999}"
401,134,2,6.47,4.14,"{""stagePickRate"":6.47,""avgRanking"":4.14}"
402,134,3,0,99999,"{""stagePickRate"":0,""avgRanking"":99999}"
403,135,1,0,99999,"{""stagePickRate"":0,""avgRanking"":99999}"
404,135,2,2.7,4.95,"{""stagePickRate"":2.7,""avgRanking"":4.95}"
405,135,3,4,4.54,"{""stagePickRate"":4,""avgRanking"":4.54}"
406,136,1,0,99999,"{""stagePickRate"":0,""avgRanking"":99999}"
407,136,2,6.14,4.16,"{""stagePickRate"":6.14,""avgRanking"":4.16}"
408,136,3,0,99999,"{""stagePickRate"":0,""avgRanking"":99999}"
409,137,1,0,99999,"{""stagePickRate"":0,""avgRanking"":99999}"
410,137,2,3.54,4.75,"{""stagePickRate"":3.54,""avgRanking"":4.75}"
411,137,3,2.95,4.76,"{""stagePickRate"":2.95,""avgRanking"":4.76}"
412,138,1,5.85,4.07,"{""stagePickRate"":5.85,""avgRanking"":4.07}"
413,138,2,0,99999,"{""stagePickRate"":0,""avgRanking"":99999}"
414,138,3,0,99999,"{""stagePickRate"":0,""avgRanking"":99999}"
415,139,1,3.72,4.67,"{""stagePickRate"":3.72,""avgRanking"":4.67}"
416,139,2,2.41,4.19,"{""stagePickRate"":2.41,""avgRanking"":4.19}"
417,139,3,0,99999,"{""stagePickRate"":0,""avgRanking"":99999}"
418,140,1,6.39,4.35,"{""stagePickRate"":6.39,""avgRanking"":4.35}"
419,140,2,0,99999,"{""stagePickRate"":0,""avgRanking"":99999}"
420,140,3,0,99999,"{""stagePickRate"":0,""avgRanking"":99999}"
421,141,1,2.95,5.12,"{""stagePickRate"":2.95,""avgRanking"":5.12}"
422,141,2,3.12,5.34,"{""stagePickRate"":3.12,""avgRanking"":5.34}"
423,141,3,0,99999,"{""stagePickRate"":0,""avgRanking"":99999}"
424,142,1,0,99999,"{""stagePickRate"":0,""avgRanking"":99999}"
425,142,2,2.39,4.36,"{""stagePickRate"":2.39,""avgRanking"":4.36}"
426,142,3,3.97,4.7,"{""stagePickRate"":3.97,""avgRanking"":4.7}"
427,143,1,5.87,3.73,"{""stagePickRate"":5.87,""avgRanking"":3.73}"
428,143,2,0,99999,"{""stagePickRate"":0,""avgRanking"":99999}"
429,143,3,0,99999,"{""stagePickRate"":0,""avgRanking"":99999}"
430,144,1,5.27,4.96,"{""stagePickRate"":5.27,""avgRanking"":4.96}"
431,144,2,0,99999,"{""stagePickRate"":0,""avgRanking"":99999}"
432,144,3,0,99999,"{""stagePickRate"":0,""avgRanking"":99999}"
433,145,1,1.87,4.09,"{""stagePickRate"":1.87,""avgRanking"":4.09}"
434,145,2,3.62,4.14,"{""stagePickRate"":3.62,""avgRanking"":4.14}"
435,145,3,0,99999,"{""stagePickRate"":0,""avgRanking"":99999}"
436,146,1,0,99999,"{""stagePickRate"":0,""avgRanking"":99999}"
437,146,2,5.68,4.61,"{""stagePickRate"":5.68,""avgRanking"":4.61}"
438,146,3,0,99999,"{""stagePickRate"":0,""avgRanking"":99999}"
439,147,1,0,99999,"{""stagePickRate"":0,""avgRanking"":99999}"
440,147,2,3.5,4.53,"{""stagePickRate"":3.5,""avgRanking"":4.53}"
441,147,3,2.22,5,"{""stagePickRate"":2.22,""avgRanking"":5}"
442,148,1,5.64,4.35,"{""stagePickRate"":5.64,""avgRanking"":4.35}"
443,148,2,0,99999,"{""stagePickRate"":0,""avgRanking"":99999}"
444,148,3,0,99999,"{""stagePickRate"":0,""avgRanking"":99999}"
445,149,1,5.02,4.76,"{""stagePickRate"":5.02,""avgRanking"":4.76}"
446,149,2,0,99999,"{""stagePickRate"":0,""avgRanking"":99999}"
447,149,3,0,99999,"{""stagePickRate"":0,""avgRanking"":99999}"
448,150,1,0,99999,"{""stagePickRate"":0,""avgRanking"":99999}"
449,150,2,5.02,5.02,"{""stagePickRate"":5.02,""avgRanking"":5.02}"
450,150,3,0,99999,"{""stagePickRate"":0,""avgRanking"":99999}"
451,151,1,5.14,5.09,"{""stagePickRate"":5.14,""avgRanking"":5.09}"
452,151,2,0,99999,"{""stagePickRate"":0,""avgRanking"":99999}"
453,151,3,0,99999,"{""stagePickRate"":0,""avgRanking"":99999}"
454,152,1,5.31,4.35,"{""stagePickRate"":5.31,""avgRanking"":4.35}"
455,152,2,0,99999,"{""stagePickRate"":0,""avgRanking"":99999}"
456,152,3,0,99999,"{""stagePickRate"":0,""avgRanking"":99999}"
457,153,1,0,99999,"{""stagePickRate"":0,""avgRanking"":99999}"
458,153,2,1.52,4.68,"{""stagePickRate"":1.52,""avgRanking"":4.68}"
459,153,3,3.6,4.88,"{""stagePickRate"":3.6,""avgRanking"":4.88}"
460,154,1,0,99999,"{""stagePickRate"":0,""avgRanking"":99999}"
461,154,2,5.02,4.77,"{""stagePickRate"":5.02,""avgRanking"":4.77}"
462,154,3,0,99999,"{""stagePickRate"":0,""avgRanking"":99999}"
463,155,1,0,99999,"{""stagePickRate"":0,""avgRanking"":99999}"
464,155,2,1.43,5.15,"{""stagePickRate"":1.43,""avgRanking"":5.15}"
465,155,3,3.54,4.39,"{""stagePickRate"":3.54,""avgRanking"":4.39}"
466,156,1,4.95,4.02,"{""stagePickRate"":4.95,""avgRanking"":4.02}"
467,156,2,0,99999,"{""stagePickRate"":0,""avgRanking"":99999}"
468,156,3,0,99999,"{""stagePickRate"":0,""avgRanking"":99999}"
469,157,1,0,99999,"{""stagePickRate"":0,""avgRanking"":99999}"
470,157,2,2.43,4.72,"{""stagePickRate"":2.43,""avgRanking"":4.72}"
471,157,3,2.47,4.64,"{""stagePickRate"":2.47,""avgRanking"":4.64}"
472,158,1,4.27,4.65,"{""stagePickRate"":4.27,""avgRanking"":4.65}"
473,158,2,0,99999,"{""stagePickRate"":0,""avgRanking"":99999}"
474,158,3,0,99999,"{""stagePickRate"":0,""avgRanking"":99999}"
475,159,1,0,99999,"{""stagePickRate"":0,""avgRanking"":99999}"
476,159,2,1.43,4.24,"{""stagePickRate"":1.43,""avgRanking"":4.24}"
477,159,3,3.35,4.22,"{""stagePickRate"":3.35,""avgRanking"":4.22}"
478,160,1,4.72,4.51,"{""stagePickRate"":4.72,""avgRanking"":4.51}"
479,160,2,0,99999,"{""stagePickRate"":0,""avgRanking"":99999}"
480,160,3,0,99999,"{""stagePickRate"":0,""avgRanking"":99999}"
481,161,1,4.5,4.06,"{""stagePickRate"":4.5,""avgRanking"":4.06}"
482,161,2,0,99999,"{""stagePickRate"":0,""avgRanking"":99999}"
483,161,3,0,99999,"{""stagePickRate"":0,""avgRanking"":99999}"
484,162,1,3.83,4.62,"{""stagePickRate"":3.83,""avgRanking"":4.62}"
485,162,2,0.58,4.35,"{""stagePickRate"":0.58,""avgRanking"":4.35}"
486,162,3,0,99999,"{""stagePickRate"":0,""avgRanking"":99999}"
487,163,1,0,99999,"{""stagePickRate"":0,""avgRanking"":99999}"
488,163,2,0,99999,"{""stagePickRate"":0,""avgRanking"":99999}"
489,163,3,4.43,4.62,"{""stagePickRate"":4.43,""avgRanking"":4.62}"
490,164,1,0.66,4.71,"{""stagePickRate"":0.66,""avgRanking"":4.71}"
491,164,2,3.64,4.14,"{""stagePickRate"":3.64,""avgRanking"":4.14}"
492,164,3,0,99999,"{""stagePickRate"":0,""avgRanking"":99999}"
493,165,1,0,99999,"{""stagePickRate"":0,""avgRanking"":99999}"
494,165,2,1.39,4.44,"{""stagePickRate"":1.39,""avgRanking"":4.44}"
495,165,3,3,4.46,"{""stagePickRate"":3,""avgRanking"":4.46}"
496,166,1,4.27,4.72,"{""stagePickRate"":4.27,""avgRanking"":4.72}"
497,166,2,0,99999,"{""stagePickRate"":0,""avgRanking"":99999}"
498,166,3,0,99999,"{""stagePickRate"":0,""avgRanking"":99999}"
499,167,1,3.5,4.55,"{""stagePickRate"":3.5,""avgRanking"":4.55}"
500,167,2,0.5,4.04,"{""stagePickRate"":0.5,""avgRanking"":4.04}"
501,167,3,0,99999,"{""stagePickRate"":0,""avgRanking"":99999}"
502,168,1,3.83,4.38,"{""stagePickRate"":3.83,""avgRanking"":4.38}"
503,168,2,0,99999,"{""stagePickRate"":0,""avgRanking"":99999}"
504,168,3,0,99999,"{""stagePickRate"":0,""avgRanking"":99999}"
505,169,1,1.95,4.41,"{""stagePickRate"":1.95,""avgRanking"":4.41}"
506,169,2,2.02,4.43,"{""stagePickRate"":2.02,""avgRanking"":4.43}"
507,169,3,0,99999,"{""stagePickRate"":0,""avgRanking"":99999}"
508,170,1,3.41,4.54,"{""stagePickRate"":3.41,""avgRanking"":4.54}"
509,170,2,0.54,4.34,"{""stagePickRate"":0.54,""avgRanking"":4.34}"
510,170,3,0,99999,"{""stagePickRate"":0,""avgRanking"":99999}"
511,171,1,3.6,4.69,"{""stagePickRate"":3.6,""avgRanking"":4.69}"
512,171,2,0,99999,"{""stagePickRate"":0,""avgRanking"":99999}"
513,171,3,0,99999,"{""stagePickRate"":0,""avgRanking"":99999}"
514,172,1,0,99999,"{""stagePickRate"":0,""avgRanking"":99999}"
515,172,2,1.02,4.91,"{""stagePickRate"":1.02,""avgRanking"":4.91}"
516,172,3,3.02,5.14,"{""stagePickRate"":3.02,""avgRanking"":5.14}"
517,173,1,4,4.59,"{""stagePickRate"":4,""avgRanking"":4.59}"
518,173,2,0,99999,"{""stagePickRate"":0,""avgRanking"":99999}"
519,173,3,0,99999,"{""stagePickRate"":0,""avgRanking"":99999}"
520,174,1,0,99999,"{""stagePickRate"":0,""avgRanking"":99999}"
521,174,2,2.72,4.12,"{""stagePickRate"":2.72,""avgRanking"":4.12}"
522,174,3,1.27,4.45,"{""stagePickRate"":1.27,""avgRanking"":4.45}"
523,175,1,3.37,4.44,"{""stagePickRate"":3.37,""avgRanking"":4.44}"
524,175,2,0,99999,"{""stagePickRate"":0,""avgRanking"":99999}"
525,175,3,0,99999,"{""stagePickRate"":0,""avgRanking"":99999}"
526,176,1,2.06,4.35,"{""stagePickRate"":2.06,""avgRanking"":4.35}"
527,176,2,1.7,4.69,"{""stagePickRate"":1.7,""avgRanking"":4.69}"
528,176,3,0,99999,"{""stagePickRate"":0,""avgRanking"":99999}"
529,177,1,0,99999,"{""stagePickRate"":0,""avgRanking"":99999}"
530,177,2,2.77,4.33,"{""stagePickRate"":2.77,""avgRanking"":4.33}"
531,177,3,1.08,4.51,"{""stagePickRate"":1.08,""avgRanking"":4.51}"
532,178,1,3.14,4.38,"{""stagePickRate"":3.14,""avgRanking"":4.38}"
533,178,2,0.47,3.3,"{""stagePickRate"":0.47,""avgRanking"":3.3}"
534,178,3,0,99999,"{""stagePickRate"":0,""avgRanking"":99999}"
535,179,1,3.47,4.9,"{""stagePickRate"":3.47,""avgRanking"":4.9}"
536,179,2,0,99999,"{""stagePickRate"":0,""avgRanking"":99999}"
537,179,3,0,99999,"{""stagePickRate"":0,""avgRanking"":99999}"
538,180,1,3.35,4.52,"{""stagePickRate"":3.35,""avgRanking"":4.52}"
539,180,2,0,99999,"{""stagePickRate"":0,""avgRanking"":99999}"
540,180,3,0,99999,"{""stagePickRate"":0,""avgRanking"":99999}"
541,181,1,0,99999,"{""stagePickRate"":0,""avgRanking"":99999}"
542,181,2,1.56,4.84,"{""stagePickRate"":1.56,""avgRanking"":4.84}"
543,181,3,2.04,4.62,"{""stagePickRate"":2.04,""avgRanking"":4.62}"
544,182,1,3.56,4.58,"{""stagePickRate"":3.56,""avgRanking"":4.58}"
545,182,2,0,99999,"{""stagePickRate"":0,""avgRanking"":99999}"
546,182,3,0,99999,"{""stagePickRate"":0,""avgRanking"":99999}"
547,183,1,0,99999,"{""stagePickRate"":0,""avgRanking"":99999}"
548,183,2,2.62,4.49,"{""stagePickRate"":2.62,""avgRanking"":4.49}"
549,183,3,0.85,4.85,"{""stagePickRate"":0.85,""avgRanking"":4.85}"
550,184,1,0,99999,"{""stagePickRate"":0,""avgRanking"":99999}"
551,184,2,3.22,4.45,"{""stagePickRate"":3.22,""avgRanking"":4.45}"
552,184,3,0,99999,"{""stagePickRate"":0,""avgRanking"":99999}"
553,185,1,2.87,4.8,"{""stagePickRate"":2.87,""avgRanking"":4.8}"
554,185,2,0.41,4.5,"{""stagePickRate"":0.41,""avgRanking"":4.5}"
555,185,3,0,99999,"{""stagePickRate"":0,""avgRanking"":99999}"
556,186,1,3.16,4.71,"{""stagePickRate"":3.16,""avgRanking"":4.71}"
557,186,2,0,99999,"{""stagePickRate"":0,""avgRanking"":99999}"
558,186,3,0,99999,"{""stagePickRate"":0,""avgRanking"":99999}"
559,187,1,3.16,4.51,"{""stagePickRate"":3.16,""avgRanking"":4.51}"
560,187,2,0,99999,"{""stagePickRate"":0,""avgRanking"":99999}"
561,187,3,0,99999,"{""stagePickRate"":0,""avgRanking"":99999}"
562,188,1,2.5,4.65,"{""stagePickRate"":2.5,""avgRanking"":4.65}"
563,188,2,0.31,4.4,"{""stagePickRate"":0.31,""avgRanking"":4.4}"
564,188,3,0,99999,"{""stagePickRate"":0,""avgRanking"":99999}"
565,189,1,2.7,4.39,"{""stagePickRate"":2.7,""avgRanking"":4.39}"
566,189,2,0,99999,"{""stagePickRate"":0,""avgRanking"":99999}"
567,189,3,0,99999,"{""stagePickRate"":0,""avgRanking"":99999}"
568,190,1,0,99999,"{""stagePickRate"":0,""avgRanking"":99999}"
569,190,2,1.04,5.34,"{""stagePickRate"":1.04,""avgRanking"":5.34}"
570,190,3,1.81,4.74,"{""stagePickRate"":1.81,""avgRanking"":4.74}"
571,191,1,1.1,5,"{""stagePickRate"":1.1,""avgRanking"":5}"
572,191,2,1.43,4.4,"{""stagePickRate"":1.43,""avgRanking"":4.4}"
573,191,3,0,99999,"{""stagePickRate"":0,""avgRanking"":99999}"
574,192,1,2.5,4.4,"{""stagePickRate"":2.5,""avgRanking"":4.4}"
575,192,2,0,99999,"{""stagePickRate"":0,""avgRanking"":99999}"
576,192,3,0,99999,"{""stagePickRate"":0,""avgRanking"":99999}"
577,193,1,2.45,4.68,"{""stagePickRate"":2.45,""avgRanking"":4.68}"
578,193,2,0,99999,"{""stagePickRate"":0,""avgRanking"":99999}"
579,193,3,0,99999,"{""stagePickRate"":0,""avgRanking"":99999}"
580,194,1,0,99999,"{""stagePickRate"":0,""avgRanking"":99999}"
581,194,2,0,99999,"{""stagePickRate"":0,""avgRanking"":99999}"
582,194,3,2.56,3.9,"{""stagePickRate"":2.56,""avgRanking"":3.9}"
583,195,1,2.35,4.41,"{""stagePickRate"":2.35,""avgRanking"":4.41}"
584,195,2,0,99999,"{""stagePickRate"":0,""avgRanking"":99999}"
585,195,3,0,99999,"{""stagePickRate"":0,""avgRanking"":99999}"
586,196,1,2.5,4.52,"{""stagePickRate"":2.5,""avgRanking"":4.52}"
587,196,2,0,99999,"{""stagePickRate"":0,""avgRanking"":99999}"
588,196,3,0,99999,"{""stagePickRate"":0,""avgRanking"":99999}"
589,197,1,2.33,4.75,"{""stagePickRate"":2.33,""avgRanking"":4.75}"
590,197,2,0,99999,"{""stagePickRate"":0,""avgRanking"":99999}"
591,197,3,0,99999,"{""stagePickRate"":0,""avgRanking"":99999}"
592,198,1,2.43,4.37,"{""stagePickRate"":2.43,""avgRanking"":4.37}"
593,198,2,0,99999,"{""stagePickRate"":0,""avgRanking"":99999}"
594,198,3,0,99999,"{""stagePickRate"":0,""avgRanking"":99999}"
595,199,1,0,99999,"{""stagePickRate"":0,""avgRanking"":99999}"
596,199,2,2.35,4.61,"{""stagePickRate"":2.35,""avgRanking"":4.61}"
597,199,3,0,99999,"{""stagePickRate"":0,""avgRanking"":99999}"
598,200,1,0,99999,"{""stagePickRate"":0,""avgRanking"":99999}"
599,200,2,1.43,4.55,"{""stagePickRate"":1.43,""avgRanking"":4.55}"
600,200,3,0.85,4.58,"{""stagePickRate"":0.85,""avgRanking"":4.58}"
601,201,1,0,99999,"{""stagePickRate"":0,""avgRanking"":99999}"
602,201,2,0.7,4.94,"{""stagePickRate"":0.7,""avgRanking"":4.94}"
603,201,3,1.47,4.19,"{""stagePickRate"":1.47,""avgRanking"":4.19}"
604,202,1,2.08,5.14,"{""stagePickRate"":2.08,""avgRanking"":5.14}"
605,202,2,0,99999,"{""stagePickRate"":0,""avgRanking"":99999}"
606,202,3,0,99999,"{""stagePickRate"":0,""avgRanking"":99999}"
607,203,1,0,99999,"{""stagePickRate"":0,""avgRanking"":99999}"
608,203,2,0.64,4.41,"{""stagePickRate"":0.64,""avgRanking"":4.41}"
609,203,3,1.39,4.73,"{""stagePickRate"":1.39,""avgRanking"":4.73}"
610,204,1,2,5.32,"{""stagePickRate"":2,""avgRanking"":5.32}"
611,204,2,0,99999,"{""stagePickRate"":0,""avgRanking"":99999}"
612,204,3,0,99999,"{""stagePickRate"":0,""avgRanking"":99999}"
613,205,1,1.85,4.65,"{""stagePickRate"":1.85,""avgRanking"":4.65}"
614,205,2,0,99999,"{""stagePickRate"":0,""avgRanking"":99999}"
615,205,3,0,99999,"{""stagePickRate"":0,""avgRanking"":99999}"
616,206,1,1.62,5.38,"{""stagePickRate"":1.62,""avgRanking"":5.38}"
617,206,2,0.25,5.83,"{""stagePickRate"":0.25,""avgRanking"":5.83}"
618,206,3,0,99999,"{""stagePickRate"":0,""avgRanking"":99999}"
619,207,1,0,99999,"{""stagePickRate"":0,""avgRanking"":99999}"
620,207,2,1.14,4.36,"{""stagePickRate"":1.14,""avgRanking"":4.36}"
621,207,3,0.77,5.48,"{""stagePickRate"":0.77,""avgRanking"":5.48}"
622,208,1,0,99999,"{""stagePickRate"":0,""avgRanking"":99999}"
623,208,2,0.64,4.87,"{""stagePickRate"":0.64,""avgRanking"":4.87}"
624,208,3,1.27,4.73,"{""stagePickRate"":1.27,""avgRanking"":4.73}"
625,209,1,1.79,4.89,"{""stagePickRate"":1.79,""avgRanking"":4.89}"
626,209,2,0,99999,"{""stagePickRate"":0,""avgRanking"":99999}"
627,209,3,0,99999,"{""stagePickRate"":0,""avgRanking"":99999}"
628,210,1,0,99999,"{""stagePickRate"":0,""avgRanking"":99999}"
629,210,2,0,99999,"{""stagePickRate"":0,""avgRanking"":99999}"
630,210,3,1.87,4.38,"{""stagePickRate"":1.87,""avgRanking"":4.38}"
631,211,1,0,99999,"{""stagePickRate"":0,""avgRanking"":99999}"
632,211,2,1.66,4.75,"{""stagePickRate"":1.66,""avgRanking"":4.75}"
633,211,3,0,99999,"{""stagePickRate"":0,""avgRanking"":99999}"
634,212,1,0,99999,"{""stagePickRate"":0,""avgRanking"":99999}"
635,212,2,1.64,5.44,"{""stagePickRate"":1.64,""avgRanking"":5.44}"
636,212,3,0,99999,"{""stagePickRate"":0,""avgRanking"":99999}"
637,213,1,0,99999,"{""stagePickRate"":0,""avgRanking"":99999}"
638,213,2,1.66,3.73,"{""stagePickRate"":1.66,""avgRanking"":3.73}"
639,213,3,0,99999,"{""stagePickRate"":0,""avgRanking"":99999}"
640,214,1,0,99999,"{""stagePickRate"":0,""avgRanking"":99999}"
641,214,2,0.85,4.41,"{""stagePickRate"":0.85,""avgRanking"":4.41}"
642,214,3,0.81,5.15,"{""stagePickRate"":0.81,""avgRanking"":5.15}"
643,215,1,1.47,5.07,"{""stagePickRate"":1.47,""avgRanking"":5.07}"
644,215,2,0,99999,"{""stagePickRate"":0,""avgRanking"":99999}"
645,215,3,0,99999,"{""stagePickRate"":0,""avgRanking"":99999}"
646,216,1,1.64,4.87,"{""stagePickRate"":1.64,""avgRanking"":4.87}"
647,216,2,0,99999,"{""stagePickRate"":0,""avgRanking"":99999}"
648,216,3,0,99999,"{""stagePickRate"":0,""avgRanking"":99999}"
649,217,1,1.43,3.81,"{""stagePickRate"":1.43,""avgRanking"":3.81}"
650,217,2,0,99999,"{""stagePickRate"":0,""avgRanking"":99999}"
651,217,3,0,99999,"{""stagePickRate"":0,""avgRanking"":99999}"
652,218,1,1.2,4.17,"{""stagePickRate"":1.2,""avgRanking"":4.17}"
653,218,2,0.31,3.26,"{""stagePickRate"":0.31,""avgRanking"":3.26}"
654,218,3,0,99999,"{""stagePickRate"":0,""avgRanking"":99999}"
655,219,1,0,99999,"{""stagePickRate"":0,""avgRanking"":99999}"
656,219,2,0.29,4.21,"{""stagePickRate"":0.29,""avgRanking"":4.21}"
657,219,3,1.25,4.58,"{""stagePickRate"":1.25,""avgRanking"":4.58}"
658,220,1,1.37,4.12,"{""stagePickRate"":1.37,""avgRanking"":4.12}"
659,220,2,0,99999,"{""stagePickRate"":0,""avgRanking"":99999}"
660,220,3,0,99999,"{""stagePickRate"":0,""avgRanking"":99999}"
661,221,1,0,99999,"{""stagePickRate"":0,""avgRanking"":99999}"
662,221,2,1.47,4.78,"{""stagePickRate"":1.47,""avgRanking"":4.78}"
663,221,3,0,99999,"{""stagePickRate"":0,""avgRanking"":99999}"
664,222,1,1.1,4.28,"{""stagePickRate"":1.1,""avgRanking"":4.28}"
665,222,2,0.2,4.2,"{""stagePickRate"":0.2,""avgRanking"":4.2}"
666,222,3,0,99999,"{""stagePickRate"":0,""avgRanking"":99999}"
667,223,1,1.1,4.54,"{""stagePickRate"":1.1,""avgRanking"":4.54}"
668,223,2,0.14,5.85,"{""stagePickRate"":0.14,""avgRanking"":5.85}"
669,223,3,0,99999,"{""stagePickRate"":0,""avgRanking"":99999}"
670,224,1,1.1,4.43,"{""stagePickRate"":1.1,""avgRanking"":4.43}"
671,224,2,0.16,6.5,"{""stagePickRate"":0.16,""avgRanking"":6.5}"
672,224,3,0,99999,"{""stagePickRate"":0,""avgRanking"":99999}"
673,225,1,1.29,5.56,"{""stagePickRate"":1.29,""avgRanking"":5.56}"
674,225,2,0,99999,"{""stagePickRate"":0,""avgRanking"":99999}"
675,225,3,0,99999,"{""stagePickRate"":0,""avgRanking"":99999}"
676,226,1,0,99999,"{""stagePickRate"":0,""avgRanking"":99999}"
677,226,2,0.66,4.28,"{""stagePickRate"":0.66,""avgRanking"":4.28}"
678,226,3,0.62,4.93,"{""stagePickRate"":0.62,""avgRanking"":4.93}"
679,227,1,1.29,4.77,"{""stagePickRate"":1.29,""avgRanking"":4.77}"
680,227,2,0,99999,"{""stagePickRate"":0,""avgRanking"":99999}"
681,227,3,0,99999,"{""stagePickRate"":0,""avgRanking"":99999}"
682,228,1,0,99999,"{""stagePickRate"":0,""avgRanking"":99999}"
683,228,2,1.2,3.41,"{""stagePickRate"":1.2,""avgRanking"":3.41}"
684,228,3,0,99999,"{""stagePickRate"":0,""avgRanking"":99999}"
685,229,1,1.04,4.98,"{""stagePickRate"":1.04,""avgRanking"":4.98}"
686,229,2,0,99999,"{""stagePickRate"":0,""avgRanking"":99999}"
687,229,3,0,99999,"{""stagePickRate"":0,""avgRanking"":99999}"
688,230,1,0.47,4.39,"{""stagePickRate"":0.47,""avgRanking"":4.39}"
689,230,2,0.45,4.95,"{""stagePickRate"":0.45,""avgRanking"":4.95}"
690,230,3,0.1,5.2,"{""stagePickRate"":0.1,""avgRanking"":5.2}"
691,231,1,0.95,5.23,"{""stagePickRate"":0.95,""avgRanking"":5.23}"
692,231,2,0,99999,"{""stagePickRate"":0,""avgRanking"":99999}"
693,231,3,0,99999,"{""stagePickRate"":0,""avgRanking"":99999}"
694,232,1,0.37,5.16,"{""stagePickRate"":0.37,""avgRanking"":5.16}"
695,232,2,0.52,5.24,"{""stagePickRate"":0.52,""avgRanking"":5.24}"
696,232,3,0.1,5,"{""stagePickRate"":0.1,""avgRanking"":5}"
697,233,1,0.75,4.72,"{""stagePickRate"":0.75,""avgRanking"":4.72}"
698,233,2,0.2,4.9,"{""stagePickRate"":0.2,""avgRanking"":4.9}"
699,233,3,0,99999,"{""stagePickRate"":0,""avgRanking"":99999}"
700,234,1,0,99999,"{""stagePickRate"":0,""avgRanking"":99999}"
701,234,2,0,99999,"{""stagePickRate"":0,""avgRanking"":99999}"
702,234,3,1,4.89,"{""stagePickRate"":1,""avgRanking"":4.89}"
703,235,1,0.68,5.03,"{""stagePickRate"":0.68,""avgRanking"":5.03}"
704,235,2,0.16,6.25,"{""stagePickRate"":0.16,""avgRanking"":6.25}"
705,235,3,0.12,5,"{""stagePickRate"":0.12,""avgRanking"":5}"
706,236,1,0,99999,"{""stagePickRate"":0,""avgRanking"":99999}"
707,236,2,0.72,4.48,"{""stagePickRate"":0.72,""avgRanking"":4.48}"
708,236,3,0.25,4.75,"{""stagePickRate"":0.25,""avgRanking"":4.75}"
709,237,1,0.91,5.4,"{""stagePickRate"":0.91,""avgRanking"":5.4}"
710,237,2,0,99999,"{""stagePickRate"":0,""avgRanking"":99999}"
711,237,3,0,99999,"{""stagePickRate"":0,""avgRanking"":99999}"
712,238,1,0.14,6.28,"{""stagePickRate"":0.14,""avgRanking"":6.28}"
713,238,2,0.77,4.67,"{""stagePickRate"":0.77,""avgRanking"":4.67}"
714,238,3,0,99999,"{""stagePickRate"":0,""avgRanking"":99999}"
715,239,1,0,99999,"{""stagePickRate"":0,""avgRanking"":99999}"
716,239,2,0.72,4.45,"{""stagePickRate"":0.72,""avgRanking"":4.45}"
717,239,3,0.16,5.25,"{""stagePickRate"":0.16,""avgRanking"":5.25}"
718,240,1,0,99999,"{""stagePickRate"":0,""avgRanking"":99999}"
719,240,2,0.5,4,"{""stagePickRate"":0.5,""avgRanking"":4}"
720,240,3,0.35,5.47,"{""stagePickRate"":0.35,""avgRanking"":5.47}"
721,241,1,0,99999,"{""stagePickRate"":0,""avgRanking"":99999}"
722,241,2,0,99999,"{""stagePickRate"":0,""avgRanking"":99999}"
723,241,3,0.85,5.07,"{""stagePickRate"":0.85,""avgRanking"":5.07}"
724,242,1,0.14,4.42,"{""stagePickRate"":0.14,""avgRanking"":4.42}"
725,242,2,0.52,4.8,"{""stagePickRate"":0.52,""avgRanking"":4.8}"
726,242,3,0.08,5.5,"{""stagePickRate"":0.08,""avgRanking"":5.5}"
727,243,1,0.62,3.9,"{""stagePickRate"":0.62,""avgRanking"":3.9}"
728,243,2,0.1,5.4,"{""stagePickRate"":0.1,""avgRanking"":5.4}"
729,243,3,0,99999,"{""stagePickRate"":0,""avgRanking"":99999}"
730,244,1,0,99999,"{""stagePickRate"":0,""avgRanking"":99999}"
731,244,2,0.16,6.5,"{""stagePickRate"":0.16,""avgRanking"":6.5}"
732,244,3,0.56,5.4,"{""stagePickRate"":0.56,""avgRanking"":5.4}"
733,245,1,0,99999,"{""stagePickRate"":0,""avgRanking"":99999}"
734,245,2,0.68,5.6,"{""stagePickRate"":0.68,""avgRanking"":5.6}"
735,245,3,0,99999,"{""stagePickRate"":0,""avgRanking"":99999}"
736,246,1,0.66,5.21,"{""stagePickRate"":0.66,""avgRanking"":5.21}"
737,246,2,0,99999,"{""stagePickRate"":0,""avgRanking"":99999}"
738,246,3,0,99999,"{""stagePickRate"":0,""avgRanking"":99999}"
739,247,1,0,99999,"{""stagePickRate"":0,""avgRanking"":99999}"
740,247,2,0,99999,"{""stagePickRate"":0,""avgRanking"":99999}"
741,247,3,0.66,5.46,"{""stagePickRate"":0.66,""avgRanking"":5.46}"
742,248,1,0,99999,"{""stagePickRate"":0,""avgRanking"":99999}"
743,248,2,0.5,5.5,"{""stagePickRate"":0.5,""avgRanking"":5.5}"
744,248,3,0.08,5.25,"{""stagePickRate"":0.08,""avgRanking"":5.25}"
745,249,1,0.43,5.95,"{""stagePickRate"":0.43,""avgRanking"":5.95}"
746,249,2,0.1,5.6,"{""stagePickRate"":0.1,""avgRanking"":5.6}"
747,249,3,0,99999,"{""stagePickRate"":0,""avgRanking"":99999}"
748,250,1,0.47,3.91,"{""stagePickRate"":0.47,""avgRanking"":3.91}"
749,250,2,0.06,3.66,"{""stagePickRate"":0.06,""avgRanking"":3.66}"
750,250,3,0,99999,"{""stagePickRate"":0,""avgRanking"":99999}"
751,251,1,0.5,4.5,"{""stagePickRate"":0.5,""avgRanking"":4.5}"
752,251,2,0,99999,"{""stagePickRate"":0,""avgRanking"":99999}"
753,251,3,0,99999,"{""stagePickRate"":0,""avgRanking"":99999}"
754,252,1,0.31,4.93,"{""stagePickRate"":0.31,""avgRanking"":4.93}"
755,252,2,0.06,3.33,"{""stagePickRate"":0.06,""avgRanking"":3.33}"
756,252,3,0.06,2.66,"{""stagePickRate"":0.06,""avgRanking"":2.66}"
757,253,1,0.41,5.35,"{""stagePickRate"":0.41,""avgRanking"":5.35}"
758,253,2,0,99999,"{""stagePickRate"":0,""avgRanking"":99999}"
759,253,3,0,99999,"{""stagePickRate"":0,""avgRanking"":99999}"
760,254,1,0.31,4.4,"{""stagePickRate"":0.31,""avgRanking"":4.4}"
761,254,2,0.08,5.25,"{""stagePickRate"":0.08,""avgRanking"":5.25}"
762,254,3,0,99999,"{""stagePickRate"":0,""avgRanking"":99999}"
763,255,1,0.25,3.5,"{""stagePickRate"":0.25,""avgRanking"":3.5}"
764,255,2,0.04,3,"{""stagePickRate"":0.04,""avgRanking"":3}"
765,255,3,0,99999,"{""stagePickRate"":0,""avgRanking"":99999}"
766,256,1,0.27,4.23,"{""stagePickRate"":0.27,""avgRanking"":4.23}"
767,256,2,0,99999,"{""stagePickRate"":0,""avgRanking"":99999}"
768,256,3,0,99999,"{""stagePickRate"":0,""avgRanking"":99999}"
769,257,1,0.14,5,"{""stagePickRate"":0.14,""avgRanking"":5}"
770,257,2,0.08,4,"{""stagePickRate"":0.08,""avgRanking"":4}"
771,257,3,0,99999,"{""stagePickRate"":0,""avgRanking"":99999}"
772,258,1,0,99999,"{""stagePickRate"":0,""avgRanking"":99999}"
773,258,2,0.25,4.08,"{""stagePickRate"":0.25,""avgRanking"":4.08}"
774,258,3,0,99999,"{""stagePickRate"":0,""avgRanking"":99999}"
775,259,1,0,99999,"{""stagePickRate"":0,""avgRanking"":99999}"
776,259,2,0,99999,"{""stagePickRate"":0,""avgRanking"":99999}"
777,259,3,0,99999,"{""stagePickRate"":0,""avgRanking"":99999}"
778,260,1,0,99999,"{""stagePickRate"":0,""avgRanking"":99999}"
779,260,2,0,99999,"{""stagePickRate"":0,""avgRanking"":99999}"
780,260,3,0,99999,"{""stagePickRate"":0,""avgRanking"":99999}"
781,261,1,0,99999,"{""stagePickRate"":0,""avgRanking"":99999}"
782,261,2,0,99999,"{""stagePickRate"":0,""avgRanking"":99999}"
783,261,3,0,99999,"{""stagePickRate"":0,""avgRanking"":99999}"
784,262,1,0,99999,"{""stagePickRate"":0,""avgRanking"":99999}"
785,262,2,0,99999,"{""stagePickRate"":0,""avgRanking"":99999}"
786,262,3,0,99999,"{""stagePickRate"":0,""avgRanking"":99999}"
787,263,1,0,99999,"{""stagePickRate"":0,""avgRanking"":99999}"
788,263,2,0,99999,"{""stagePickRate"":0,""avgRanking"":99999}"
789,263,3,0,99999,"{""stagePickRate"":0,""avgRanking"":99999}"
790,264,1,0,99999,"{""stagePickRate"":0,""avgRanking"":99999}"
791,264,2,0,99999,"{""stagePickRate"":0,""avgRanking"":99999}"
792,264,3,0,99999,"{""stagePickRate"":0,""avgRanking"":99999}"
793,265,1,0,99999,"{""stagePickRate"":0,""avgRanking"":99999}"
794,265,2,0,99999,"{""stagePickRate"":0,""avgRanking"":99999}"
795,265,3,0,99999,"{""stagePickRate"":0,""avgRanking"":99999}"
796,266,1,0,99999,"{""stagePickRate"":0,""avgRanking"":99999}"
797,266,2,0,99999,"{""stagePickRate"":0,""avgRanking"":99999}"
798,266,3,0,99999,"{""stagePickRate"":0,""avgRanking"":99999}"
799,267,1,0,99999,"{""stagePickRate"":0,""avgRanking"":99999}"
800,267,2,0,99999,"{""stagePickRate"":0,""avgRanking"":99999}"
801,267,3,0,99999,"{""stagePickRate"":0,""avgRanking"":99999}"
802,268,1,0,99999,"{""stagePickRate"":0,""avgRanking"":99999}"
803,268,2,0,99999,"{""stagePickRate"":0,""avgRanking"":99999}"
804,268,3,0,99999,"{""stagePickRate"":0,""avgRanking"":99999}"
805,269,1,0,99999,"{""stagePickRate"":0,""avgRanking"":99999}"
806,269,2,0,99999,"{""stagePickRate"":0,""avgRanking"":99999}"
807,269,3,0,99999,"{""stagePickRate"":0,""avgRanking"":99999}"
808,270,1,0,99999,"{""stagePickRate"":0,""avgRanking"":99999}"
809,270,2,0,99999,"{""stagePickRate"":0,""avgRanking"":99999}"
810,270,3,0,99999,"{""stagePickRate"":0,""avgRanking"":99999}"
811,271,1,0,99999,"{""stagePickRate"":0,""avgRanking"":99999}"
812,271,2,0,99999,"{""stagePickRate"":0,""avgRanking"":99999}"
813,271,3,0,99999,"{""stagePickRate"":0,""avgRanking"":99999}"
814,272,1,0,99999,"{""stagePickRate"":0,""avgRanking"":99999}"
815,272,2,0,99999,"{""stagePickRate"":0,""avgRanking"":99999}"
816,272,3,0,99999,"{""stagePickRate"":0,""avgRanking"":99999}"
817,273,1,0,99999,"{""stagePickRate"":0,""avgRanking"":99999}"
818,273,2,0,99999,"{""stagePickRate"":0,""avgRanking"":99999}"
819,273,3,0,99999,"{""stagePickRate"":0,""avgRanking"":99999}"
820,274,1,0,99999,"{""stagePickRate"":0,""avgRanking"":99999}"
821,274,2,0,99999,"{""stagePickRate"":0,""avgRanking"":99999}"
822,274,3,0,99999,"{""stagePickRate"":0,""avgRanking"":99999}"
823,275,1,0,99999,"{""stagePickRate"":0,""avgRanking"":99999}"
824,275,2,0,99999,"{""stagePickRate"":0,""avgRanking"":99999}"
825,275,3,0,99999,"{""stagePickRate"":0,""avgRanking"":99999}"
