_row_id,batch_id,group_id,score,all_pick_rate,avg_ranking,pick_rate_1,pick_rate_4,trait_img,level_rate_7,level_rate_8,level_rate_9,author_name,camp_name,camp_code,camp_core_num,camp_url,change_all_pick_rate_type,change_all_pick_rate_value,change_avg_ranking_type,change_avg_ranking_value,change_pick_rate_4_type,change_pick_rate_4_value,change_pick_rate_1_type,change_pick_rate_1_value,raw_json
1,1,c7f34fe38b30b6710e88a50db495e2ad,297.459648,0.96,4.26,10.17,55.2,https://game.gtimg.cn/images/lol/act/jkzlk/mode16s17/trait/s16_trait_icon_demacia.png,27.62,15.1,57.27,微信公众号-小鱼一图流,德玛西亚 薇恩 && 德莱厄斯,【阵容码】#诺手乌兹-公众号小鱼一图流#MjE5OTE0MDkxODI4MDc2MDkxNzczMjA0NzY3MzQ2,3,https://mp.weixin.qq.com/s/klB6sw7hPJas1sKjQADmSA,2,-0.01,2,-0.04,0,0,2,-0.01,"{""score"":297.459648,""groupId"":""c7f34fe38b30b6710e88a50db495e2ad"",""allPickRate"":0.96,""avgRanking"":4.26,""pickRate_1"":10.17,""pickRate_4"":55.2,""pieceList"":[{""pieceId"":3337,""pieceName"":""德莱厄斯"",""img"":""https://game.gtimg.cn/images/lol/act/jkzlk/mode16s17/hero/s16_head_darius.png"",""price"":3,""starNum"":3,""equipmentList"":[{""equipmentId"":2007,""equipmentName"":""斯特拉克的挑战护手"",""equipmentImg"":""https://game.gtimg.cn/images/lol/act/jkzlk/gamedata/equip/steraksgage.png""},{""equipmentId"":2012,""equipmentName"":""泰坦的坚决"",""equipmentImg"":""https://game.gtimg.cn/images/lol/act/jkzlk/gamedata/equip/2052.png""},{""equipmentId"":2024,""equipmentName"":""适应性头盔"",""equipmentImg"":""https://game.gtimg.cn/images/lol/act/jkzlk/gamedata/equip/adaptivehelm.png""}]},{""pieceId"":3321,""pieceName"":""薇恩"",""img"":""https://game.gtimg.cn/images/lol/act/jkzlk/mode16s17/hero/s16_head_vayne.png"",""price"":3,""starNum"":3,""equipmentList"":[{""equipmentId"":2001,""equipmentName"":""无尽之刃"",""equipmentImg"":""https://game.gtimg.cn/images/lol/act/jkzlk/gamedata/equip/2001.png""},{""equipmentId"":2010,""equipmentName"":""鬼索的狂暴之刃"",""equipmentImg"":""https://game.gtimg.cn/images/lol/act/jkzlk/gamedata/equip/2010.png""},{""equipmentId"":2045,""equipmentName"":""锐利之刃"",""equipmentImg"":""https://game.gtimg.cn/images/lol/act/jkzlk/gamedata/equip/2045.png""}]},{""pieceId"":4349,""pieceName"":""盖伦"",""img"":""https://game.gtimg.cn/images/lol/act/jkzlk/mode16s17/hero/s16_head_garen.png"",""price"":4,""starNum"":0,""equipmentList"":[{""equipmentId"":2025,""equipmentName"":""振奋盔甲"",""equipmentImg"":""https://game.gtimg.cn/images/lol/act/jkzlk/gamedata/equip/spiritvisage.png""},{""equipmentId"":2029,""equipmentName"":""日炎斗篷"",""equipmentImg"":""https://game.gtimg.cn/images/lol/act/jkzlk/gamedata/equip/2329.png""},{""equipmentId"":2032,""equipmentName"":""薄暮法袍"",""equipmentImg"":""https://game.gtimg.cn/images/lol/act/jkzlk/gamedata/equip/evenshroud.png""}]},{""pieceId"":1408,""pieceName"":""嘉文四世"",""img"":""https://game.gtimg.cn/images/lol/act/jkzlk/mode16s17/hero/s16_head_jarvan.png"",""price"":1,""starNum"":0,""equipmentList"":[]},{""pieceId"":1410,""pieceName"":""凯特琳"",""img"":""https://game.gtimg.cn/images/lol/act/jkzlk/mode16s17/hero/s16_head_caitlyn.png"",""price"":1,""starNum"":0,""equipmentList"":[]},{""pieceId"":2403,""pieceName"":""蔚"",""img"":""https://game.gtimg.cn/images/lol/act/jkzlk/mode16s17/hero/s16_head_vi.png"",""price"":2,""starNum"":0,""equipmentList"":[]},{""pieceId"":4360,""pieceName"":""卡莎"",""img"":""https://game.gtimg.cn/images/lol/act/jkzlk/mode16s17/hero/s16_head_kaisa.png"",""price"":4,""starNum"":0,""equipmentList"":[]},{""pieceId"":5285,""pieceName"":""加里奥"",""img"":""https://game.gtimg.cn/images/lol/act/jkzlk/mode16s17/hero/s16_head_galio.png"",""price"":5,""starNum"":0,""equipmentList"":[]}],""extraData"":{""img"":""https://game.gtimg.cn/images/lol/act/jkzlk/mode16s17/trait/s16_trait_icon_demacia.png"",""levelRate_7"":27.62,""levelRate_8"":15.1,""levelRate_9"":57.27,""authorName"":""微信公众号-小鱼一图流"",""campName"":""德玛西亚 薇恩 && 德莱厄斯"",""campCode"":""【阵容码】#诺手乌兹-公众号小鱼一图流#MjE5OTE0MDkxODI4MDc2MDkxNzczMjA0NzY3MzQ2"",""campCoreNum"":3,""campUrl"":""https://mp.weixin.qq.com/s/klB6sw7hPJas1sKjQADmSA""},""change"":{""allPickRate"":{""updateType"":2,""updateValue"":-0.01},""avgRanking"":{""updateType"":2,""updateValue"":-0.04},""pickRate_4"":{""updateType"":0,""updateValue"":0},""pickRate_1"":{""updateType"":2,""updateValue"":-0.01}}}"
2,1,a12bb76a938abd61309a0b76f538e77c,285.172875,0.85,4.19,16.07,53.68,https://game.gtimg.cn/images/lol/act/jkzlk/mode16s17/trait/s16_trait_icon_bilgewater.png,0.26,17.15,82.57,黑白,比尔吉沃特 厄运小姐 && 诺提勒斯,【阵容码】#比尔95-抖音小鱼一图流#MjE5OTE0MDkxODI4MDc2MDkxNzY5NzcyMDA3MTU0,3,https://mp.weixin.qq.com/s/l29ERC3r7L1pr7IQ4pgSNw,0,0,0,0,0,0,2,-0.01,"{""score"":285.172875,""groupId"":""a12bb76a938abd61309a0b76f538e77c"",""allPickRate"":0.85,""avgRanking"":4.19,""pickRate_1"":16.07,""pickRate_4"":53.68,""pieceList"":[{""pieceId"":4344,""pieceName"":""厄运小姐"",""img"":""https://game.gtimg.cn/images/lol/act/jkzlk/mode16s17/hero/s16_head_missfortune.png"",""price"":4,""starNum"":0,""equipmentList"":[{""equipmentId"":2001,""equipmentName"":""无尽之刃"",""equipmentImg"":""https://game.gtimg.cn/images/lol/act/jkzlk/gamedata/equip/2001.png""},{""equipmentId"":2010,""equipmentName"":""鬼索的狂暴之刃"",""equipmentImg"":""https://game.gtimg.cn/images/lol/act/jkzlk/gamedata/equip/2010.png""},{""equipmentId"":9181,""equipmentName"":""亡者的短剑"",""equipmentImg"":""https://game.gtimg.cn/images/lol/act/jkzlk/gamedata/equip/deadmansdagger.png""}]},{""pieceId"":5276,""pieceName"":""塔姆"",""img"":""https://game.gtimg.cn/images/lol/act/jkzlk/mode16s17/hero/s16_head_tahmkench.png"",""price"":5,""starNum"":0,""equipmentList"":[{""equipmentId"":2023,""equipmentName"":""圣盾使的誓约"",""equipmentImg"":""https://game.gtimg.cn/images/lol/act/jkzlk/gamedata/equip/2023.png""},{""equipmentId"":2025,""equipmentName"":""振奋盔甲"",""equipmentImg"":""https://game.gtimg.cn/images/lol/act/jkzlk/gamedata/equip/spiritvisage.png""},{""equipmentId"":9184,""equipmentName"":""成堆柑橘"",""equipmentImg"":""https://game.gtimg.cn/images/lol/act/jkzlk/gamedata/equip/pileocitrus.png""}]},{""pieceId"":3324,""pieceName"":""诺提勒斯"",""img"":""https://game.gtimg.cn/images/lol/act/jkzlk/mode16s17/hero/s16_head_nautilus.png"",""price"":3,""starNum"":0,""equipmentList"":[{""equipmentId"":2025,""equipmentName"":""振奋盔甲"",""equipmentImg"":""https://game.gtimg.cn/images/lol/act/jkzlk/gamedata/equip/spiritvisage.png""},{""equipmentId"":2029,""equipmentName"":""日炎斗篷"",""equipmentImg"":""https://game.gtimg.cn/images/lol/act/jkzlk/gamedata/equip/2329.png""},{""equipmentId"":2032,""equipmentName"":""薄暮法袍"",""equipmentImg"":""https://game.gtimg.cn/images/lol/act/jkzlk/gamedata/equip/evenshroud.png""}]},{""pieceId"":2404,""pieceName"":""崔斯特"",""img"":""https://game.gtimg.cn/images/lol/act/jkzlk/mode16s17/hero/s16_head_twistedfate.png"",""price"":2,""starNum"":0,""equipmentList"":[]},{""pieceId"":5278,""pieceName"":""希瓦娜"",""img"":""https://game.gtimg.cn/images/lol/act/jkzlk/mode16s17/hero/s16_head_shyvana.png"",""price"":5,""starNum"":0,""equipmentList"":[]},{""pieceId"":5281,""pieceName"":""奥恩"",""img"":""https://game.gtimg.cn/images/lol/act/jkzlk/mode16s17/hero/s16_head_ornn.png"",""price"":5,""starNum"":0,""equipmentList"":[]},{""pieceId"":5284,""pieceName"":""千珏"",""img"":""https://game.gtimg.cn/images/lol/act/jkzlk/mode16s17/hero/s16_head_kindred.png"",""price"":5,""starNum"":0,""equipmentList"":[]},{""pieceId"":5397,""pieceName"":""卢锡安与赛娜"",""img"":""https://game.gtimg.cn/images/lol/act/jkzlk/mode16s17/hero/s16_head_senna.png"",""price"":5,""starNum"":0,""equipmentList"":[]}],""extraData"":{""img"":""https://game.gtimg.cn/images/lol/act/jkzlk/mode16s17/trait/s16_trait_icon_bilgewater.png"",""levelRate_7"":0.26,""levelRate_8"":17.15,""levelRate_9"":82.57,""authorName"":""黑白"",""campName"":""比尔吉沃特 厄运小姐 && 诺提勒斯"",""campCode"":""【阵容码】#比尔95-抖音小鱼一图流#MjE5OTE0MDkxODI4MDc2MDkxNzY5NzcyMDA3MTU0"",""campCoreNum"":3,""campUrl"":""https://mp.weixin.qq.com/s/l29ERC3r7L1pr7IQ4pgSNw""},""change"":{""allPickRate"":{""updateType"":0,""updateValue"":0},""avgRanking"":{""updateType"":0,""updateValue"":0},""pickRate_4"":{""updateType"":0,""updateValue"":0},""pickRate_1"":{""updateType"":2,""updateValue"":-0.01}}}"
3,1,8543bc11b9195f30ce87fe63ea6c572b,269.37393,0.86,4.17,6.41,58.44,https://game.gtimg.cn/images/lol/act/jkzlk/mode16s17/trait/s16_trait_icon_targon.png,40.72,43.29,15.97,黑白,巨神峰 玛尔扎哈 && 蕾欧娜,【阵容码】#佐伊蚂蚱-公众号小鱼一图流#MjE5OTE0MDkxODI4MDc2MDkxNzcxMzI1OTE3ODY5,3,https://mp.weixin.qq.com/s/3sAVBgJBlnk7gU2jCq9bgQ,1,0.01,2,-0.05,0,0,0,0,"{""score"":269.37393,""groupId"":""8543bc11b9195f30ce87fe63ea6c572b"",""allPickRate"":0.86,""avgRanking"":4.17,""pickRate_1"":6.41,""pickRate_4"":58.44,""pieceList"":[{""pieceId"":3328,""pieceName"":""蕾欧娜"",""img"":""https://game.gtimg.cn/images/lol/act/jkzlk/mode16s17/hero/s16_head_leona.png"",""price"":3,""starNum"":3,""equipmentList"":[{""equipmentId"":2025,""equipmentName"":""振奋盔甲"",""equipmentImg"":""https://game.gtimg.cn/images/lol/act/jkzlk/gamedata/equip/spiritvisage.png""},{""equipmentId"":2028,""equipmentName"":""石像鬼石板甲"",""equipmentImg"":""https://game.gtimg.cn/images/lol/act/jkzlk/gamedata/equip/2248.png""},{""equipmentId"":2028,""equipmentName"":""石像鬼石板甲"",""equipmentImg"":""https://game.gtimg.cn/images/lol/act/jkzlk/gamedata/equip/2248.png""}]},{""pieceId"":3320,""pieceName"":""佐伊"",""img"":""https://game.gtimg.cn/images/lol/act/jkzlk/mode16s17/hero/s16_head_zoe.png"",""price"":3,""starNum"":3,""equipmentList"":[{""equipmentId"":2004,""equipmentName"":""朔极之矛"",""equipmentImg"":""https://game.gtimg.cn/images/lol/act/jkzlk/gamedata/equip/2004.png""},{""equipmentId"":2014,""equipmentName"":""纳什之牙"",""equipmentImg"":""https://game.gtimg.cn/images/lol/act/jkzlk/gamedata/equip/nashorstooth.png""},{""equipmentId"":2038,""equipmentName"":""珠光护手"",""equipmentImg"":""https://game.gtimg.cn/images/lol/act/jkzlk/gamedata/equip/2038.png""}]},{""pieceId"":3326,""pieceName"":""玛尔扎哈"",""img"":""https://game.gtimg.cn/images/lol/act/jkzlk/mode16s17/hero/s16_head_malzahar.png"",""price"":3,""starNum"":0,""equipmentList"":[{""equipmentId"":2004,""equipmentName"":""朔极之矛"",""equipmentImg"":""https://game.gtimg.cn/images/lol/act/jkzlk/gamedata/equip/2004.png""},{""equipmentId"":2014,""equipmentName"":""纳什之牙"",""equipmentImg"":""https://game.gtimg.cn/images/lol/act/jkzlk/gamedata/equip/nashorstooth.png""},{""equipmentId"":2038,""equipmentName"":""珠光护手"",""equipmentImg"":""https://game.gtimg.cn/images/lol/act/jkzlk/gamedata/equip/2038.png""}]},{""pieceId"":1406,""pieceName"":""克格莫"",""img"":""https://game.gtimg.cn/images/lol/act/jkzlk/mode16s17/hero/s16_head_kogmaw.png"",""price"":1,""starNum"":0,""equipmentList"":[]},{""pieceId"":2403,""pieceName"":""蔚"",""img"":""https://game.gtimg.cn/images/lol/act/jkzlk/mode16s17/hero/s16_head_vi.png"",""price"":2,""starNum"":0,""equipmentList"":[]},{""pieceId"":2411,""pieceName"":""妮蔻"",""img"":""https://game.gtimg.cn/images/lol/act/jkzlk/mode16s17/hero/s16_head_neeko.png"",""price"":2,""starNum"":0,""equipmentList"":[]},{""pieceId"":4335,""pieceName"":""塔里克"",""img"":""https://game.gtimg.cn/images/lol/act/jkzlk/mode16s17/hero/s16_head_taric.png"",""price"":4,""starNum"":0,""equipmentList"":[]},{""pieceId"":4339,""pieceName"":""萨勒芬妮"",""img"":""https://game.gtimg.cn/images/lol/act/jkzlk/mode16s17/hero/s16_head_seraphine.png"",""price"":4,""starNum"":0,""equipmentList"":[]}],""extraData"":{""img"":""https://game.gtimg.cn/images/lol/act/jkzlk/mode16s17/trait/s16_trait_icon_targon.png"",""levelRate_7"":40.72,""levelRate_8"":43.29,""levelRate_9"":15.97,""authorName"":""黑白"",""campName"":""巨神峰 玛尔扎哈 && 蕾欧娜"",""campCode"":""【阵容码】#佐伊蚂蚱-公众号小鱼一图流#MjE5OTE0MDkxODI4MDc2MDkxNzcxMzI1OTE3ODY5"",""campCoreNum"":3,""campUrl"":""https://mp.weixin.qq.com/s/3sAVBgJBlnk7gU2jCq9bgQ""},""change"":{""allPickRate"":{""updateType"":1,""updateValue"":0.01},""avgRanking"":{""updateType"":2,""updateValue"":-0.05},""pickRate_4"":{""updateType"":0,""updateValue"":0},""pickRate_1"":{""updateType"":0,""updateValue"":0}}}"
4,1,0f7e6ac1597f5afec9b9aab1a1f961d9,222.86968000000005,0.44,3.53,25.13,67.47,https://game.gtimg.cn/images/lol/act/jkzlk/mode16s17/trait/s16_trait_icon_arcanist.png,0.07,0.9,99.01,微信公众号-小鱼一图流,法师 安妮 && 斯维因,【阵容码】#6法安妮-公众号小鱼一图流#MjE5OTE0MDkxODI4MDc2MDkxNzczNDgzNTcxOTM3,3,https://pvp.91m.top/,0,0,1,0.03,2,-0.02,0,0,"{""score"":222.86968000000005,""groupId"":""0f7e6ac1597f5afec9b9aab1a1f961d9"",""allPickRate"":0.44,""avgRanking"":3.53,""pickRate_1"":25.13,""pickRate_4"":67.47,""pieceList"":[{""pieceId"":5277,""pieceName"":""塞拉斯"",""img"":""https://game.gtimg.cn/images/lol/act/jkzlk/mode16s17/hero/s16_head_sylas.png"",""price"":5,""starNum"":0,""equipmentList"":[{""equipmentId"":2006,""equipmentName"":""汲取剑"",""equipmentImg"":""https://game.gtimg.cn/images/lol/act/jkzlk/gamedata/equip/2006.png""},{""equipmentId"":2014,""equipmentName"":""纳什之牙"",""equipmentImg"":""https://game.gtimg.cn/images/lol/act/jkzlk/gamedata/equip/nashorstooth.png""},{""equipmentId"":2038,""equipmentName"":""珠光护手"",""equipmentImg"":""https://game.gtimg.cn/images/lol/act/jkzlk/gamedata/equip/2038.png""}]},{""pieceId"":4336,""pieceName"":""斯维因"",""img"":""https://game.gtimg.cn/images/lol/act/jkzlk/mode16s17/hero/s16_head_swain.png"",""price"":4,""starNum"":0,""equipmentList"":[{""equipmentId"":2025,""equipmentName"":""振奋盔甲"",""equipmentImg"":""https://game.gtimg.cn/images/lol/act/jkzlk/gamedata/equip/spiritvisage.png""},{""equipmentId"":2028,""equipmentName"":""石像鬼石板甲"",""equipmentImg"":""https://game.gtimg.cn/images/lol/act/jkzlk/gamedata/equip/2248.png""},{""equipmentId"":2029,""equipmentName"":""日炎斗篷"",""equipmentImg"":""https://game.gtimg.cn/images/lol/act/jkzlk/gamedata/equip/2329.png""}]},{""pieceId"":5292,""pieceName"":""安妮"",""img"":""https://game.gtimg.cn/images/lol/act/jkzlk/mode16s17/hero/s16_head_annie.png"",""price"":5,""starNum"":0,""equipmentList"":[{""equipmentId"":2004,""equipmentName"":""朔极之矛"",""equipmentImg"":""https://game.gtimg.cn/images/lol/act/jkzlk/gamedata/equip/2004.png""},{""equipmentId"":2014,""equipmentName"":""纳什之牙"",""equipmentImg"":""https://game.gtimg.cn/images/lol/act/jkzlk/gamedata/equip/nashorstooth.png""},{""equipmentId"":2038,""equipmentName"":""珠光护手"",""equipmentImg"":""https://game.gtimg.cn/images/lol/act/jkzlk/gamedata/equip/2038.png""}]},{""pieceId"":2411,""pieceName"":""妮蔻"",""img"":""https://game.gtimg.cn/images/lol/act/jkzlk/mode16s17/hero/s16_head_neeko.png"",""price"":2,""starNum"":0,""equipmentList"":[]},{""pieceId"":4335,""pieceName"":""塔里克"",""img"":""https://game.gtimg.cn/images/lol/act/jkzlk/mode16s17/hero/s16_head_taric.png"",""price"":4,""starNum"":0,""equipmentList"":[]},{""pieceId"":4345,""pieceName"":""拉克丝"",""img"":""https://game.gtimg.cn/images/lol/act/jkzlk/mode16s17/hero/s16_head_lux.png"",""price"":4,""starNum"":0,""equipmentList"":[]},{""pieceId"":5278,""pieceName"":""希瓦娜"",""img"":""https://game.gtimg.cn/images/lol/act/jkzlk/mode16s17/hero/s16_head_shyvana.png"",""price"":5,""starNum"":0,""equipmentList"":[]},{""pieceId"":5397,""pieceName"":""卢锡安与赛娜"",""img"":""https://game.gtimg.cn/images/lol/act/jkzlk/mode16s17/hero/s16_head_senna.png"",""price"":5,""starNum"":0,""equipmentList"":[]}],""extraData"":{""img"":""https://game.gtimg.cn/images/lol/act/jkzlk/mode16s17/trait/s16_trait_icon_arcanist.png"",""levelRate_7"":0.07,""levelRate_8"":0.9,""levelRate_9"":99.01,""authorName"":""微信公众号-小鱼一图流"",""campName"":""法师 安妮 && 斯维因"",""campCode"":""【阵容码】#6法安妮-公众号小鱼一图流#MjE5OTE0MDkxODI4MDc2MDkxNzczNDgzNTcxOTM3"",""campCoreNum"":3,""campUrl"":""https://pvp.91m.top/""},""change"":{""allPickRate"":{""updateType"":0,""updateValue"":0},""avgRanking"":{""updateType"":1,""updateValue"":0.03},""pickRate_4"":{""updateType"":2,""updateValue"":-0.02},""pickRate_1"":{""updateType"":0,""updateValue"":0}}}"
5,1,072e05e2002618c43df14351bef1d395,204.75378000000003,0.66,4.38,16.71,50.44,https://game.gtimg.cn/images/lol/act/jkzlk/mode16s17/trait/s16_trait_icon_noxus.png,0.26,3.14,96.58,微信公众号-小鱼一图流,诺克萨斯 千珏 && 德莱文,【阵容码】#千珏95-抖音小鱼一图流#MjE5OTE0MDkxODI4MDc2MDkxNzY2OTg0MDgyNzc1,3,https://mp.weixin.qq.com/s/aY62RY5qrvrNivcssAIBgA,0,0,2,-0.04,0,0,2,-0.01,"{""score"":204.75378000000003,""groupId"":""072e05e2002618c43df14351bef1d395"",""allPickRate"":0.66,""avgRanking"":4.38,""pickRate_1"":16.71,""pickRate_4"":50.44,""pieceList"":[{""pieceId"":5284,""pieceName"":""千珏"",""img"":""https://game.gtimg.cn/images/lol/act/jkzlk/mode16s17/hero/s16_head_kindred.png"",""price"":5,""starNum"":0,""equipmentList"":[{""equipmentId"":2010,""equipmentName"":""鬼索的狂暴之刃"",""equipmentImg"":""https://game.gtimg.cn/images/lol/act/jkzlk/gamedata/equip/2010.png""},{""equipmentId"":2013,""equipmentName"":""海妖之怒"",""equipmentImg"":""https://game.gtimg.cn/images/lol/act/jkzlk/gamedata/equip/krakensfury.png""},{""equipmentId"":2045,""equipmentName"":""锐利之刃"",""equipmentImg"":""https://game.gtimg.cn/images/lol/act/jkzlk/gamedata/equip/2045.png""}]},{""pieceId"":3337,""pieceName"":""德莱厄斯"",""img"":""https://game.gtimg.cn/images/lol/act/jkzlk/mode16s17/hero/s16_head_darius.png"",""price"":3,""starNum"":0,""equipmentList"":[{""equipmentId"":2007,""equipmentName"":""斯特拉克的挑战护手"",""equipmentImg"":""https://game.gtimg.cn/images/lol/act/jkzlk/gamedata/equip/steraksgage.png""},{""equipmentId"":2012,""equipmentName"":""泰坦的坚决"",""equipmentImg"":""https://game.gtimg.cn/images/lol/act/jkzlk/gamedata/equip/2052.png""},{""equipmentId"":2024,""equipmentName"":""适应性头盔"",""equipmentImg"":""https://game.gtimg.cn/images/lol/act/jkzlk/gamedata/equip/adaptivehelm.png""}]},{""pieceId"":3335,""pieceName"":""德莱文"",""img"":""https://game.gtimg.cn/images/lol/act/jkzlk/mode16s17/hero/s16_head_draven.png"",""price"":3,""starNum"":0,""equipmentList"":[{""equipmentId"":2010,""equipmentName"":""鬼索的狂暴之刃"",""equipmentImg"":""https://game.gtimg.cn/images/lol/act/jkzlk/gamedata/equip/2010.png""},{""equipmentId"":2045,""equipmentName"":""锐利之刃"",""equipmentImg"":""https://game.gtimg.cn/images/lol/act/jkzlk/gamedata/equip/2045.png""},{""equipmentId"":2046,""equipmentName"":""巨人捕手"",""equipmentImg"":""https://game.gtimg.cn/images/lol/act/jkzlk/gamedata/equip/2046.png""}]},{""pieceId"":4336,""pieceName"":""斯维因"",""img"":""https://game.gtimg.cn/images/lol/act/jkzlk/mode16s17/hero/s16_head_swain.png"",""price"":4,""starNum"":0,""equipmentList"":[]},{""pieceId"":5277,""pieceName"":""塞拉斯"",""img"":""https://game.gtimg.cn/images/lol/act/jkzlk/mode16s17/hero/s16_head_sylas.png"",""price"":5,""starNum"":0,""equipmentList"":[]},{""pieceId"":5278,""pieceName"":""希瓦娜"",""img"":""https://game.gtimg.cn/images/lol/act/jkzlk/mode16s17/hero/s16_head_shyvana.png"",""price"":5,""starNum"":0,""equipmentList"":[]},{""pieceId"":5281,""pieceName"":""奥恩"",""img"":""https://game.gtimg.cn/images/lol/act/jkzlk/mode16s17/hero/s16_head_ornn.png"",""price"":5,""starNum"":0,""equipmentList"":[]},{""pieceId"":5397,""pieceName"":""卢锡安与赛娜"",""img"":""https://game.gtimg.cn/images/lol/act/jkzlk/mode16s17/hero/s16_head_senna.png"",""price"":5,""starNum"":0,""equipmentList"":[]}],""extraData"":{""img"":""https://game.gtimg.cn/images/lol/act/jkzlk/mode16s17/trait/s16_trait_icon_noxus.png"",""levelRate_7"":0.26,""levelRate_8"":3.14,""levelRate_9"":96.58,""authorName"":""微信公众号-小鱼一图流"",""campName"":""诺克萨斯 千珏 && 德莱文"",""campCode"":""【阵容码】#千珏95-抖音小鱼一图流#MjE5OTE0MDkxODI4MDc2MDkxNzY2OTg0MDgyNzc1"",""campCoreNum"":3,""campUrl"":""https://mp.weixin.qq.com/s/aY62RY5qrvrNivcssAIBgA""},""change"":{""allPickRate"":{""updateType"":0,""updateValue"":0},""avgRanking"":{""updateType"":2,""updateValue"":-0.04},""pickRate_4"":{""updateType"":0,""updateValue"":0},""pickRate_1"":{""updateType"":2,""updateValue"":-0.01}}}"
6,1,dc12901d5e5c8a63dcf0117c13cd0bc5,151.06959,0.63,4.98,21.01,38.64,https://game.gtimg.cn/images/lol/act/jkzlk/mode16s17/trait/s16_trait_icon_ixtal.png,3.81,22.71,73.46,小小苏,以绪塔尔 奈德丽 && 斯卡纳, 【阵容码】#以绪岩宝95-抖音小鱼一图流#MjE5OTE0MDkxODI4MDc2MDkxNzY3NDAwNDE3MTE4,3,https://mp.weixin.qq.com/s/Er1Li1jtlYsCaK3QBa1CHg,2,-0.01,2,-0.01,2,-0.01,2,-0.01,"{""score"":151.06959,""groupId"":""dc12901d5e5c8a63dcf0117c13cd0bc5"",""allPickRate"":0.63,""avgRanking"":4.98,""pickRate_1"":21.01,""pickRate_4"":38.64,""pieceList"":[{""pieceId"":4337,""pieceName"":""斯卡纳"",""img"":""https://game.gtimg.cn/images/lol/act/jkzlk/mode16s17/hero/s16_head_skarner.png"",""price"":4,""starNum"":0,""equipmentList"":[{""equipmentId"":2028,""equipmentName"":""石像鬼石板甲"",""equipmentImg"":""https://game.gtimg.cn/images/lol/act/jkzlk/gamedata/equip/2248.png""},{""equipmentId"":2029,""equipmentName"":""日炎斗篷"",""equipmentImg"":""https://game.gtimg.cn/images/lol/act/jkzlk/gamedata/equip/2329.png""},{""equipmentId"":2032,""equipmentName"":""薄暮法袍"",""equipmentImg"":""https://game.gtimg.cn/images/lol/act/jkzlk/gamedata/equip/evenshroud.png""}]},{""pieceId"":4342,""pieceName"":""奈德丽"",""img"":""https://game.gtimg.cn/images/lol/act/jkzlk/mode16s17/hero/s16_head_nidalee.png"",""price"":4,""starNum"":0,""equipmentList"":[{""equipmentId"":2011,""equipmentName"":""虚空之杖"",""equipmentImg"":""https://game.gtimg.cn/images/lol/act/jkzlk/gamedata/equip/voidstaff.png""},{""equipmentId"":2038,""equipmentName"":""珠光护手"",""equipmentImg"":""https://game.gtimg.cn/images/lol/act/jkzlk/gamedata/equip/2038.png""},{""equipmentId"":2046,""equipmentName"":""巨人捕手"",""equipmentImg"":""https://game.gtimg.cn/images/lol/act/jkzlk/gamedata/equip/2046.png""}]},{""pieceId"":2411,""pieceName"":""妮蔻"",""img"":""https://game.gtimg.cn/images/lol/act/jkzlk/mode16s17/hero/s16_head_neeko.png"",""price"":2,""starNum"":0,""equipmentList"":[{""equipmentId"":2025,""equipmentName"":""振奋盔甲"",""equipmentImg"":""https://game.gtimg.cn/images/lol/act/jkzlk/gamedata/equip/spiritvisage.png""},{""equipmentId"":2028,""equipmentName"":""石像鬼石板甲"",""equipmentImg"":""https://game.gtimg.cn/images/lol/act/jkzlk/gamedata/equip/2248.png""},{""equipmentId"":2029,""equipmentName"":""日炎斗篷"",""equipmentImg"":""https://game.gtimg.cn/images/lol/act/jkzlk/gamedata/equip/2329.png""}]},{""pieceId"":2403,""pieceName"":""蔚"",""img"":""https://game.gtimg.cn/images/lol/act/jkzlk/mode16s17/hero/s16_head_vi.png"",""price"":2,""starNum"":0,""equipmentList"":[]},{""pieceId"":3325,""pieceName"":""米利欧"",""img"":""https://game.gtimg.cn/images/lol/act/jkzlk/mode16s17/hero/s16_head_milio.png"",""price"":3,""starNum"":0,""equipmentList"":[]},{""pieceId"":4336,""pieceName"":""斯维因"",""img"":""https://game.gtimg.cn/images/lol/act/jkzlk/mode16s17/hero/s16_head_swain.png"",""price"":4,""starNum"":0,""equipmentList"":[]},{""pieceId"":5278,""pieceName"":""希瓦娜"",""img"":""https://game.gtimg.cn/images/lol/act/jkzlk/mode16s17/hero/s16_head_shyvana.png"",""price"":5,""starNum"":0,""equipmentList"":[]},{""pieceId"":5288,""pieceName"":""岩宝"",""img"":""https://game.gtimg.cn/images/lol/act/jkzlk/mode16s17/hero/s16_head_brock.png"",""price"":5,""starNum"":0,""equipmentList"":[]}],""extraData"":{""img"":""https://game.gtimg.cn/images/lol/act/jkzlk/mode16s17/trait/s16_trait_icon_ixtal.png"",""levelRate_7"":3.81,""levelRate_8"":22.71,""levelRate_9"":73.46,""authorName"":""小小苏"",""campName"":""以绪塔尔 奈德丽 && 斯卡纳"",""campCode"":"" 【阵容码】#以绪岩宝95-抖音小鱼一图流#MjE5OTE0MDkxODI4MDc2MDkxNzY3NDAwNDE3MTE4"",""campCoreNum"":3,""campUrl"":""https://mp.weixin.qq.com/s/Er1Li1jtlYsCaK3QBa1CHg""},""change"":{""allPickRate"":{""updateType"":2,""updateValue"":-0.01},""avgRanking"":{""updateType"":2,""updateValue"":-0.01},""pickRate_4"":{""updateType"":2,""updateValue"":-0.01},""pickRate_1"":{""updateType"":2,""updateValue"":-0.01}}}"
7,1,4a4451ffc5d54b0c6ec783ecfa0ebd9d,97.45142400000002,0.28,4.08,12.07,58.67,https://game.gtimg.cn/images/lol/act/jkzlk/mode16s17/trait/s16_trait_icon_slayer.png,17.9,48.62,33.47,微信公众号-小鱼一图流,裁决战士 阿狸 && 永恩,【阵容码】#艾欧永恩-公众号小鱼一图流#MjE5OTE0MDkxODI4MDc2MDkxNzcyNDUzNzU2NjIx,3,https://mp.weixin.qq.com/s/M7AL-31TmOFizbwuvcYxvg,2,-0.01,1,0.04,0,0,2,-0.01,"{""score"":97.45142400000002,""groupId"":""4a4451ffc5d54b0c6ec783ecfa0ebd9d"",""allPickRate"":0.28,""avgRanking"":4.08,""pickRate_1"":12.07,""pickRate_4"":58.67,""pieceList"":[{""pieceId"":4331,""pieceName"":""永恩"",""img"":""https://game.gtimg.cn/images/lol/act/jkzlk/mode16s17/hero/s16_head_yone.png"",""price"":4,""starNum"":0,""equipmentList"":[{""equipmentId"":2006,""equipmentName"":""汲取剑"",""equipmentImg"":""https://game.gtimg.cn/images/lol/act/jkzlk/gamedata/equip/2006.png""},{""equipmentId"":2010,""equipmentName"":""鬼索的狂暴之刃"",""equipmentImg"":""https://game.gtimg.cn/images/lol/act/jkzlk/gamedata/equip/2010.png""},{""equipmentId"":2012,""equipmentName"":""泰坦的坚决"",""equipmentImg"":""https://game.gtimg.cn/images/lol/act/jkzlk/gamedata/equip/2052.png""}]},{""pieceId"":4332,""pieceName"":""孙悟空"",""img"":""https://game.gtimg.cn/images/lol/act/jkzlk/mode16s17/hero/s16_head_wukong.png"",""price"":4,""starNum"":0,""equipmentList"":[{""equipmentId"":2019,""equipmentName"":""离子火花"",""equipmentImg"":""https://game.gtimg.cn/images/lol/act/jkzlk/gamedata/equip/2019.png""},{""equipmentId"":2025,""equipmentName"":""振奋盔甲"",""equipmentImg"":""https://game.gtimg.cn/images/lol/act/jkzlk/gamedata/equip/spiritvisage.png""},{""equipmentId"":2029,""equipmentName"":""日炎斗篷"",""equipmentImg"":""https://game.gtimg.cn/images/lol/act/jkzlk/gamedata/equip/2329.png""}]},{""pieceId"":3338,""pieceName"":""阿狸"",""img"":""https://game.gtimg.cn/images/lol/act/jkzlk/mode16s17/hero/s16_head_ahri.png"",""price"":3,""starNum"":3,""equipmentList"":[{""equipmentId"":2004,""equipmentName"":""朔极之矛"",""equipmentImg"":""https://game.gtimg.cn/images/lol/act/jkzlk/gamedata/equip/2004.png""},{""equipmentId"":2014,""equipmentName"":""纳什之牙"",""equipmentImg"":""https://game.gtimg.cn/images/lol/act/jkzlk/gamedata/equip/nashorstooth.png""},{""equipmentId"":2038,""equipmentName"":""珠光护手"",""equipmentImg"":""https://game.gtimg.cn/images/lol/act/jkzlk/gamedata/equip/2038.png""}]},{""pieceId"":1402,""pieceName"":""慎"",""img"":""https://game.gtimg.cn/images/lol/act/jkzlk/mode16s17/hero/s16_head_shen.png"",""price"":1,""starNum"":0,""equipmentList"":[]},{""pieceId"":2401,""pieceName"":""亚索"",""img"":""https://game.gtimg.cn/images/lol/act/jkzlk/mode16s17/hero/s16_head_yasuo.png"",""price"":2,""starNum"":0,""equipmentList"":[]},{""pieceId"":2411,""pieceName"":""妮蔻"",""img"":""https://game.gtimg.cn/images/lol/act/jkzlk/mode16s17/hero/s16_head_neeko.png"",""price"":2,""starNum"":0,""equipmentList"":[]},{""pieceId"":3331,""pieceName"":""凯南"",""img"":""https://game.gtimg.cn/images/lol/act/jkzlk/mode16s17/hero/s16_head_kennen.png"",""price"":3,""starNum"":0,""equipmentList"":[]},{""pieceId"":5279,""pieceName"":""瑟提"",""img"":""https://game.gtimg.cn/images/lol/act/jkzlk/mode16s17/hero/s16_head_sett.png"",""price"":5,""starNum"":0,""equipmentList"":[]}],""extraData"":{""img"":""https://game.gtimg.cn/images/lol/act/jkzlk/mode16s17/trait/s16_trait_icon_slayer.png"",""levelRate_7"":17.9,""levelRate_8"":48.62,""levelRate_9"":33.47,""authorName"":""微信公众号-小鱼一图流"",""campName"":""裁决战士 阿狸 && 永恩"",""campCode"":""【阵容码】#艾欧永恩-公众号小鱼一图流#MjE5OTE0MDkxODI4MDc2MDkxNzcyNDUzNzU2NjIx"",""campCoreNum"":3,""campUrl"":""https://mp.weixin.qq.com/s/M7AL-31TmOFizbwuvcYxvg""},""change"":{""allPickRate"":{""updateType"":2,""updateValue"":-0.01},""avgRanking"":{""updateType"":1,""updateValue"":0.04},""pickRate_4"":{""updateType"":0,""updateValue"":0},""pickRate_1"":{""updateType"":2,""updateValue"":-0.01}}}"
8,1,c739b2d358e6dae1dee8bbbf429f6307,95.23648799999998,0.36,4.46,6.12,52.15,https://game.gtimg.cn/images/lol/act/jkzlk/mode16s17/trait/s16_trait_icon_freljord.png,33.31,50.64,16.04,微信公众号-小鱼一图流,弗雷尔卓德 金克丝 && 瑟庄妮,【阵容码】#弗雷金丝狼-抖音小鱼一图流#MjE5OTE0MDkxODI4MDc2MDkxNzY5MTQ1NTczNjk5,3,https://mp.weixin.qq.com/s/0NFEraTjX12eLMV3F-ZgNg,1,0.01,1,0.02,2,-0.01,2,-0.01,"{""score"":95.23648799999998,""groupId"":""c739b2d358e6dae1dee8bbbf429f6307"",""allPickRate"":0.36,""avgRanking"":4.46,""pickRate_1"":6.12,""pickRate_4"":52.15,""pieceList"":[{""pieceId"":3322,""pieceName"":""瑟庄妮"",""img"":""https://game.gtimg.cn/images/lol/act/jkzlk/mode16s17/hero/s16_head_sejuani.png"",""price"":3,""starNum"":0,""equipmentList"":[{""equipmentId"":2025,""equipmentName"":""振奋盔甲"",""equipmentImg"":""https://game.gtimg.cn/images/lol/act/jkzlk/gamedata/equip/spiritvisage.png""},{""equipmentId"":2029,""equipmentName"":""日炎斗篷"",""equipmentImg"":""https://game.gtimg.cn/images/lol/act/jkzlk/gamedata/equip/2329.png""},{""equipmentId"":2032,""equipmentName"":""薄暮法袍"",""equipmentImg"":""https://game.gtimg.cn/images/lol/act/jkzlk/gamedata/equip/evenshroud.png""}]},{""pieceId"":3332,""pieceName"":""金克丝"",""img"":""https://game.gtimg.cn/images/lol/act/jkzlk/mode16s17/hero/s16_head_jinx.png"",""price"":3,""starNum"":3,""equipmentList"":[{""equipmentId"":2003,""equipmentName"":""海克斯科技枪刃"",""equipmentImg"":""https://game.gtimg.cn/images/lol/act/jkzlk/gamedata/equip/2003.png""},{""equipmentId"":2010,""equipmentName"":""鬼索的狂暴之刃"",""equipmentImg"":""https://game.gtimg.cn/images/lol/act/jkzlk/gamedata/equip/2010.png""},{""equipmentId"":2041,""equipmentName"":""水银"",""equipmentImg"":""https://game.gtimg.cn/images/lol/act/jkzlk/gamedata/equip/2041.png""}]},{""pieceId"":2403,""pieceName"":""蔚"",""img"":""https://game.gtimg.cn/images/lol/act/jkzlk/mode16s17/hero/s16_head_vi.png"",""price"":2,""starNum"":0,""equipmentList"":[{""equipmentId"":1009,""equipmentName"":""拳套"",""equipmentImg"":""https://game.gtimg.cn/images/lol/act/jkzlk/gamedata/equip/1009.png""},{""equipmentId"":2024,""equipmentName"":""适应性头盔"",""equipmentImg"":""https://game.gtimg.cn/images/lol/act/jkzlk/gamedata/equip/adaptivehelm.png""},{""equipmentId"":2027,""equipmentName"":""棘刺背心"",""equipmentImg"":""https://game.gtimg.cn/images/lol/act/jkzlk/gamedata/equip/2054.png""}]},{""pieceId"":2416,""pieceName"":""艾希"",""img"":""https://game.gtimg.cn/images/lol/act/jkzlk/mode16s17/hero/s16_head_ashe.png"",""price"":2,""starNum"":0,""equipmentList"":[]},{""pieceId"":3327,""pieceName"":""洛里斯"",""img"":""https://game.gtimg.cn/images/lol/act/jkzlk/mode16s17/hero/s16_head_loris.png"",""price"":3,""starNum"":0,""equipmentList"":[]},{""pieceId"":4333,""pieceName"":""沃里克"",""img"":""https://game.gtimg.cn/images/lol/act/jkzlk/mode16s17/hero/s16_head_warwick.png"",""price"":4,""starNum"":0,""equipmentList"":[]},{""pieceId"":4352,""pieceName"":""布隆"",""img"":""https://game.gtimg.cn/images/lol/act/jkzlk/mode16s17/hero/s16_head_braum.png"",""price"":4,""starNum"":0,""equipmentList"":[]},{""pieceId"":5397,""pieceName"":""卢锡安与赛娜"",""img"":""https://game.gtimg.cn/images/lol/act/jkzlk/mode16s17/hero/s16_head_senna.png"",""price"":5,""starNum"":0,""equipmentList"":[]}],""extraData"":{""img"":""https://game.gtimg.cn/images/lol/act/jkzlk/mode16s17/trait/s16_trait_icon_freljord.png"",""levelRate_7"":33.31,""levelRate_8"":50.64,""levelRate_9"":16.04,""authorName"":""微信公众号-小鱼一图流"",""campName"":""弗雷尔卓德 金克丝 && 瑟庄妮"",""campCode"":""【阵容码】#弗雷金丝狼-抖音小鱼一图流#MjE5OTE0MDkxODI4MDc2MDkxNzY5MTQ1NTczNjk5"",""campCoreNum"":3,""campUrl"":""https://mp.weixin.qq.com/s/0NFEraTjX12eLMV3F-ZgNg""},""change"":{""allPickRate"":{""updateType"":1,""updateValue"":0.01},""avgRanking"":{""updateType"":1,""updateValue"":0.02},""pickRate_4"":{""updateType"":2,""updateValue"":-0.01},""pickRate_1"":{""updateType"":2,""updateValue"":-0.01}}}"
9,1,ead2969980451808981bf9d06a9083fe,49.428624000000006,0.16,4.29,12.25,53.34,https://game.gtimg.cn/images/lol/act/jkzlk/mode16s17/trait/s16_trait_icon_yordle.png,0.1,0.51,99.38,小小苏,约德尔人 吉格斯 && 凯南,【阵容码】#68约德尔-抖音小鱼一图流#MjE5OTE0MDkxODI4MDc2MDkxNzY5ODM3MTc3OTI4,3,https://mp.weixin.qq.com/s/YqrFbA8VFdaYitgfh22Etg,0,0,2,-0.07,0,0,0,0,"{""score"":49.428624000000006,""groupId"":""ead2969980451808981bf9d06a9083fe"",""allPickRate"":0.16,""avgRanking"":4.29,""pickRate_1"":12.25,""pickRate_4"":53.34,""pieceList"":[{""pieceId"":5271,""pieceName"":""吉格斯"",""img"":""https://game.gtimg.cn/images/lol/act/jkzlk/mode16s17/hero/s16_head_ziggs.png"",""price"":5,""starNum"":0,""equipmentList"":[{""equipmentId"":2010,""equipmentName"":""鬼索的狂暴之刃"",""equipmentImg"":""https://game.gtimg.cn/images/lol/act/jkzlk/gamedata/equip/2010.png""},{""equipmentId"":2011,""equipmentName"":""虚空之杖"",""equipmentImg"":""https://game.gtimg.cn/images/lol/act/jkzlk/gamedata/equip/voidstaff.png""},{""equipmentId"":2038,""equipmentName"":""珠光护手"",""equipmentImg"":""https://game.gtimg.cn/images/lol/act/jkzlk/gamedata/equip/2038.png""}]},{""pieceId"":3331,""pieceName"":""凯南"",""img"":""https://game.gtimg.cn/images/lol/act/jkzlk/mode16s17/hero/s16_head_kennen.png"",""price"":3,""starNum"":0,""equipmentList"":[{""equipmentId"":2025,""equipmentName"":""振奋盔甲"",""equipmentImg"":""https://game.gtimg.cn/images/lol/act/jkzlk/gamedata/equip/spiritvisage.png""},{""equipmentId"":2028,""equipmentName"":""石像鬼石板甲"",""equipmentImg"":""https://game.gtimg.cn/images/lol/act/jkzlk/gamedata/equip/2248.png""},{""equipmentId"":2029,""equipmentName"":""日炎斗篷"",""equipmentImg"":""https://game.gtimg.cn/images/lol/act/jkzlk/gamedata/equip/2329.png""}]},{""pieceId"":2407,""pieceName"":""提莫"",""img"":""https://game.gtimg.cn/images/lol/act/jkzlk/mode16s17/hero/s16_head_teemo.png"",""price"":2,""starNum"":3,""equipmentList"":[{""equipmentId"":2001,""equipmentName"":""无尽之刃"",""equipmentImg"":""https://game.gtimg.cn/images/lol/act/jkzlk/gamedata/equip/2001.png""},{""equipmentId"":2004,""equipmentName"":""朔极之矛"",""equipmentImg"":""https://game.gtimg.cn/images/lol/act/jkzlk/gamedata/equip/2004.png""},{""equipmentId"":2016,""equipmentName"":""班克斯的魔法帽"",""equipmentImg"":""https://game.gtimg.cn/images/lol/act/jkzlk/gamedata/equip/2016.png""}]},{""pieceId"":3330,""pieceName"":""可酷伯与悠米"",""img"":""https://game.gtimg.cn/images/lol/act/jkzlk/mode16s17/hero/s16_head_kobukoyuumi.png"",""price"":3,""starNum"":0,""equipmentList"":[]},{""pieceId"":4334,""pieceName"":""维迦"",""img"":""https://game.gtimg.cn/images/lol/act/jkzlk/mode16s17/hero/s16_head_veigar.png"",""price"":4,""starNum"":0,""equipmentList"":[]},{""pieceId"":4336,""pieceName"":""斯维因"",""img"":""https://game.gtimg.cn/images/lol/act/jkzlk/mode16s17/hero/s16_head_swain.png"",""price"":4,""starNum"":0,""equipmentList"":[]},{""pieceId"":5277,""pieceName"":""塞拉斯"",""img"":""https://game.gtimg.cn/images/lol/act/jkzlk/mode16s17/hero/s16_head_sylas.png"",""price"":5,""starNum"":0,""equipmentList"":[]},{""pieceId"":5278,""pieceName"":""希瓦娜"",""img"":""https://game.gtimg.cn/images/lol/act/jkzlk/mode16s17/hero/s16_head_shyvana.png"",""price"":5,""starNum"":0,""equipmentList"":[]}],""extraData"":{""img"":""https://game.gtimg.cn/images/lol/act/jkzlk/mode16s17/trait/s16_trait_icon_yordle.png"",""levelRate_7"":0.1,""levelRate_8"":0.51,""levelRate_9"":99.38,""authorName"":""小小苏"",""campName"":""约德尔人 吉格斯 && 凯南"",""campCode"":""【阵容码】#68约德尔-抖音小鱼一图流#MjE5OTE0MDkxODI4MDc2MDkxNzY5ODM3MTc3OTI4"",""campCoreNum"":3,""campUrl"":""https://mp.weixin.qq.com/s/YqrFbA8VFdaYitgfh22Etg""},""change"":{""allPickRate"":{""updateType"":0,""updateValue"":0},""avgRanking"":{""updateType"":2,""updateValue"":-0.07},""pickRate_4"":{""updateType"":0,""updateValue"":0},""pickRate_1"":{""updateType"":0,""updateValue"":0}}}"
10,1,2fdf851f6d3cbac9e4f538d504f25d05,30.738631000000005,0.07,3.61,10.45,71.02,https://game.gtimg.cn/images/lol/act/jkzlk/mode16s17/trait/s16_trait_icon_demacia.png,0.65,9.15,90.19,微信公众号-小鱼一图流,德玛西亚 卡莎 && 盖伦,【阵容码】#德玛卡莎-抖音小鱼一图流#MjE5OTE0MDkxODI4MDc2MDkxNzY5NzY3MTg0NDQw,3,https://mp.weixin.qq.com/s/9CHWNWa5u7s4NYcC7Kdpmg,2,-0.01,1,0.15,2,-0.04,2,-0.03,"{""score"":30.738631000000005,""groupId"":""2fdf851f6d3cbac9e4f538d504f25d05"",""allPickRate"":0.07,""avgRanking"":3.61,""pickRate_1"":10.45,""pickRate_4"":71.02,""pieceList"":[{""pieceId"":4345,""pieceName"":""拉克丝"",""img"":""https://game.gtimg.cn/images/lol/act/jkzlk/mode16s17/hero/s16_head_lux.png"",""price"":4,""starNum"":0,""equipmentList"":[{""equipmentId"":2004,""equipmentName"":""朔极之矛"",""equipmentImg"":""https://game.gtimg.cn/images/lol/act/jkzlk/gamedata/equip/2004.png""},{""equipmentId"":2020,""equipmentName"":""莫雷洛秘典"",""equipmentImg"":""https://game.gtimg.cn/images/lol/act/jkzlk/gamedata/equip/2020.png""},{""equipmentId"":2038,""equipmentName"":""珠光护手"",""equipmentImg"":""https://game.gtimg.cn/images/lol/act/jkzlk/gamedata/equip/2038.png""}]},{""pieceId"":4349,""pieceName"":""盖伦"",""img"":""https://game.gtimg.cn/images/lol/act/jkzlk/mode16s17/hero/s16_head_garen.png"",""price"":4,""starNum"":0,""equipmentList"":[{""equipmentId"":2025,""equipmentName"":""振奋盔甲"",""equipmentImg"":""https://game.gtimg.cn/images/lol/act/jkzlk/gamedata/equip/spiritvisage.png""},{""equipmentId"":2029,""equipmentName"":""日炎斗篷"",""equipmentImg"":""https://game.gtimg.cn/images/lol/act/jkzlk/gamedata/equip/2329.png""},{""equipmentId"":2032,""equipmentName"":""薄暮法袍"",""equipmentImg"":""https://game.gtimg.cn/images/lol/act/jkzlk/gamedata/equip/evenshroud.png""}]},{""pieceId"":4360,""pieceName"":""卡莎"",""img"":""https://game.gtimg.cn/images/lol/act/jkzlk/mode16s17/hero/s16_head_kaisa.png"",""price"":4,""starNum"":0,""equipmentList"":[{""equipmentId"":2001,""equipmentName"":""无尽之刃"",""equipmentImg"":""https://game.gtimg.cn/images/lol/act/jkzlk/gamedata/equip/2001.png""},{""equipmentId"":2004,""equipmentName"":""朔极之矛"",""equipmentImg"":""https://game.gtimg.cn/images/lol/act/jkzlk/gamedata/equip/2004.png""},{""equipmentId"":2037,""equipmentName"":""最后的轻语"",""equipmentImg"":""https://game.gtimg.cn/images/lol/act/jkzlk/gamedata/equip/2053.png""}]},{""pieceId"":1408,""pieceName"":""嘉文四世"",""img"":""https://game.gtimg.cn/images/lol/act/jkzlk/mode16s17/hero/s16_head_jarvan.png"",""price"":1,""starNum"":0,""equipmentList"":[]},{""pieceId"":2403,""pieceName"":""蔚"",""img"":""https://game.gtimg.cn/images/lol/act/jkzlk/mode16s17/hero/s16_head_vi.png"",""price"":2,""starNum"":0,""equipmentList"":[]},{""pieceId"":3321,""pieceName"":""薇恩"",""img"":""https://game.gtimg.cn/images/lol/act/jkzlk/mode16s17/hero/s16_head_vayne.png"",""price"":3,""starNum"":0,""equipmentList"":[]},{""pieceId"":3337,""pieceName"":""德莱厄斯"",""img"":""https://game.gtimg.cn/images/lol/act/jkzlk/mode16s17/hero/s16_head_darius.png"",""price"":3,""starNum"":0,""equipmentList"":[]},{""pieceId"":5285,""pieceName"":""加里奥"",""img"":""https://game.gtimg.cn/images/lol/act/jkzlk/mode16s17/hero/s16_head_galio.png"",""price"":5,""starNum"":0,""equipmentList"":[]}],""extraData"":{""img"":""https://game.gtimg.cn/images/lol/act/jkzlk/mode16s17/trait/s16_trait_icon_demacia.png"",""levelRate_7"":0.65,""levelRate_8"":9.15,""levelRate_9"":90.19,""authorName"":""微信公众号-小鱼一图流"",""campName"":""德玛西亚 卡莎 && 盖伦"",""campCode"":""【阵容码】#德玛卡莎-抖音小鱼一图流#MjE5OTE0MDkxODI4MDc2MDkxNzY5NzY3MTg0NDQw"",""campCoreNum"":3,""campUrl"":""https://mp.weixin.qq.com/s/9CHWNWa5u7s4NYcC7Kdpmg""},""change"":{""allPickRate"":{""updateType"":2,""updateValue"":-0.01},""avgRanking"":{""updateType"":1,""updateValue"":0.15},""pickRate_4"":{""updateType"":2,""updateValue"":-0.04},""pickRate_1"":{""updateType"":2,""updateValue"":-0.03}}}"
11,1,a505c297073922092fd4da2e97728323,28.367759999999993,0.1,4.44,7.98,54.23,https://game.gtimg.cn/images/lol/act/jkzlk/mode16s17/trait/s16_trait_icon_demacia.png,0.48,6.18,93.32,微信公众号-小鱼一图流,德玛西亚 卡莎 && 盖伦,【阵容码】#德玛卡莎-抖音小鱼一图流#MjE5OTE0MDkxODI4MDc2MDkxNzY5NzY3MTg0NDQw,3,https://mp.weixin.qq.com/s/9CHWNWa5u7s4NYcC7Kdpmg,2,-0.01,1,0.1,2,-0.03,2,-0.02,"{""score"":28.367759999999993,""groupId"":""a505c297073922092fd4da2e97728323"",""allPickRate"":0.1,""avgRanking"":4.44,""pickRate_1"":7.98,""pickRate_4"":54.23,""pieceList"":[{""pieceId"":4349,""pieceName"":""盖伦"",""img"":""https://game.gtimg.cn/images/lol/act/jkzlk/mode16s17/hero/s16_head_garen.png"",""price"":4,""starNum"":0,""equipmentList"":[{""equipmentId"":2025,""equipmentName"":""振奋盔甲"",""equipmentImg"":""https://game.gtimg.cn/images/lol/act/jkzlk/gamedata/equip/spiritvisage.png""},{""equipmentId"":2028,""equipmentName"":""石像鬼石板甲"",""equipmentImg"":""https://game.gtimg.cn/images/lol/act/jkzlk/gamedata/equip/2248.png""},{""equipmentId"":2029,""equipmentName"":""日炎斗篷"",""equipmentImg"":""https://game.gtimg.cn/images/lol/act/jkzlk/gamedata/equip/2329.png""}]},{""pieceId"":4348,""pieceName"":""卡莎"",""img"":""https://game.gtimg.cn/images/lol/act/jkzlk/mode16s17/hero/s16_head_kaisa.png"",""price"":4,""starNum"":0,""equipmentList"":[{""equipmentId"":2003,""equipmentName"":""海克斯科技枪刃"",""equipmentImg"":""https://game.gtimg.cn/images/lol/act/jkzlk/gamedata/equip/2003.png""},{""equipmentId"":2010,""equipmentName"":""鬼索的狂暴之刃"",""equipmentImg"":""https://game.gtimg.cn/images/lol/act/jkzlk/gamedata/equip/2010.png""},{""equipmentId"":2038,""equipmentName"":""珠光护手"",""equipmentImg"":""https://game.gtimg.cn/images/lol/act/jkzlk/gamedata/equip/2038.png""}]},{""pieceId"":4345,""pieceName"":""拉克丝"",""img"":""https://game.gtimg.cn/images/lol/act/jkzlk/mode16s17/hero/s16_head_lux.png"",""price"":4,""starNum"":0,""equipmentList"":[{""equipmentId"":2004,""equipmentName"":""朔极之矛"",""equipmentImg"":""https://game.gtimg.cn/images/lol/act/jkzlk/gamedata/equip/2004.png""},{""equipmentId"":2038,""equipmentName"":""珠光护手"",""equipmentImg"":""https://game.gtimg.cn/images/lol/act/jkzlk/gamedata/equip/2038.png""},{""equipmentId"":41620,""equipmentName"":""狙神纹章"",""equipmentImg"":""https://game.gtimg.cn/images/lol/act/jkzlk/gamedata/equip/41620.png""}]},{""pieceId"":1406,""pieceName"":""克格莫"",""img"":""https://game.gtimg.cn/images/lol/act/jkzlk/mode16s17/hero/s16_head_kogmaw.png"",""price"":1,""starNum"":0,""equipmentList"":[]},{""pieceId"":1408,""pieceName"":""嘉文四世"",""img"":""https://game.gtimg.cn/images/lol/act/jkzlk/mode16s17/hero/s16_head_jarvan.png"",""price"":1,""starNum"":0,""equipmentList"":[]},{""pieceId"":3321,""pieceName"":""薇恩"",""img"":""https://game.gtimg.cn/images/lol/act/jkzlk/mode16s17/hero/s16_head_vayne.png"",""price"":3,""starNum"":0,""equipmentList"":[]},{""pieceId"":3337,""pieceName"":""德莱厄斯"",""img"":""https://game.gtimg.cn/images/lol/act/jkzlk/mode16s17/hero/s16_head_darius.png"",""price"":3,""starNum"":3,""equipmentList"":[]},{""pieceId"":5285,""pieceName"":""加里奥"",""img"":""https://game.gtimg.cn/images/lol/act/jkzlk/mode16s17/hero/s16_head_galio.png"",""price"":5,""starNum"":0,""equipmentList"":[]}],""extraData"":{""img"":""https://game.gtimg.cn/images/lol/act/jkzlk/mode16s17/trait/s16_trait_icon_demacia.png"",""levelRate_7"":0.48,""levelRate_8"":6.18,""levelRate_9"":93.32,""authorName"":""微信公众号-小鱼一图流"",""campName"":""德玛西亚 卡莎 && 盖伦"",""campCode"":""【阵容码】#德玛卡莎-抖音小鱼一图流#MjE5OTE0MDkxODI4MDc2MDkxNzY5NzY3MTg0NDQw"",""campCoreNum"":3,""campUrl"":""https://mp.weixin.qq.com/s/9CHWNWa5u7s4NYcC7Kdpmg""},""change"":{""allPickRate"":{""updateType"":2,""updateValue"":-0.01},""avgRanking"":{""updateType"":1,""updateValue"":0.1},""pickRate_4"":{""updateType"":2,""updateValue"":-0.03},""pickRate_1"":{""updateType"":2,""updateValue"":-0.02}}}"
12,1,57661c6f6c38077db4c26a355d585d7b,27.991250000000004,0.1,4.43,10.49,50.76,https://game.gtimg.cn/images/lol/act/jkzlk/mode16s17/trait/s16_trait_icon_yordle.png,0.16,8.29,91.53,微信公众号-小鱼一图流,约德尔人 维迦 && 凯南,【阵容码】#68约德尔-抖音小鱼一图流#MjE5OTE0MDkxODI4MDc2MDkxNzY5ODM3MTc3OTI4,3,https://mp.weixin.qq.com/s/YqrFbA8VFdaYitgfh22Etg,0,0,1,0.09,2,-0.02,2,-0.02,"{""score"":27.991250000000004,""groupId"":""57661c6f6c38077db4c26a355d585d7b"",""allPickRate"":0.1,""avgRanking"":4.43,""pickRate_1"":10.49,""pickRate_4"":50.76,""pieceList"":[{""pieceId"":4334,""pieceName"":""维迦"",""img"":""https://game.gtimg.cn/images/lol/act/jkzlk/mode16s17/hero/s16_head_veigar.png"",""price"":4,""starNum"":0,""equipmentList"":[{""equipmentId"":2004,""equipmentName"":""朔极之矛"",""equipmentImg"":""https://game.gtimg.cn/images/lol/act/jkzlk/gamedata/equip/2004.png""},{""equipmentId"":2011,""equipmentName"":""虚空之杖"",""equipmentImg"":""https://game.gtimg.cn/images/lol/act/jkzlk/gamedata/equip/voidstaff.png""},{""equipmentId"":2016,""equipmentName"":""班克斯的魔法帽"",""equipmentImg"":""https://game.gtimg.cn/images/lol/act/jkzlk/gamedata/equip/2016.png""}]},{""pieceId"":3331,""pieceName"":""凯南"",""img"":""https://game.gtimg.cn/images/lol/act/jkzlk/mode16s17/hero/s16_head_kennen.png"",""price"":3,""starNum"":0,""equipmentList"":[{""equipmentId"":2025,""equipmentName"":""振奋盔甲"",""equipmentImg"":""https://game.gtimg.cn/images/lol/act/jkzlk/gamedata/equip/spiritvisage.png""},{""equipmentId"":2028,""equipmentName"":""石像鬼石板甲"",""equipmentImg"":""https://game.gtimg.cn/images/lol/act/jkzlk/gamedata/equip/2248.png""},{""equipmentId"":2029,""equipmentName"":""日炎斗篷"",""equipmentImg"":""https://game.gtimg.cn/images/lol/act/jkzlk/gamedata/equip/2329.png""}]},{""pieceId"":2407,""pieceName"":""提莫"",""img"":""https://game.gtimg.cn/images/lol/act/jkzlk/mode16s17/hero/s16_head_teemo.png"",""price"":2,""starNum"":0,""equipmentList"":[{""equipmentId"":2001,""equipmentName"":""无尽之刃"",""equipmentImg"":""https://game.gtimg.cn/images/lol/act/jkzlk/gamedata/equip/2001.png""},{""equipmentId"":2004,""equipmentName"":""朔极之矛"",""equipmentImg"":""https://game.gtimg.cn/images/lol/act/jkzlk/gamedata/equip/2004.png""},{""equipmentId"":2016,""equipmentName"":""班克斯的魔法帽"",""equipmentImg"":""https://game.gtimg.cn/images/lol/act/jkzlk/gamedata/equip/2016.png""}]},{""pieceId"":1403,""pieceName"":""兰博"",""img"":""https://game.gtimg.cn/images/lol/act/jkzlk/mode16s17/hero/s16_head_rumble.png"",""price"":1,""starNum"":0,""equipmentList"":[]},{""pieceId"":2420,""pieceName"":""波比"",""img"":""https://game.gtimg.cn/images/lol/act/jkzlk/mode16s17/hero/s16_head_poppy.png"",""price"":2,""starNum"":0,""equipmentList"":[]},{""pieceId"":3330,""pieceName"":""可酷伯与悠米"",""img"":""https://game.gtimg.cn/images/lol/act/jkzlk/mode16s17/hero/s16_head_kobukoyuumi.png"",""price"":3,""starNum"":0,""equipmentList"":[]},{""pieceId"":5271,""pieceName"":""吉格斯"",""img"":""https://game.gtimg.cn/images/lol/act/jkzlk/mode16s17/hero/s16_head_ziggs.png"",""price"":5,""starNum"":0,""equipmentList"":[]},{""pieceId"":5278,""pieceName"":""希瓦娜"",""img"":""https://game.gtimg.cn/images/lol/act/jkzlk/mode16s17/hero/s16_head_shyvana.png"",""price"":5,""starNum"":0,""equipmentList"":[]}],""extraData"":{""img"":""https://game.gtimg.cn/images/lol/act/jkzlk/mode16s17/trait/s16_trait_icon_yordle.png"",""levelRate_7"":0.16,""levelRate_8"":8.29,""levelRate_9"":91.53,""authorName"":""微信公众号-小鱼一图流"",""campName"":""约德尔人 维迦 && 凯南"",""campCode"":""【阵容码】#68约德尔-抖音小鱼一图流#MjE5OTE0MDkxODI4MDc2MDkxNzY5ODM3MTc3OTI4"",""campCoreNum"":3,""campUrl"":""https://mp.weixin.qq.com/s/YqrFbA8VFdaYitgfh22Etg""},""change"":{""allPickRate"":{""updateType"":0,""updateValue"":0},""avgRanking"":{""updateType"":1,""updateValue"":0.09},""pickRate_4"":{""updateType"":2,""updateValue"":-0.02},""pickRate_1"":{""updateType"":2,""updateValue"":-0.02}}}"
13,1,0267db44eca1ce0ae6cfc050edf0c1ab,24.990750000000002,0.1,4.65,10.95,46.5,https://game.gtimg.cn/images/lol/act/jkzlk/mode16s17/trait/s16_trait_icon_freljord.png,0.95,35.87,63.17,微信公众号-小鱼一图流,弗雷尔卓德 丽桑卓 && 布隆,【阵容码】#冰皮芬妮-抖音小鱼一图流#MjE5OTE0MDkxODI4MDc2MDkxNzY5NjczNjkyNTI5,3,https://mp.weixin.qq.com/s/UuJP40gVqP5is1aTE5gosQ,2,-0.01,1,0.04,0,0,0,0,"{""score"":24.990750000000002,""groupId"":""0267db44eca1ce0ae6cfc050edf0c1ab"",""allPickRate"":0.1,""avgRanking"":4.65,""pickRate_1"":10.95,""pickRate_4"":46.5,""pieceList"":[{""pieceId"":4352,""pieceName"":""布隆"",""img"":""https://game.gtimg.cn/images/lol/act/jkzlk/mode16s17/hero/s16_head_braum.png"",""price"":4,""starNum"":0,""equipmentList"":[{""equipmentId"":2019,""equipmentName"":""离子火花"",""equipmentImg"":""https://game.gtimg.cn/images/lol/act/jkzlk/gamedata/equip/2019.png""},{""equipmentId"":2025,""equipmentName"":""振奋盔甲"",""equipmentImg"":""https://game.gtimg.cn/images/lol/act/jkzlk/gamedata/equip/spiritvisage.png""},{""equipmentId"":2029,""equipmentName"":""日炎斗篷"",""equipmentImg"":""https://game.gtimg.cn/images/lol/act/jkzlk/gamedata/equip/2329.png""}]},{""pieceId"":4346,""pieceName"":""丽桑卓"",""img"":""https://game.gtimg.cn/images/lol/act/jkzlk/mode16s17/hero/s16_head_lissandra.png"",""price"":4,""starNum"":0,""equipmentList"":[{""equipmentId"":2004,""equipmentName"":""朔极之矛"",""equipmentImg"":""https://game.gtimg.cn/images/lol/act/jkzlk/gamedata/equip/2004.png""},{""equipmentId"":2014,""equipmentName"":""纳什之牙"",""equipmentImg"":""https://game.gtimg.cn/images/lol/act/jkzlk/gamedata/equip/nashorstooth.png""},{""equipmentId"":2038,""equipmentName"":""珠光护手"",""equipmentImg"":""https://game.gtimg.cn/images/lol/act/jkzlk/gamedata/equip/2038.png""}]},{""pieceId"":3322,""pieceName"":""瑟庄妮"",""img"":""https://game.gtimg.cn/images/lol/act/jkzlk/mode16s17/hero/s16_head_sejuani.png"",""price"":3,""starNum"":0,""equipmentList"":[{""equipmentId"":2028,""equipmentName"":""石像鬼石板甲"",""equipmentImg"":""https://game.gtimg.cn/images/lol/act/jkzlk/gamedata/equip/2248.png""},{""equipmentId"":2029,""equipmentName"":""日炎斗篷"",""equipmentImg"":""https://game.gtimg.cn/images/lol/act/jkzlk/gamedata/equip/2329.png""},{""equipmentId"":2032,""equipmentName"":""薄暮法袍"",""equipmentImg"":""https://game.gtimg.cn/images/lol/act/jkzlk/gamedata/equip/evenshroud.png""}]},{""pieceId"":1413,""pieceName"":""艾尼维亚"",""img"":""https://game.gtimg.cn/images/lol/act/jkzlk/mode16s17/hero/s16_head_anivia.png"",""price"":1,""starNum"":0,""equipmentList"":[]},{""pieceId"":2403,""pieceName"":""蔚"",""img"":""https://game.gtimg.cn/images/lol/act/jkzlk/mode16s17/hero/s16_head_vi.png"",""price"":2,""starNum"":0,""equipmentList"":[]},{""pieceId"":3327,""pieceName"":""洛里斯"",""img"":""https://game.gtimg.cn/images/lol/act/jkzlk/mode16s17/hero/s16_head_loris.png"",""price"":3,""starNum"":0,""equipmentList"":[]},{""pieceId"":3330,""pieceName"":""可酷伯与悠米"",""img"":""https://game.gtimg.cn/images/lol/act/jkzlk/mode16s17/hero/s16_head_kobukoyuumi.png"",""price"":3,""starNum"":0,""equipmentList"":[]},{""pieceId"":5273,""pieceName"":""沃利贝尔"",""img"":""https://game.gtimg.cn/images/lol/act/jkzlk/mode16s17/hero/s16_head_volibear.png"",""price"":5,""starNum"":0,""equipmentList"":[]}],""extraData"":{""img"":""https://game.gtimg.cn/images/lol/act/jkzlk/mode16s17/trait/s16_trait_icon_freljord.png"",""levelRate_7"":0.95,""levelRate_8"":35.87,""levelRate_9"":63.17,""authorName"":""微信公众号-小鱼一图流"",""campName"":""弗雷尔卓德 丽桑卓 && 布隆"",""campCode"":""【阵容码】#冰皮芬妮-抖音小鱼一图流#MjE5OTE0MDkxODI4MDc2MDkxNzY5NjczNjkyNTI5"",""campCoreNum"":3,""campUrl"":""https://mp.weixin.qq.com/s/UuJP40gVqP5is1aTE5gosQ""},""change"":{""allPickRate"":{""updateType"":2,""updateValue"":-0.01},""avgRanking"":{""updateType"":1,""updateValue"":0.04},""pickRate_4"":{""updateType"":0,""updateValue"":0},""pickRate_1"":{""updateType"":0,""updateValue"":0}}}"
14,1,9b553979441bcb7b55d1168238770c44,19.83632,0.08,4.55,4.62,51.1,https://game.gtimg.cn/images/lol/act/jkzlk/mode16s17/trait/s16_trait_icon_brawler.png,35.21,44.66,20.12,黑白,斗士 巴德 && 赛恩,【阵容码】#6斗巴月男-抖音小鱼一图流#MjE5OTE0MDkxODI4MDc2MDkxNzY3NDExMjEzNTA1,3,https://mp.weixin.qq.com/s/H3_sLNVEi6BHBGp0C4TDTQ,0,0,2,-0.03,2,-0.01,1,0.01,"{""score"":19.83632,""groupId"":""9b553979441bcb7b55d1168238770c44"",""allPickRate"":0.08,""avgRanking"":4.55,""pickRate_1"":4.62,""pickRate_4"":51.1,""pieceList"":[{""pieceId"":2415,""pieceName"":""巴德"",""img"":""https://game.gtimg.cn/images/lol/act/jkzlk/mode16s17/hero/s16_head_bard.png"",""price"":2,""starNum"":3,""equipmentList"":[{""equipmentId"":2004,""equipmentName"":""朔极之矛"",""equipmentImg"":""https://game.gtimg.cn/images/lol/act/jkzlk/gamedata/equip/2004.png""},{""equipmentId"":2014,""equipmentName"":""纳什之牙"",""equipmentImg"":""https://game.gtimg.cn/images/lol/act/jkzlk/gamedata/equip/nashorstooth.png""},{""equipmentId"":2038,""equipmentName"":""珠光护手"",""equipmentImg"":""https://game.gtimg.cn/images/lol/act/jkzlk/gamedata/equip/2038.png""}]},{""pieceId"":1402,""pieceName"":""慎"",""img"":""https://game.gtimg.cn/images/lol/act/jkzlk/mode16s17/hero/s16_head_shen.png"",""price"":1,""starNum"":0,""equipmentList"":[{""equipmentId"":2025,""equipmentName"":""振奋盔甲"",""equipmentImg"":""https://game.gtimg.cn/images/lol/act/jkzlk/gamedata/equip/spiritvisage.png""},{""equipmentId"":2027,""equipmentName"":""棘刺背心"",""equipmentImg"":""https://game.gtimg.cn/images/lol/act/jkzlk/gamedata/equip/2054.png""},{""equipmentId"":2034,""equipmentName"":""狂徒铠甲"",""equipmentImg"":""https://game.gtimg.cn/images/lol/act/jkzlk/gamedata/equip/2034.png""}]},{""pieceId"":2408,""pieceName"":""赛恩"",""img"":""https://game.gtimg.cn/images/lol/act/jkzlk/mode16s17/hero/s16_head_sion.png"",""price"":2,""starNum"":3,""equipmentList"":[{""equipmentId"":2025,""equipmentName"":""振奋盔甲"",""equipmentImg"":""https://game.gtimg.cn/images/lol/act/jkzlk/gamedata/equip/spiritvisage.png""},{""equipmentId"":2028,""equipmentName"":""石像鬼石板甲"",""equipmentImg"":""https://game.gtimg.cn/images/lol/act/jkzlk/gamedata/equip/2248.png""},{""equipmentId"":2029,""equipmentName"":""日炎斗篷"",""equipmentImg"":""https://game.gtimg.cn/images/lol/act/jkzlk/gamedata/equip/2329.png""}]},{""pieceId"":1409,""pieceName"":""俄洛伊"",""img"":""https://game.gtimg.cn/images/lol/act/jkzlk/mode16s17/hero/s16_head_illaoi.png"",""price"":1,""starNum"":0,""equipmentList"":[]},{""pieceId"":2417,""pieceName"":""厄斐琉斯"",""img"":""https://game.gtimg.cn/images/lol/act/jkzlk/mode16s17/hero/s16_head_aphelios.png"",""price"":2,""starNum"":3,""equipmentList"":[]},{""pieceId"":3330,""pieceName"":""可酷伯与悠米"",""img"":""https://game.gtimg.cn/images/lol/act/jkzlk/mode16s17/hero/s16_head_kobukoyuumi.png"",""price"":3,""starNum"":0,""equipmentList"":[]},{""pieceId"":3336,""pieceName"":""蒙多医生"",""img"":""https://game.gtimg.cn/images/lol/act/jkzlk/mode16s17/hero/s16_head_drmundo.png"",""price"":3,""starNum"":0,""equipmentList"":[]},{""pieceId"":4332,""pieceName"":""孙悟空"",""img"":""https://game.gtimg.cn/images/lol/act/jkzlk/mode16s17/hero/s16_head_wukong.png"",""price"":4,""starNum"":0,""equipmentList"":[]}],""extraData"":{""img"":""https://game.gtimg.cn/images/lol/act/jkzlk/mode16s17/trait/s16_trait_icon_brawler.png"",""levelRate_7"":35.21,""levelRate_8"":44.66,""levelRate_9"":20.12,""authorName"":""黑白"",""campName"":""斗士 巴德 && 赛恩"",""campCode"":""【阵容码】#6斗巴月男-抖音小鱼一图流#MjE5OTE0MDkxODI4MDc2MDkxNzY3NDExMjEzNTA1"",""campCoreNum"":3,""campUrl"":""https://mp.weixin.qq.com/s/H3_sLNVEi6BHBGp0C4TDTQ""},""change"":{""allPickRate"":{""updateType"":0,""updateValue"":0},""avgRanking"":{""updateType"":2,""updateValue"":-0.03},""pickRate_4"":{""updateType"":2,""updateValue"":-0.01},""pickRate_1"":{""updateType"":1,""updateValue"":0.01}}}"
15,1,9f69ddcd0d6faf7065f9e14260016cb5,10.008647999999999,0.03,4.19,17.34,52.02,https://game.gtimg.cn/images/lol/act/jkzlk/mode16s17/trait/s16_trait_icon_demacia.png,0,0,100,微信公众号-小鱼一图流,德玛西亚 瑞兹 && 塔里克,【阵容码】#Faker95-公众号小鱼一图流#MjE5OTE0MDkxODI4MDc2MDkxNzcyODYzOTg3NTA3,3,https://mp.weixin.qq.com/s/qKL28He94n6bfJ5sKeJsEw,2,-0.01,2,-0.15,1,0.05,1,0.01,"{""score"":10.008647999999999,""groupId"":""9f69ddcd0d6faf7065f9e14260016cb5"",""allPickRate"":0.03,""avgRanking"":4.19,""pickRate_1"":17.34,""pickRate_4"":52.02,""pieceList"":[{""pieceId"":4335,""pieceName"":""塔里克"",""img"":""https://game.gtimg.cn/images/lol/act/jkzlk/mode16s17/hero/s16_head_taric.png"",""price"":4,""starNum"":0,""equipmentList"":[{""equipmentId"":2019,""equipmentName"":""离子火花"",""equipmentImg"":""https://game.gtimg.cn/images/lol/act/jkzlk/gamedata/equip/2019.png""},{""equipmentId"":2028,""equipmentName"":""石像鬼石板甲"",""equipmentImg"":""https://game.gtimg.cn/images/lol/act/jkzlk/gamedata/equip/2248.png""},{""equipmentId"":2029,""equipmentName"":""日炎斗篷"",""equipmentImg"":""https://game.gtimg.cn/images/lol/act/jkzlk/gamedata/equip/2329.png""}]},{""pieceId"":5280,""pieceName"":""瑞兹"",""img"":""https://game.gtimg.cn/images/lol/act/jkzlk/mode16s17/hero/s16_head_ryze.png"",""price"":5,""starNum"":0,""equipmentList"":[{""equipmentId"":2004,""equipmentName"":""朔极之矛"",""equipmentImg"":""https://game.gtimg.cn/images/lol/act/jkzlk/gamedata/equip/2004.png""},{""equipmentId"":2014,""equipmentName"":""纳什之牙"",""equipmentImg"":""https://game.gtimg.cn/images/lol/act/jkzlk/gamedata/equip/nashorstooth.png""},{""equipmentId"":2038,""equipmentName"":""珠光护手"",""equipmentImg"":""https://game.gtimg.cn/images/lol/act/jkzlk/gamedata/equip/2038.png""}]},{""pieceId"":3331,""pieceName"":""凯南"",""img"":""https://game.gtimg.cn/images/lol/act/jkzlk/mode16s17/hero/s16_head_kennen.png"",""price"":3,""starNum"":0,""equipmentList"":[{""equipmentId"":2028,""equipmentName"":""石像鬼石板甲"",""equipmentImg"":""https://game.gtimg.cn/images/lol/act/jkzlk/gamedata/equip/2248.png""},{""equipmentId"":2029,""equipmentName"":""日炎斗篷"",""equipmentImg"":""https://game.gtimg.cn/images/lol/act/jkzlk/gamedata/equip/2329.png""},{""equipmentId"":41602,""equipmentName"":""德玛西亚纹章"",""equipmentImg"":""https://game.gtimg.cn/images/lol/act/jkzlk/gamedata/equip/41602.png""}]},{""pieceId"":2402,""pieceName"":""赵信"",""img"":""https://game.gtimg.cn/images/lol/act/jkzlk/mode16s17/hero/s16_head_xinzhao.png"",""price"":2,""starNum"":0,""equipmentList"":[]},{""pieceId"":2420,""pieceName"":""波比"",""img"":""https://game.gtimg.cn/images/lol/act/jkzlk/mode16s17/hero/s16_head_poppy.png"",""price"":2,""starNum"":0,""equipmentList"":[]},{""pieceId"":5277,""pieceName"":""塞拉斯"",""img"":""https://game.gtimg.cn/images/lol/act/jkzlk/mode16s17/hero/s16_head_sylas.png"",""price"":5,""starNum"":0,""equipmentList"":[]},{""pieceId"":5279,""pieceName"":""瑟提"",""img"":""https://game.gtimg.cn/images/lol/act/jkzlk/mode16s17/hero/s16_head_sett.png"",""price"":5,""starNum"":0,""equipmentList"":[]},{""pieceId"":5285,""pieceName"":""加里奥"",""img"":""https://game.gtimg.cn/images/lol/act/jkzlk/mode16s17/hero/s16_head_galio.png"",""price"":5,""starNum"":0,""equipmentList"":[]}],""extraData"":{""img"":""https://game.gtimg.cn/images/lol/act/jkzlk/mode16s17/trait/s16_trait_icon_demacia.png"",""levelRate_7"":0,""levelRate_8"":0,""levelRate_9"":100,""authorName"":""微信公众号-小鱼一图流"",""campName"":""德玛西亚 瑞兹 && 塔里克"",""campCode"":""【阵容码】#Faker95-公众号小鱼一图流#MjE5OTE0MDkxODI4MDc2MDkxNzcyODYzOTg3NTA3"",""campCoreNum"":3,""campUrl"":""https://mp.weixin.qq.com/s/qKL28He94n6bfJ5sKeJsEw""},""change"":{""allPickRate"":{""updateType"":2,""updateValue"":-0.01},""avgRanking"":{""updateType"":2,""updateValue"":-0.15},""pickRate_4"":{""updateType"":1,""updateValue"":0.05},""pickRate_1"":{""updateType"":1,""updateValue"":0.01}}}"
16,1,43cb9a1c582eb1f31107d0d4d7dc70fe,7.967087999999999,0.06,5.34,3.87,32.41,https://game.gtimg.cn/images/lol/act/jkzlk/mode16s17/trait/s16_trait_icon_yordle.png,0.27,15.78,83.93,微信公众号-小鱼一图流,约德尔人 维迦 && 凯南,【阵容码】#68约德尔-抖音小鱼一图流#MjE5OTE0MDkxODI4MDc2MDkxNzY3ODc3NTE2Mjk1,3,https://mp.weixin.qq.com/s/Vd1EuHdvxMNHDt18KIzPAA,0,0,1,0.07,2,-0.03,0,0,"{""score"":7.967087999999999,""groupId"":""43cb9a1c582eb1f31107d0d4d7dc70fe"",""allPickRate"":0.06,""avgRanking"":5.34,""pickRate_1"":3.87,""pickRate_4"":32.41,""pieceList"":[{""pieceId"":4334,""pieceName"":""维迦"",""img"":""https://game.gtimg.cn/images/lol/act/jkzlk/mode16s17/hero/s16_head_veigar.png"",""price"":4,""starNum"":0,""equipmentList"":[{""equipmentId"":2004,""equipmentName"":""朔极之矛"",""equipmentImg"":""https://game.gtimg.cn/images/lol/act/jkzlk/gamedata/equip/2004.png""},{""equipmentId"":2011,""equipmentName"":""虚空之杖"",""equipmentImg"":""https://game.gtimg.cn/images/lol/act/jkzlk/gamedata/equip/voidstaff.png""},{""equipmentId"":2016,""equipmentName"":""班克斯的魔法帽"",""equipmentImg"":""https://game.gtimg.cn/images/lol/act/jkzlk/gamedata/equip/2016.png""}]},{""pieceId"":3331,""pieceName"":""凯南"",""img"":""https://game.gtimg.cn/images/lol/act/jkzlk/mode16s17/hero/s16_head_kennen.png"",""price"":3,""starNum"":0,""equipmentList"":[{""equipmentId"":2025,""equipmentName"":""振奋盔甲"",""equipmentImg"":""https://game.gtimg.cn/images/lol/act/jkzlk/gamedata/equip/spiritvisage.png""},{""equipmentId"":2028,""equipmentName"":""石像鬼石板甲"",""equipmentImg"":""https://game.gtimg.cn/images/lol/act/jkzlk/gamedata/equip/2248.png""},{""equipmentId"":2029,""equipmentName"":""日炎斗篷"",""equipmentImg"":""https://game.gtimg.cn/images/lol/act/jkzlk/gamedata/equip/2329.png""}]},{""pieceId"":1403,""pieceName"":""兰博"",""img"":""https://game.gtimg.cn/images/lol/act/jkzlk/mode16s17/hero/s16_head_rumble.png"",""price"":1,""starNum"":0,""equipmentList"":[{""equipmentId"":2006,""equipmentName"":""汲取剑"",""equipmentImg"":""https://game.gtimg.cn/images/lol/act/jkzlk/gamedata/equip/2006.png""},{""equipmentId"":2025,""equipmentName"":""振奋盔甲"",""equipmentImg"":""https://game.gtimg.cn/images/lol/act/jkzlk/gamedata/equip/spiritvisage.png""},{""equipmentId"":41623,""equipmentName"":""法师纹章"",""equipmentImg"":""https://game.gtimg.cn/images/lol/act/jkzlk/gamedata/equip/41623.png""}]},{""pieceId"":1405,""pieceName"":""璐璐"",""img"":""https://game.gtimg.cn/images/lol/act/jkzlk/mode16s17/hero/s16_head_lulu.png"",""price"":1,""starNum"":0,""equipmentList"":[]},{""pieceId"":2407,""pieceName"":""提莫"",""img"":""https://game.gtimg.cn/images/lol/act/jkzlk/mode16s17/hero/s16_head_teemo.png"",""price"":2,""starNum"":0,""equipmentList"":[]},{""pieceId"":2420,""pieceName"":""波比"",""img"":""https://game.gtimg.cn/images/lol/act/jkzlk/mode16s17/hero/s16_head_poppy.png"",""price"":2,""starNum"":0,""equipmentList"":[]},{""pieceId"":4350,""pieceName"":""菲兹"",""img"":""https://game.gtimg.cn/images/lol/act/jkzlk/mode16s17/hero/s16_head_fizz.png"",""price"":4,""starNum"":0,""equipmentList"":[]},{""pieceId"":5271,""pieceName"":""吉格斯"",""img"":""https://game.gtimg.cn/images/lol/act/jkzlk/mode16s17/hero/s16_head_ziggs.png"",""price"":5,""starNum"":0,""equipmentList"":[]}],""extraData"":{""img"":""https://game.gtimg.cn/images/lol/act/jkzlk/mode16s17/trait/s16_trait_icon_yordle.png"",""levelRate_7"":0.27,""levelRate_8"":15.78,""levelRate_9"":83.93,""authorName"":""微信公众号-小鱼一图流"",""campName"":""约德尔人 维迦 && 凯南"",""campCode"":""【阵容码】#68约德尔-抖音小鱼一图流#MjE5OTE0MDkxODI4MDc2MDkxNzY3ODc3NTE2Mjk1"",""campCoreNum"":3,""campUrl"":""https://mp.weixin.qq.com/s/Vd1EuHdvxMNHDt18KIzPAA""},""change"":{""allPickRate"":{""updateType"":0,""updateValue"":0},""avgRanking"":{""updateType"":1,""updateValue"":0.07},""pickRate_4"":{""updateType"":2,""updateValue"":-0.03},""pickRate_1"":{""updateType"":0,""updateValue"":0}}}"
17,1,44f75f8c1b0ccf3935084c3916c59e95,7.423019999999999,0.06,5.55,5.64,30.22,https://game.gtimg.cn/images/lol/act/jkzlk/mode16s17/trait/s16_trait_icon_piltover.png,0.28,27.68,72.03,微信公众号-小鱼一图流,皮尔特沃夫 海克斯霸龙 && 蔚,【阵容码】#霸王龙枪-抖音小鱼一图流#MjE5OTE0MDkxODI4MDc2MDkxNzY0ODExMTQxNTk5,3,https://mp.weixin.qq.com/s/Dm7Q-GCMQjDWDzk5LsGfjw,0,0,2,-0.06,2,-0.01,2,-0.01,"{""score"":7.423019999999999,""groupId"":""44f75f8c1b0ccf3935084c3916c59e95"",""allPickRate"":0.06,""avgRanking"":5.55,""pickRate_1"":5.64,""pickRate_4"":30.22,""pieceList"":[{""pieceId"":5275,""pieceName"":""海克斯霸龙"",""img"":""https://game.gtimg.cn/images/lol/act/jkzlk/mode16s17/hero/s16_head_thex.png"",""price"":5,""starNum"":0,""equipmentList"":[{""equipmentId"":2001,""equipmentName"":""无尽之刃"",""equipmentImg"":""https://game.gtimg.cn/images/lol/act/jkzlk/gamedata/equip/2001.png""},{""equipmentId"":2010,""equipmentName"":""鬼索的狂暴之刃"",""equipmentImg"":""https://game.gtimg.cn/images/lol/act/jkzlk/gamedata/equip/2010.png""},{""equipmentId"":2041,""equipmentName"":""水银"",""equipmentImg"":""https://game.gtimg.cn/images/lol/act/jkzlk/gamedata/equip/2041.png""}]},{""pieceId"":3327,""pieceName"":""洛里斯"",""img"":""https://game.gtimg.cn/images/lol/act/jkzlk/mode16s17/hero/s16_head_loris.png"",""price"":3,""starNum"":0,""equipmentList"":[{""equipmentId"":2023,""equipmentName"":""圣盾使的誓约"",""equipmentImg"":""https://game.gtimg.cn/images/lol/act/jkzlk/gamedata/equip/2023.png""},{""equipmentId"":2029,""equipmentName"":""日炎斗篷"",""equipmentImg"":""https://game.gtimg.cn/images/lol/act/jkzlk/gamedata/equip/2329.png""},{""equipmentId"":2032,""equipmentName"":""薄暮法袍"",""equipmentImg"":""https://game.gtimg.cn/images/lol/act/jkzlk/gamedata/equip/evenshroud.png""}]},{""pieceId"":2403,""pieceName"":""蔚"",""img"":""https://game.gtimg.cn/images/lol/act/jkzlk/mode16s17/hero/s16_head_vi.png"",""price"":2,""starNum"":0,""equipmentList"":[{""equipmentId"":2025,""equipmentName"":""振奋盔甲"",""equipmentImg"":""https://game.gtimg.cn/images/lol/act/jkzlk/gamedata/equip/spiritvisage.png""},{""equipmentId"":2029,""equipmentName"":""日炎斗篷"",""equipmentImg"":""https://game.gtimg.cn/images/lol/act/jkzlk/gamedata/equip/2329.png""},{""equipmentId"":2032,""equipmentName"":""薄暮法袍"",""equipmentImg"":""https://game.gtimg.cn/images/lol/act/jkzlk/gamedata/equip/evenshroud.png""}]},{""pieceId"":2412,""pieceName"":""格雷福斯"",""img"":""https://game.gtimg.cn/images/lol/act/jkzlk/mode16s17/hero/s16_head_graves.png"",""price"":2,""starNum"":0,""equipmentList"":[]},{""pieceId"":3324,""pieceName"":""诺提勒斯"",""img"":""https://game.gtimg.cn/images/lol/act/jkzlk/mode16s17/hero/s16_head_nautilus.png"",""price"":3,""starNum"":0,""equipmentList"":[]},{""pieceId"":4344,""pieceName"":""厄运小姐"",""img"":""https://game.gtimg.cn/images/lol/act/jkzlk/mode16s17/hero/s16_head_missfortune.png"",""price"":4,""starNum"":0,""equipmentList"":[]},{""pieceId"":4352,""pieceName"":""布隆"",""img"":""https://game.gtimg.cn/images/lol/act/jkzlk/mode16s17/hero/s16_head_braum.png"",""price"":4,""starNum"":0,""equipmentList"":[]},{""pieceId"":5397,""pieceName"":""卢锡安与赛娜"",""img"":""https://game.gtimg.cn/images/lol/act/jkzlk/mode16s17/hero/s16_head_senna.png"",""price"":5,""starNum"":0,""equipmentList"":[]}],""extraData"":{""img"":""https://game.gtimg.cn/images/lol/act/jkzlk/mode16s17/trait/s16_trait_icon_piltover.png"",""levelRate_7"":0.28,""levelRate_8"":27.68,""levelRate_9"":72.03,""authorName"":""微信公众号-小鱼一图流"",""campName"":""皮尔特沃夫 海克斯霸龙 && 蔚"",""campCode"":""【阵容码】#霸王龙枪-抖音小鱼一图流#MjE5OTE0MDkxODI4MDc2MDkxNzY0ODExMTQxNTk5"",""campCoreNum"":3,""campUrl"":""https://mp.weixin.qq.com/s/Dm7Q-GCMQjDWDzk5LsGfjw""},""change"":{""allPickRate"":{""updateType"":0,""updateValue"":0},""avgRanking"":{""updateType"":2,""updateValue"":-0.06},""pickRate_4"":{""updateType"":2,""updateValue"":-0.01},""pickRate_1"":{""updateType"":2,""updateValue"":-0.01}}}"
18,1,994bd6c56b56b7c8efaa3ba1b8784d9d,6.431034,0.02,4.29,15.17,53.1,https://game.gtimg.cn/images/lol/act/jkzlk/mode16s17/trait/s16_trait_icon_quickstriker.png,0,22.06,77.93,微信公众号-小鱼一图流,迅击战士 芸阿娜 && 孙悟空,【阵容码】#艾欧九五-抖音小鱼一图流#MjE5OTE0MDkxODI4MDc2MDkxNzY4ODU4ODc5ODA4,3,https://mp.weixin.qq.com/s/O6wi8cACyzgP7AbuK1OmiQ,0,0,2,-0.09,1,0.01,0,0,"{""score"":6.431034,""groupId"":""994bd6c56b56b7c8efaa3ba1b8784d9d"",""allPickRate"":0.02,""avgRanking"":4.29,""pickRate_1"":15.17,""pickRate_4"":53.1,""pieceList"":[{""pieceId"":4330,""pieceName"":""芸阿娜"",""img"":""https://game.gtimg.cn/images/lol/act/jkzlk/mode16s17/hero/s16_head_yunara.png"",""price"":4,""starNum"":0,""equipmentList"":[{""equipmentId"":2001,""equipmentName"":""无尽之刃"",""equipmentImg"":""https://game.gtimg.cn/images/lol/act/jkzlk/gamedata/equip/2001.png""},{""equipmentId"":2010,""equipmentName"":""鬼索的狂暴之刃"",""equipmentImg"":""https://game.gtimg.cn/images/lol/act/jkzlk/gamedata/equip/2010.png""},{""equipmentId"":2012,""equipmentName"":""泰坦的坚决"",""equipmentImg"":""https://game.gtimg.cn/images/lol/act/jkzlk/gamedata/equip/2052.png""}]},{""pieceId"":5279,""pieceName"":""瑟提"",""img"":""https://game.gtimg.cn/images/lol/act/jkzlk/mode16s17/hero/s16_head_sett.png"",""price"":5,""starNum"":0,""equipmentList"":[{""equipmentId"":2016,""equipmentName"":""班克斯的魔法帽"",""equipmentImg"":""https://game.gtimg.cn/images/lol/act/jkzlk/gamedata/equip/2016.png""},{""equipmentId"":2020,""equipmentName"":""莫雷洛秘典"",""equipmentImg"":""https://game.gtimg.cn/images/lol/act/jkzlk/gamedata/equip/2020.png""},{""equipmentId"":2023,""equipmentName"":""圣盾使的誓约"",""equipmentImg"":""https://game.gtimg.cn/images/lol/act/jkzlk/gamedata/equip/2023.png""}]},{""pieceId"":4332,""pieceName"":""孙悟空"",""img"":""https://game.gtimg.cn/images/lol/act/jkzlk/mode16s17/hero/s16_head_wukong.png"",""price"":4,""starNum"":0,""equipmentList"":[{""equipmentId"":2025,""equipmentName"":""振奋盔甲"",""equipmentImg"":""https://game.gtimg.cn/images/lol/act/jkzlk/gamedata/equip/spiritvisage.png""},{""equipmentId"":2029,""equipmentName"":""日炎斗篷"",""equipmentImg"":""https://game.gtimg.cn/images/lol/act/jkzlk/gamedata/equip/2329.png""},{""equipmentId"":2032,""equipmentName"":""薄暮法袍"",""equipmentImg"":""https://game.gtimg.cn/images/lol/act/jkzlk/gamedata/equip/evenshroud.png""}]},{""pieceId"":1402,""pieceName"":""慎"",""img"":""https://game.gtimg.cn/images/lol/act/jkzlk/mode16s17/hero/s16_head_shen.png"",""price"":1,""starNum"":0,""equipmentList"":[]},{""pieceId"":3331,""pieceName"":""凯南"",""img"":""https://game.gtimg.cn/images/lol/act/jkzlk/mode16s17/hero/s16_head_kennen.png"",""price"":3,""starNum"":0,""equipmentList"":[]},{""pieceId"":3338,""pieceName"":""阿狸"",""img"":""https://game.gtimg.cn/images/lol/act/jkzlk/mode16s17/hero/s16_head_ahri.png"",""price"":3,""starNum"":0,""equipmentList"":[]},{""pieceId"":5278,""pieceName"":""希瓦娜"",""img"":""https://game.gtimg.cn/images/lol/act/jkzlk/mode16s17/hero/s16_head_shyvana.png"",""price"":5,""starNum"":0,""equipmentList"":[]},{""pieceId"":5284,""pieceName"":""千珏"",""img"":""https://game.gtimg.cn/images/lol/act/jkzlk/mode16s17/hero/s16_head_kindred.png"",""price"":5,""starNum"":0,""equipmentList"":[]}],""extraData"":{""img"":""https://game.gtimg.cn/images/lol/act/jkzlk/mode16s17/trait/s16_trait_icon_quickstriker.png"",""levelRate_7"":0,""levelRate_8"":22.06,""levelRate_9"":77.93,""authorName"":""微信公众号-小鱼一图流"",""campName"":""迅击战士 芸阿娜 && 孙悟空"",""campCode"":""【阵容码】#艾欧九五-抖音小鱼一图流#MjE5OTE0MDkxODI4MDc2MDkxNzY4ODU4ODc5ODA4"",""campCoreNum"":3,""campUrl"":""https://mp.weixin.qq.com/s/O6wi8cACyzgP7AbuK1OmiQ""},""change"":{""allPickRate"":{""updateType"":0,""updateValue"":0},""avgRanking"":{""updateType"":2,""updateValue"":-0.09},""pickRate_4"":{""updateType"":1,""updateValue"":0.01},""pickRate_1"":{""updateType"":0,""updateValue"":0}}}"
19,1,af30293679f068bf79c061675299d884,5.092056,0.04,5.41,1.28,34.18,https://game.gtimg.cn/images/lol/act/jkzlk/mode16s17/trait/s16_trait_icon_shadowisles.png,0,32.9,67.09,黑白,暗影岛 卡莉丝塔 && 锤石,【阵容码】#暗影岛九五-抖音小鱼一图流#MjE5OTE0MDkxODI4MDc2MDkxNzY0ODEyNjg1MDA5,3,https://mp.weixin.qq.com/s/bOGA8eyMdlWmVR8ZoUWEsg,2,-0.01,1,0.31,2,-0.08,0,0,"{""score"":5.092056,""groupId"":""af30293679f068bf79c061675299d884"",""allPickRate"":0.04,""avgRanking"":5.41,""pickRate_1"":1.28,""pickRate_4"":34.18,""pieceList"":[{""pieceId"":5274,""pieceName"":""锤石"",""img"":""https://game.gtimg.cn/images/lol/act/jkzlk/mode16s17/hero/s16_head_thresh.png"",""price"":5,""starNum"":0,""equipmentList"":[{""equipmentId"":2006,""equipmentName"":""汲取剑"",""equipmentImg"":""https://game.gtimg.cn/images/lol/act/jkzlk/gamedata/equip/2006.png""},{""equipmentId"":2011,""equipmentName"":""虚空之杖"",""equipmentImg"":""https://game.gtimg.cn/images/lol/act/jkzlk/gamedata/equip/voidstaff.png""},{""equipmentId"":2020,""equipmentName"":""莫雷洛秘典"",""equipmentImg"":""https://game.gtimg.cn/images/lol/act/jkzlk/gamedata/equip/2020.png""}]},{""pieceId"":4347,""pieceName"":""卡莉丝塔"",""img"":""https://game.gtimg.cn/images/lol/act/jkzlk/mode16s17/hero/s16_head_kalista.png"",""price"":4,""starNum"":0,""equipmentList"":[{""equipmentId"":2004,""equipmentName"":""朔极之矛"",""equipmentImg"":""https://game.gtimg.cn/images/lol/act/jkzlk/gamedata/equip/2004.png""},{""equipmentId"":2037,""equipmentName"":""最后的轻语"",""equipmentImg"":""https://game.gtimg.cn/images/lol/act/jkzlk/gamedata/equip/2053.png""},{""equipmentId"":2042,""equipmentName"":""强袭者的链枷"",""equipmentImg"":""https://game.gtimg.cn/images/lol/act/jkzlk/gamedata/equip/strikersflail.png""}]},{""pieceId"":2400,""pieceName"":""约里克"",""img"":""https://game.gtimg.cn/images/lol/act/jkzlk/mode16s17/hero/s16_head_yorick.png"",""price"":2,""starNum"":0,""equipmentList"":[{""equipmentId"":2024,""equipmentName"":""适应性头盔"",""equipmentImg"":""https://game.gtimg.cn/images/lol/act/jkzlk/gamedata/equip/adaptivehelm.png""},{""equipmentId"":2029,""equipmentName"":""日炎斗篷"",""equipmentImg"":""https://game.gtimg.cn/images/lol/act/jkzlk/gamedata/equip/2329.png""},{""equipmentId"":2032,""equipmentName"":""薄暮法袍"",""equipmentImg"":""https://game.gtimg.cn/images/lol/act/jkzlk/gamedata/equip/evenshroud.png""}]},{""pieceId"":3324,""pieceName"":""诺提勒斯"",""img"":""https://game.gtimg.cn/images/lol/act/jkzlk/mode16s17/hero/s16_head_nautilus.png"",""price"":3,""starNum"":0,""equipmentList"":[]},{""pieceId"":4352,""pieceName"":""布隆"",""img"":""https://game.gtimg.cn/images/lol/act/jkzlk/mode16s17/hero/s16_head_braum.png"",""price"":4,""starNum"":0,""equipmentList"":[]},{""pieceId"":5278,""pieceName"":""希瓦娜"",""img"":""https://game.gtimg.cn/images/lol/act/jkzlk/mode16s17/hero/s16_head_shyvana.png"",""price"":5,""starNum"":0,""equipmentList"":[]},{""pieceId"":5281,""pieceName"":""奥恩"",""img"":""https://game.gtimg.cn/images/lol/act/jkzlk/mode16s17/hero/s16_head_ornn.png"",""price"":5,""starNum"":0,""equipmentList"":[]},{""pieceId"":5287,""pieceName"":""费德提克"",""img"":""https://game.gtimg.cn/images/lol/act/jkzlk/mode16s17/hero/s16_head_fiddlesticks.png"",""price"":5,""starNum"":0,""equipmentList"":[]}],""extraData"":{""img"":""https://game.gtimg.cn/images/lol/act/jkzlk/mode16s17/trait/s16_trait_icon_shadowisles.png"",""levelRate_7"":0,""levelRate_8"":32.9,""levelRate_9"":67.09,""authorName"":""黑白"",""campName"":""暗影岛 卡莉丝塔 && 锤石"",""campCode"":""【阵容码】#暗影岛九五-抖音小鱼一图流#MjE5OTE0MDkxODI4MDc2MDkxNzY0ODEyNjg1MDA5"",""campCoreNum"":3,""campUrl"":""https://mp.weixin.qq.com/s/bOGA8eyMdlWmVR8ZoUWEsg""},""change"":{""allPickRate"":{""updateType"":2,""updateValue"":-0.01},""avgRanking"":{""updateType"":1,""updateValue"":0.31},""pickRate_4"":{""updateType"":2,""updateValue"":-0.08},""pickRate_1"":{""updateType"":0,""updateValue"":0}}}"
20,1,15922c8493c2939bb4bffe29efee8306,4.099179999999999,0.02,4.9,8.33,41.66,https://game.gtimg.cn/images/lol/act/jkzlk/mode16s17/trait/s16_trait_icon_void.png,1.38,22.22,76.38,微信公众号-小鱼一图流,虚空 卡莎 && 峡谷先锋,【阵容码】#69虚空-抖音小鱼一图流#MTA5OTYyOTQ3OTcyMzgyNTIxNzY1ODUwODAxNjU0,3,https://mp.weixin.qq.com/s/gWrlC52RcBiGNtLafkvoOw,0,0,1,0.06,2,-0.01,0,0,"{""score"":4.099179999999999,""groupId"":""15922c8493c2939bb4bffe29efee8306"",""allPickRate"":0.02,""avgRanking"":4.9,""pickRate_1"":8.33,""pickRate_4"":41.66,""pieceList"":[{""pieceId"":4340,""pieceName"":""峡谷先锋"",""img"":""https://game.gtimg.cn/images/lol/act/jkzlk/mode16s17/hero/s16_head_riftherald.png"",""price"":4,""starNum"":0,""equipmentList"":[{""equipmentId"":2025,""equipmentName"":""振奋盔甲"",""equipmentImg"":""https://game.gtimg.cn/images/lol/act/jkzlk/gamedata/equip/spiritvisage.png""},{""equipmentId"":2029,""equipmentName"":""日炎斗篷"",""equipmentImg"":""https://game.gtimg.cn/images/lol/act/jkzlk/gamedata/equip/2329.png""},{""equipmentId"":2032,""equipmentName"":""薄暮法袍"",""equipmentImg"":""https://game.gtimg.cn/images/lol/act/jkzlk/gamedata/equip/evenshroud.png""}]},{""pieceId"":4348,""pieceName"":""卡莎"",""img"":""https://game.gtimg.cn/images/lol/act/jkzlk/mode16s17/hero/s16_head_kaisa.png"",""price"":4,""starNum"":0,""equipmentList"":[{""equipmentId"":2003,""equipmentName"":""海克斯科技枪刃"",""equipmentImg"":""https://game.gtimg.cn/images/lol/act/jkzlk/gamedata/equip/2003.png""},{""equipmentId"":2010,""equipmentName"":""鬼索的狂暴之刃"",""equipmentImg"":""https://game.gtimg.cn/images/lol/act/jkzlk/gamedata/equip/2010.png""},{""equipmentId"":2038,""equipmentName"":""珠光护手"",""equipmentImg"":""https://game.gtimg.cn/images/lol/act/jkzlk/gamedata/equip/2038.png""}]},{""pieceId"":1406,""pieceName"":""克格莫"",""img"":""https://game.gtimg.cn/images/lol/act/jkzlk/mode16s17/hero/s16_head_kogmaw.png"",""price"":1,""starNum"":0,""equipmentList"":[{""equipmentId"":2009,""equipmentName"":""红霸符"",""equipmentImg"":""https://game.gtimg.cn/images/lol/act/jkzlk/gamedata/equip/2009.png""},{""equipmentId"":2011,""equipmentName"":""虚空之杖"",""equipmentImg"":""https://game.gtimg.cn/images/lol/act/jkzlk/gamedata/equip/voidstaff.png""},{""equipmentId"":2038,""equipmentName"":""珠光护手"",""equipmentImg"":""https://game.gtimg.cn/images/lol/act/jkzlk/gamedata/equip/2038.png""}]},{""pieceId"":2414,""pieceName"":""科加斯"",""img"":""https://game.gtimg.cn/images/lol/act/jkzlk/mode16s17/hero/s16_head_chogath.png"",""price"":2,""starNum"":0,""equipmentList"":[]},{""pieceId"":4332,""pieceName"":""孙悟空"",""img"":""https://game.gtimg.cn/images/lol/act/jkzlk/mode16s17/hero/s16_head_wukong.png"",""price"":4,""starNum"":0,""equipmentList"":[]},{""pieceId"":4336,""pieceName"":""斯维因"",""img"":""https://game.gtimg.cn/images/lol/act/jkzlk/mode16s17/hero/s16_head_swain.png"",""price"":4,""starNum"":0,""equipmentList"":[]},{""pieceId"":5278,""pieceName"":""希瓦娜"",""img"":""https://game.gtimg.cn/images/lol/act/jkzlk/mode16s17/hero/s16_head_shyvana.png"",""price"":5,""starNum"":0,""equipmentList"":[]},{""pieceId"":5289,""pieceName"":""纳什男爵"",""img"":""https://game.gtimg.cn/images/lol/act/jkzlk/mode16s17/hero/s16_head_baronnashor.png"",""price"":5,""starNum"":0,""equipmentList"":[]}],""extraData"":{""img"":""https://game.gtimg.cn/images/lol/act/jkzlk/mode16s17/trait/s16_trait_icon_void.png"",""levelRate_7"":1.38,""levelRate_8"":22.22,""levelRate_9"":76.38,""authorName"":""微信公众号-小鱼一图流"",""campName"":""虚空 卡莎 && 峡谷先锋"",""campCode"":""【阵容码】#69虚空-抖音小鱼一图流#MTA5OTYyOTQ3OTcyMzgyNTIxNzY1ODUwODAxNjU0"",""campCoreNum"":3,""campUrl"":""https://mp.weixin.qq.com/s/gWrlC52RcBiGNtLafkvoOw""},""change"":{""allPickRate"":{""updateType"":0,""updateValue"":0},""avgRanking"":{""updateType"":1,""updateValue"":0.06},""pickRate_4"":{""updateType"":2,""updateValue"":-0.01},""pickRate_1"":{""updateType"":0,""updateValue"":0}}}"
21,1,69e9c3bade89f0d18482e3d154cd81d1,3.825360000000001,0.2,7.02,2.73,6.93,https://game.gtimg.cn/images/lol/act/jkzlk/mode16s17/trait/s16_trait_icon_ixtal.png,24.57,33.56,41.86,微信公众号-小鱼一图流,以绪塔尔 巴德 && 妮蔻,【阵容码】#以绪巴德-抖音小鱼一图流#MjE5OTE0MDkxODI4MDc2MDkxNzY0ODE5MDc1ODQw,3,https://mp.weixin.qq.com/s/Er1Li1jtlYsCaK3QBa1CHg,2,-0.01,2,-0.08,1,0.01,0,0,"{""score"":3.825360000000001,""groupId"":""69e9c3bade89f0d18482e3d154cd81d1"",""allPickRate"":0.2,""avgRanking"":7.02,""pickRate_1"":2.73,""pickRate_4"":6.93,""pieceList"":[{""pieceId"":2411,""pieceName"":""妮蔻"",""img"":""https://game.gtimg.cn/images/lol/act/jkzlk/mode16s17/hero/s16_head_neeko.png"",""price"":2,""starNum"":0,""equipmentList"":[{""equipmentId"":2025,""equipmentName"":""振奋盔甲"",""equipmentImg"":""https://game.gtimg.cn/images/lol/act/jkzlk/gamedata/equip/spiritvisage.png""},{""equipmentId"":2027,""equipmentName"":""棘刺背心"",""equipmentImg"":""https://game.gtimg.cn/images/lol/act/jkzlk/gamedata/equip/2054.png""},{""equipmentId"":2028,""equipmentName"":""石像鬼石板甲"",""equipmentImg"":""https://game.gtimg.cn/images/lol/act/jkzlk/gamedata/equip/2248.png""}]},{""pieceId"":2415,""pieceName"":""巴德"",""img"":""https://game.gtimg.cn/images/lol/act/jkzlk/mode16s17/hero/s16_head_bard.png"",""price"":2,""starNum"":0,""equipmentList"":[{""equipmentId"":2004,""equipmentName"":""朔极之矛"",""equipmentImg"":""https://game.gtimg.cn/images/lol/act/jkzlk/gamedata/equip/2004.png""},{""equipmentId"":2014,""equipmentName"":""纳什之牙"",""equipmentImg"":""https://game.gtimg.cn/images/lol/act/jkzlk/gamedata/equip/nashorstooth.png""},{""equipmentId"":2038,""equipmentName"":""珠光护手"",""equipmentImg"":""https://game.gtimg.cn/images/lol/act/jkzlk/gamedata/equip/2038.png""}]},{""pieceId"":3325,""pieceName"":""米利欧"",""img"":""https://game.gtimg.cn/images/lol/act/jkzlk/mode16s17/hero/s16_head_milio.png"",""price"":3,""starNum"":0,""equipmentList"":[{""equipmentId"":2004,""equipmentName"":""朔极之矛"",""equipmentImg"":""https://game.gtimg.cn/images/lol/act/jkzlk/gamedata/equip/2004.png""},{""equipmentId"":2011,""equipmentName"":""虚空之杖"",""equipmentImg"":""https://game.gtimg.cn/images/lol/act/jkzlk/gamedata/equip/voidstaff.png""},{""equipmentId"":2038,""equipmentName"":""珠光护手"",""equipmentImg"":""https://game.gtimg.cn/images/lol/act/jkzlk/gamedata/equip/2038.png""}]},{""pieceId"":1404,""pieceName"":""奇亚娜"",""img"":""https://game.gtimg.cn/images/lol/act/jkzlk/mode16s17/hero/s16_head_qiyana.png"",""price"":1,""starNum"":0,""equipmentList"":[]},{""pieceId"":2403,""pieceName"":""蔚"",""img"":""https://game.gtimg.cn/images/lol/act/jkzlk/mode16s17/hero/s16_head_vi.png"",""price"":2,""starNum"":0,""equipmentList"":[]},{""pieceId"":4337,""pieceName"":""斯卡纳"",""img"":""https://game.gtimg.cn/images/lol/act/jkzlk/mode16s17/hero/s16_head_skarner.png"",""price"":4,""starNum"":0,""equipmentList"":[]},{""pieceId"":4342,""pieceName"":""奈德丽"",""img"":""https://game.gtimg.cn/images/lol/act/jkzlk/mode16s17/hero/s16_head_nidalee.png"",""price"":4,""starNum"":0,""equipmentList"":[]},{""pieceId"":5288,""pieceName"":""岩宝"",""img"":""https://game.gtimg.cn/images/lol/act/jkzlk/mode16s17/hero/s16_head_brock.png"",""price"":5,""starNum"":0,""equipmentList"":[]}],""extraData"":{""img"":""https://game.gtimg.cn/images/lol/act/jkzlk/mode16s17/trait/s16_trait_icon_ixtal.png"",""levelRate_7"":24.57,""levelRate_8"":33.56,""levelRate_9"":41.86,""authorName"":""微信公众号-小鱼一图流"",""campName"":""以绪塔尔 巴德 && 妮蔻"",""campCode"":""【阵容码】#以绪巴德-抖音小鱼一图流#MjE5OTE0MDkxODI4MDc2MDkxNzY0ODE5MDc1ODQw"",""campCoreNum"":3,""campUrl"":""https://mp.weixin.qq.com/s/Er1Li1jtlYsCaK3QBa1CHg""},""change"":{""allPickRate"":{""updateType"":2,""updateValue"":-0.01},""avgRanking"":{""updateType"":2,""updateValue"":-0.08},""pickRate_4"":{""updateType"":1,""updateValue"":0.01},""pickRate_1"":{""updateType"":0,""updateValue"":0}}}"
22,1,056b193908acd56d4011806e436d6244,1.3319830000000004,0.01,5.27,3.06,32.65,https://game.gtimg.cn/images/lol/act/jkzlk/mode16s17/trait/s16_trait_icon_targon.png,3.06,33.67,63.26,黑白,巨神峰 奥瑞利安·索尔 && 塔里克,【阵容码】#巨神峰龙王-抖音小鱼一图流#MjE5OTE0MDkxODI4MDc2MDkxNzY5MDEwODI4Njgw,3,https://mp.weixin.qq.com/s/xvwviORxC5sXRhnMMTDEQw,0,0,1,0.06,2,-0.01,0,0,"{""score"":1.3319830000000004,""groupId"":""056b193908acd56d4011806e436d6244"",""allPickRate"":0.01,""avgRanking"":5.27,""pickRate_1"":3.06,""pickRate_4"":32.65,""pieceList"":[{""pieceId"":4335,""pieceName"":""塔里克"",""img"":""https://game.gtimg.cn/images/lol/act/jkzlk/mode16s17/hero/s16_head_taric.png"",""price"":4,""starNum"":0,""equipmentList"":[{""equipmentId"":2025,""equipmentName"":""振奋盔甲"",""equipmentImg"":""https://game.gtimg.cn/images/lol/act/jkzlk/gamedata/equip/spiritvisage.png""},{""equipmentId"":2028,""equipmentName"":""石像鬼石板甲"",""equipmentImg"":""https://game.gtimg.cn/images/lol/act/jkzlk/gamedata/equip/2248.png""},{""equipmentId"":2031,""equipmentName"":""巨龙之爪"",""equipmentImg"":""https://game.gtimg.cn/images/lol/act/jkzlk/gamedata/equip/2031.png""}]},{""pieceId"":5291,""pieceName"":""奥瑞利安·索尔"",""img"":""https://game.gtimg.cn/images/lol/act/jkzlk/mode16s17/hero/s16_head_aurelionsol.png"",""price"":5,""starNum"":0,""equipmentList"":[{""equipmentId"":2004,""equipmentName"":""朔极之矛"",""equipmentImg"":""https://game.gtimg.cn/images/lol/act/jkzlk/gamedata/equip/2004.png""},{""equipmentId"":2014,""equipmentName"":""纳什之牙"",""equipmentImg"":""https://game.gtimg.cn/images/lol/act/jkzlk/gamedata/equip/nashorstooth.png""},{""equipmentId"":2038,""equipmentName"":""珠光护手"",""equipmentImg"":""https://game.gtimg.cn/images/lol/act/jkzlk/gamedata/equip/2038.png""}]},{""pieceId"":4351,""pieceName"":""黛安娜"",""img"":""https://game.gtimg.cn/images/lol/act/jkzlk/mode16s17/hero/s16_head_diana.png"",""price"":4,""starNum"":0,""equipmentList"":[{""equipmentId"":2006,""equipmentName"":""汲取剑"",""equipmentImg"":""https://game.gtimg.cn/images/lol/act/jkzlk/gamedata/equip/2006.png""},{""equipmentId"":2010,""equipmentName"":""鬼索的狂暴之刃"",""equipmentImg"":""https://game.gtimg.cn/images/lol/act/jkzlk/gamedata/equip/2010.png""},{""equipmentId"":2012,""equipmentName"":""泰坦的坚决"",""equipmentImg"":""https://game.gtimg.cn/images/lol/act/jkzlk/gamedata/equip/2052.png""}]},{""pieceId"":2411,""pieceName"":""妮蔻"",""img"":""https://game.gtimg.cn/images/lol/act/jkzlk/mode16s17/hero/s16_head_neeko.png"",""price"":2,""starNum"":0,""equipmentList"":[]},{""pieceId"":3320,""pieceName"":""佐伊"",""img"":""https://game.gtimg.cn/images/lol/act/jkzlk/mode16s17/hero/s16_head_zoe.png"",""price"":3,""starNum"":0,""equipmentList"":[]},{""pieceId"":3328,""pieceName"":""蕾欧娜"",""img"":""https://game.gtimg.cn/images/lol/act/jkzlk/mode16s17/hero/s16_head_leona.png"",""price"":3,""starNum"":0,""equipmentList"":[]},{""pieceId"":4336,""pieceName"":""斯维因"",""img"":""https://game.gtimg.cn/images/lol/act/jkzlk/mode16s17/hero/s16_head_swain.png"",""price"":4,""starNum"":0,""equipmentList"":[]},{""pieceId"":5278,""pieceName"":""希瓦娜"",""img"":""https://game.gtimg.cn/images/lol/act/jkzlk/mode16s17/hero/s16_head_shyvana.png"",""price"":5,""starNum"":0,""equipmentList"":[]}],""extraData"":{""img"":""https://game.gtimg.cn/images/lol/act/jkzlk/mode16s17/trait/s16_trait_icon_targon.png"",""levelRate_7"":3.06,""levelRate_8"":33.67,""levelRate_9"":63.26,""authorName"":""黑白"",""campName"":""巨神峰 奥瑞利安·索尔 && 塔里克"",""campCode"":""【阵容码】#巨神峰龙王-抖音小鱼一图流#MjE5OTE0MDkxODI4MDc2MDkxNzY5MDEwODI4Njgw"",""campCoreNum"":3,""campUrl"":""https://mp.weixin.qq.com/s/xvwviORxC5sXRhnMMTDEQw""},""change"":{""allPickRate"":{""updateType"":0,""updateValue"":0},""avgRanking"":{""updateType"":1,""updateValue"":0.06},""pickRate_4"":{""updateType"":2,""updateValue"":-0.01},""pickRate_1"":{""updateType"":0,""updateValue"":0}}}"
23,1,6b6da86afebc79d102b56538bd98d526,0,0,4.55,8,48,https://game.gtimg.cn/images/lol/act/jkzlk/mode16s17/trait/s16_trait_icon_warden.png,44,36,20,微信公众号-小鱼一图流,神盾使 玛尔扎哈 && 萨勒芬妮,【阵容码】#泰坦蚂蚱-抖音小鱼一图流#MjE5OTE0MDkxODI4MDc2MDkxNzY5NzM1NjY0OTg5,3,https://mp.weixin.qq.com/s/9HqalWskMo1Z63Ix_u4bWw,0,0,1,0.44,2,-0.06,0,0,"{""score"":0,""groupId"":""6b6da86afebc79d102b56538bd98d526"",""allPickRate"":0,""avgRanking"":4.55,""pickRate_1"":8,""pickRate_4"":48,""pieceList"":[{""pieceId"":3326,""pieceName"":""玛尔扎哈"",""img"":""https://game.gtimg.cn/images/lol/act/jkzlk/mode16s17/hero/s16_head_malzahar.png"",""price"":3,""starNum"":3,""equipmentList"":[{""equipmentId"":2004,""equipmentName"":""朔极之矛"",""equipmentImg"":""https://game.gtimg.cn/images/lol/act/jkzlk/gamedata/equip/2004.png""},{""equipmentId"":2014,""equipmentName"":""纳什之牙"",""equipmentImg"":""https://game.gtimg.cn/images/lol/act/jkzlk/gamedata/equip/nashorstooth.png""},{""equipmentId"":2038,""equipmentName"":""珠光护手"",""equipmentImg"":""https://game.gtimg.cn/images/lol/act/jkzlk/gamedata/equip/2038.png""}]},{""pieceId"":3324,""pieceName"":""诺提勒斯"",""img"":""https://game.gtimg.cn/images/lol/act/jkzlk/mode16s17/hero/s16_head_nautilus.png"",""price"":3,""starNum"":0,""equipmentList"":[{""equipmentId"":2024,""equipmentName"":""适应性头盔"",""equipmentImg"":""https://game.gtimg.cn/images/lol/act/jkzlk/gamedata/equip/adaptivehelm.png""},{""equipmentId"":2028,""equipmentName"":""石像鬼石板甲"",""equipmentImg"":""https://game.gtimg.cn/images/lol/act/jkzlk/gamedata/equip/2248.png""},{""equipmentId"":2029,""equipmentName"":""日炎斗篷"",""equipmentImg"":""https://game.gtimg.cn/images/lol/act/jkzlk/gamedata/equip/2329.png""}]},{""pieceId"":4339,""pieceName"":""萨勒芬妮"",""img"":""https://game.gtimg.cn/images/lol/act/jkzlk/mode16s17/hero/s16_head_seraphine.png"",""price"":4,""starNum"":0,""equipmentList"":[{""equipmentId"":2010,""equipmentName"":""鬼索的狂暴之刃"",""equipmentImg"":""https://game.gtimg.cn/images/lol/act/jkzlk/gamedata/equip/2010.png""},{""equipmentId"":2018,""equipmentName"":""冕卫"",""equipmentImg"":""https://game.gtimg.cn/images/lol/act/jkzlk/gamedata/equip/crownguard.png""},{""equipmentId"":2038,""equipmentName"":""珠光护手"",""equipmentImg"":""https://game.gtimg.cn/images/lol/act/jkzlk/gamedata/equip/2038.png""}]},{""pieceId"":2414,""pieceName"":""科加斯"",""img"":""https://game.gtimg.cn/images/lol/act/jkzlk/mode16s17/hero/s16_head_chogath.png"",""price"":2,""starNum"":0,""equipmentList"":[]},{""pieceId"":3320,""pieceName"":""佐伊"",""img"":""https://game.gtimg.cn/images/lol/act/jkzlk/mode16s17/hero/s16_head_zoe.png"",""price"":3,""starNum"":0,""equipmentList"":[]},{""pieceId"":3327,""pieceName"":""洛里斯"",""img"":""https://game.gtimg.cn/images/lol/act/jkzlk/mode16s17/hero/s16_head_loris.png"",""price"":3,""starNum"":0,""equipmentList"":[]},{""pieceId"":3328,""pieceName"":""蕾欧娜"",""img"":""https://game.gtimg.cn/images/lol/act/jkzlk/mode16s17/hero/s16_head_leona.png"",""price"":3,""starNum"":3,""equipmentList"":[]},{""pieceId"":4352,""pieceName"":""布隆"",""img"":""https://game.gtimg.cn/images/lol/act/jkzlk/mode16s17/hero/s16_head_braum.png"",""price"":4,""starNum"":0,""equipmentList"":[]}],""extraData"":{""img"":""https://game.gtimg.cn/images/lol/act/jkzlk/mode16s17/trait/s16_trait_icon_warden.png"",""levelRate_7"":44,""levelRate_8"":36,""levelRate_9"":20,""authorName"":""微信公众号-小鱼一图流"",""campName"":""神盾使 玛尔扎哈 && 萨勒芬妮"",""campCode"":""【阵容码】#泰坦蚂蚱-抖音小鱼一图流#MjE5OTE0MDkxODI4MDc2MDkxNzY5NzM1NjY0OTg5"",""campCoreNum"":3,""campUrl"":""https://mp.weixin.qq.com/s/9HqalWskMo1Z63Ix_u4bWw""},""change"":{""allPickRate"":{""updateType"":0,""updateValue"":0},""avgRanking"":{""updateType"":1,""updateValue"":0.44},""pickRate_4"":{""updateType"":2,""updateValue"":-0.06},""pickRate_1"":{""updateType"":0,""updateValue"":0}}}"
24,1,ab66bac7a34acd2c425dddb40ceac96c,0,0,5.03,5.88,35.29,https://game.gtimg.cn/images/lol/act/jkzlk/mode16s17/trait/s16_trait_icon_noxus.png,62.74,27.45,9.8,,诺克萨斯 乐芙兰 && 德莱厄斯,,3,,0,0,1,0.29,2,-0.06,2,-0.03,"{""score"":0,""groupId"":""ab66bac7a34acd2c425dddb40ceac96c"",""allPickRate"":0,""avgRanking"":5.03,""pickRate_1"":5.88,""pickRate_4"":35.29,""pieceList"":[{""pieceId"":3338,""pieceName"":""阿狸"",""img"":""https://game.gtimg.cn/images/lol/act/jkzlk/mode16s17/hero/s16_head_ahri.png"",""price"":3,""starNum"":3,""equipmentList"":[{""equipmentId"":2014,""equipmentName"":""纳什之牙"",""equipmentImg"":""https://game.gtimg.cn/images/lol/act/jkzlk/gamedata/equip/nashorstooth.png""},{""equipmentId"":2038,""equipmentName"":""珠光护手"",""equipmentImg"":""https://game.gtimg.cn/images/lol/act/jkzlk/gamedata/equip/2038.png""},{""equipmentId"":41618,""equipmentName"":""神谕者纹章"",""equipmentImg"":""https://game.gtimg.cn/images/lol/act/jkzlk/gamedata/equip/41618.png""}]},{""pieceId"":3329,""pieceName"":""乐芙兰"",""img"":""https://game.gtimg.cn/images/lol/act/jkzlk/mode16s17/hero/s16_head_leblanc.png"",""price"":3,""starNum"":3,""equipmentList"":[{""equipmentId"":2004,""equipmentName"":""朔极之矛"",""equipmentImg"":""https://game.gtimg.cn/images/lol/act/jkzlk/gamedata/equip/2004.png""},{""equipmentId"":2014,""equipmentName"":""纳什之牙"",""equipmentImg"":""https://game.gtimg.cn/images/lol/act/jkzlk/gamedata/equip/nashorstooth.png""},{""equipmentId"":2038,""equipmentName"":""珠光护手"",""equipmentImg"":""https://game.gtimg.cn/images/lol/act/jkzlk/gamedata/equip/2038.png""}]},{""pieceId"":3337,""pieceName"":""德莱厄斯"",""img"":""https://game.gtimg.cn/images/lol/act/jkzlk/mode16s17/hero/s16_head_darius.png"",""price"":3,""starNum"":3,""equipmentList"":[{""equipmentId"":2007,""equipmentName"":""斯特拉克的挑战护手"",""equipmentImg"":""https://game.gtimg.cn/images/lol/act/jkzlk/gamedata/equip/steraksgage.png""},{""equipmentId"":2012,""equipmentName"":""泰坦的坚决"",""equipmentImg"":""https://game.gtimg.cn/images/lol/act/jkzlk/gamedata/equip/2052.png""},{""equipmentId"":2024,""equipmentName"":""适应性头盔"",""equipmentImg"":""https://game.gtimg.cn/images/lol/act/jkzlk/gamedata/equip/adaptivehelm.png""}]},{""pieceId"":1402,""pieceName"":""慎"",""img"":""https://game.gtimg.cn/images/lol/act/jkzlk/mode16s17/hero/s16_head_shen.png"",""price"":1,""starNum"":0,""equipmentList"":[]},{""pieceId"":3330,""pieceName"":""可酷伯与悠米"",""img"":""https://game.gtimg.cn/images/lol/act/jkzlk/mode16s17/hero/s16_head_kobukoyuumi.png"",""price"":3,""starNum"":0,""equipmentList"":[]},{""pieceId"":3331,""pieceName"":""凯南"",""img"":""https://game.gtimg.cn/images/lol/act/jkzlk/mode16s17/hero/s16_head_kennen.png"",""price"":3,""starNum"":0,""equipmentList"":[]},{""pieceId"":4332,""pieceName"":""孙悟空"",""img"":""https://game.gtimg.cn/images/lol/act/jkzlk/mode16s17/hero/s16_head_wukong.png"",""price"":4,""starNum"":0,""equipmentList"":[]},{""pieceId"":4336,""pieceName"":""斯维因"",""img"":""https://game.gtimg.cn/images/lol/act/jkzlk/mode16s17/hero/s16_head_swain.png"",""price"":4,""starNum"":0,""equipmentList"":[]}],""extraData"":{""img"":""https://game.gtimg.cn/images/lol/act/jkzlk/mode16s17/trait/s16_trait_icon_noxus.png"",""levelRate_7"":62.74,""levelRate_8"":27.45,""levelRate_9"":9.8,""authorName"":null,""campName"":""诺克萨斯 乐芙兰 && 德莱厄斯"",""campCode"":null,""campCoreNum"":3,""campUrl"":null},""change"":{""allPickRate"":{""updateType"":0,""updateValue"":0},""avgRanking"":{""updateType"":1,""updateValue"":0.29},""pickRate_4"":{""updateType"":2,""updateValue"":-0.06},""pickRate_1"":{""updateType"":2,""updateValue"":-0.03}}}"
25,1,e82359df26aafe9ea8ea2cd60eeda5ba,0,0,4.97,17.07,34.14,https://game.gtimg.cn/images/lol/act/jkzlk/mode16s17/trait/s16_trait_icon_noxus.png,0,63.41,36.58,黑白,诺克萨斯 卑尔维斯 && 斯维因,【阵容码】#诺克大卑-抖音小鱼一图流#MjE5OTE0MDkxODI4MDc2MDkxNzY3NDI3MzIxMjc5,3,https://mp.weixin.qq.com/s/xrt5bDxzhRmegMHfiieLhQ,0,0,1,0.65,2,-0.09,2,-0.11,"{""score"":0,""groupId"":""e82359df26aafe9ea8ea2cd60eeda5ba"",""allPickRate"":0,""avgRanking"":4.97,""pickRate_1"":17.07,""pickRate_4"":34.14,""pieceList"":[{""pieceId"":4353,""pieceName"":""卑尔维斯"",""img"":""https://game.gtimg.cn/images/lol/act/jkzlk/mode16s17/hero/s16_head_belveth.png"",""price"":4,""starNum"":0,""equipmentList"":[{""equipmentId"":2013,""equipmentName"":""海妖之怒"",""equipmentImg"":""https://game.gtimg.cn/images/lol/act/jkzlk/gamedata/equip/krakensfury.png""},{""equipmentId"":2041,""equipmentName"":""水银"",""equipmentImg"":""https://game.gtimg.cn/images/lol/act/jkzlk/gamedata/equip/2041.png""},{""equipmentId"":2046,""equipmentName"":""巨人捕手"",""equipmentImg"":""https://game.gtimg.cn/images/lol/act/jkzlk/gamedata/equip/2046.png""}]},{""pieceId"":1411,""pieceName"":""贝蕾亚"",""img"":""https://game.gtimg.cn/images/lol/act/jkzlk/mode16s17/hero/s16_head_briar.png"",""price"":1,""starNum"":0,""equipmentList"":[]},{""pieceId"":4336,""pieceName"":""斯维因"",""img"":""https://game.gtimg.cn/images/lol/act/jkzlk/mode16s17/hero/s16_head_swain.png"",""price"":4,""starNum"":0,""equipmentList"":[{""equipmentId"":2023,""equipmentName"":""圣盾使的誓约"",""equipmentImg"":""https://game.gtimg.cn/images/lol/act/jkzlk/gamedata/equip/2023.png""},{""equipmentId"":2029,""equipmentName"":""日炎斗篷"",""equipmentImg"":""https://game.gtimg.cn/images/lol/act/jkzlk/gamedata/equip/2329.png""},{""equipmentId"":2032,""equipmentName"":""薄暮法袍"",""equipmentImg"":""https://game.gtimg.cn/images/lol/act/jkzlk/gamedata/equip/evenshroud.png""}]},{""pieceId"":2414,""pieceName"":""科加斯"",""img"":""https://game.gtimg.cn/images/lol/act/jkzlk/mode16s17/hero/s16_head_chogath.png"",""price"":2,""starNum"":0,""equipmentList"":[]},{""pieceId"":3334,""pieceName"":""普朗克"",""img"":""https://game.gtimg.cn/images/lol/act/jkzlk/mode16s17/hero/s16_head_gangplank.png"",""price"":3,""starNum"":0,""equipmentList"":[]},{""pieceId"":4354,""pieceName"":""安蓓萨"",""img"":""https://game.gtimg.cn/images/lol/act/jkzlk/mode16s17/hero/s16_head_ambessa.png"",""price"":4,""starNum"":0,""equipmentList"":[]},{""pieceId"":5278,""pieceName"":""希瓦娜"",""img"":""https://game.gtimg.cn/images/lol/act/jkzlk/mode16s17/hero/s16_head_shyvana.png"",""price"":5,""starNum"":0,""equipmentList"":[]},{""pieceId"":5296,""pieceName"":""亚托克斯"",""img"":""https://game.gtimg.cn/images/lol/act/jkzlk/mode16s17/hero/s16_head_aatrox.png"",""price"":5,""starNum"":0,""equipmentList"":[]}],""extraData"":{""img"":""https://game.gtimg.cn/images/lol/act/jkzlk/mode16s17/trait/s16_trait_icon_noxus.png"",""levelRate_7"":0,""levelRate_8"":63.41,""levelRate_9"":36.58,""authorName"":""黑白"",""campName"":""诺克萨斯 卑尔维斯 && 斯维因"",""campCode"":""【阵容码】#诺克大卑-抖音小鱼一图流#MjE5OTE0MDkxODI4MDc2MDkxNzY3NDI3MzIxMjc5"",""campCoreNum"":3,""campUrl"":""https://mp.weixin.qq.com/s/xrt5bDxzhRmegMHfiieLhQ""},""change"":{""allPickRate"":{""updateType"":0,""updateValue"":0},""avgRanking"":{""updateType"":1,""updateValue"":0.65},""pickRate_4"":{""updateType"":2,""updateValue"":-0.09},""pickRate_1"":{""updateType"":2,""updateValue"":-0.11}}}"
