_row_id,comp_ranking_row_id,piece_order,piece_id,piece_name,piece_img,piece_price,star_num,raw_json
1,1,1,3337,德莱厄斯,https://game.gtimg.cn/images/lol/act/jkzlk/mode16s17/hero/s16_head_darius.png,3,3,"{""pieceId"":3337,""pieceName"":""德莱厄斯"",""img"":""https://game.gtimg.cn/images/lol/act/jkzlk/mode16s17/hero/s16_head_darius.png"",""price"":3,""starNum"":3,""equipmentList"":[{""equipmentId"":2007,""equipmentName"":""斯特拉克的挑战护手"",""equipmentImg"":""https://game.gtimg.cn/images/lol/act/jkzlk/gamedata/equip/steraksgage.png""},{""equipmentId"":2012,""equipmentName"":""泰坦的坚决"",""equipmentImg"":""https://game.gtimg.cn/images/lol/act/jkzlk/gamedata/equip/2052.png""},{""equipmentId"":2024,""equipmentName"":""适应性头盔"",""equipmentImg"":""https://game.gtimg.cn/images/lol/act/jkzlk/gamedata/equip/adaptivehelm.png""}]}"
2,1,2,3321,薇恩,https://game.gtimg.cn/images/lol/act/jkzlk/mode16s17/hero/s16_head_vayne.png,3,3,"{""pieceId"":3321,""pieceName"":""薇恩"",""img"":""https://game.gtimg.cn/images/lol/act/jkzlk/mode16s17/hero/s16_head_vayne.png"",""price"":3,""starNum"":3,""equipmentList"":[{""equipmentId"":2001,""equipmentName"":""无尽之刃"",""equipmentImg"":""https://game.gtimg.cn/images/lol/act/jkzlk/gamedata/equip/2001.png""},{""equipmentId"":2010,""equipmentName"":""鬼索的狂暴之刃"",""equipmentImg"":""https://game.gtimg.cn/images/lol/act/jkzlk/gamedata/equip/2010.png""},{""equipmentId"":2045,""equipmentName"":""锐利之刃"",""equipmentImg"":""https://game.gtimg.cn/images/lol/act/jkzlk/gamedata/equip/2045.png""}]}"
3,1,3,4349,盖伦,https://game.gtimg.cn/images/lol/act/jkzlk/mode16s17/hero/s16_head_garen.png,4,0,"{""pieceId"":4349,""pieceName"":""盖伦"",""img"":""https://game.gtimg.cn/images/lol/act/jkzlk/mode16s17/hero/s16_head_garen.png"",""price"":4,""starNum"":0,""equipmentList"":[{""equipmentId"":2025,""equipmentName"":""振奋盔甲"",""equipmentImg"":""https://game.gtimg.cn/images/lol/act/jkzlk/gamedata/equip/spiritvisage.png""},{""equipmentId"":2029,""equipmentName"":""日炎斗篷"",""equipmentImg"":""https://game.gtimg.cn/images/lol/act/jkzlk/gamedata/equip/2329.png""},{""equipmentId"":2032,""equipmentName"":""薄暮法袍"",""equipmentImg"":""https://game.gtimg.cn/images/lol/act/jkzlk/gamedata/equip/evenshroud.png""}]}"
4,1,4,1408,嘉文四世,https://game.gtimg.cn/images/lol/act/jkzlk/mode16s17/hero/s16_head_jarvan.png,1,0,"{""pieceId"":1408,""pieceName"":""嘉文四世"",""img"":""https://game.gtimg.cn/images/lol/act/jkzlk/mode16s17/hero/s16_head_jarvan.png"",""price"":1,""starNum"":0,""equipmentList"":[]}"
5,1,5,1410,凯特琳,https://game.gtimg.cn/images/lol/act/jkzlk/mode16s17/hero/s16_head_caitlyn.png,1,0,"{""pieceId"":1410,""pieceName"":""凯特琳"",""img"":""https://game.gtimg.cn/images/lol/act/jkzlk/mode16s17/hero/s16_head_caitlyn.png"",""price"":1,""starNum"":0,""equipmentList"":[]}"
6,1,6,2403,蔚,https://game.gtimg.cn/images/lol/act/jkzlk/mode16s17/hero/s16_head_vi.png,2,0,"{""pieceId"":2403,""pieceName"":""蔚"",""img"":""https://game.gtimg.cn/images/lol/act/jkzlk/mode16s17/hero/s16_head_vi.png"",""price"":2,""starNum"":0,""equipmentList"":[]}"
7,1,7,4360,卡莎,https://game.gtimg.cn/images/lol/act/jkzlk/mode16s17/hero/s16_head_kaisa.png,4,0,"{""pieceId"":4360,""pieceName"":""卡莎"",""img"":""https://game.gtimg.cn/images/lol/act/jkzlk/mode16s17/hero/s16_head_kaisa.png"",""price"":4,""starNum"":0,""equipmentList"":[]}"
8,1,8,5285,加里奥,https://game.gtimg.cn/images/lol/act/jkzlk/mode16s17/hero/s16_head_galio.png,5,0,"{""pieceId"":5285,""pieceName"":""加里奥"",""img"":""https://game.gtimg.cn/images/lol/act/jkzlk/mode16s17/hero/s16_head_galio.png"",""price"":5,""starNum"":0,""equipmentList"":[]}"
9,2,1,4344,厄运小姐,https://game.gtimg.cn/images/lol/act/jkzlk/mode16s17/hero/s16_head_missfortune.png,4,0,"{""pieceId"":4344,""pieceName"":""厄运小姐"",""img"":""https://game.gtimg.cn/images/lol/act/jkzlk/mode16s17/hero/s16_head_missfortune.png"",""price"":4,""starNum"":0,""equipmentList"":[{""equipmentId"":2001,""equipmentName"":""无尽之刃"",""equipmentImg"":""https://game.gtimg.cn/images/lol/act/jkzlk/gamedata/equip/2001.png""},{""equipmentId"":2010,""equipmentName"":""鬼索的狂暴之刃"",""equipmentImg"":""https://game.gtimg.cn/images/lol/act/jkzlk/gamedata/equip/2010.png""},{""equipmentId"":9181,""equipmentName"":""亡者的短剑"",""equipmentImg"":""https://game.gtimg.cn/images/lol/act/jkzlk/gamedata/equip/deadmansdagger.png""}]}"
10,2,2,5276,塔姆,https://game.gtimg.cn/images/lol/act/jkzlk/mode16s17/hero/s16_head_tahmkench.png,5,0,"{""pieceId"":5276,""pieceName"":""塔姆"",""img"":""https://game.gtimg.cn/images/lol/act/jkzlk/mode16s17/hero/s16_head_tahmkench.png"",""price"":5,""starNum"":0,""equipmentList"":[{""equipmentId"":2023,""equipmentName"":""圣盾使的誓约"",""equipmentImg"":""https://game.gtimg.cn/images/lol/act/jkzlk/gamedata/equip/2023.png""},{""equipmentId"":2025,""equipmentName"":""振奋盔甲"",""equipmentImg"":""https://game.gtimg.cn/images/lol/act/jkzlk/gamedata/equip/spiritvisage.png""},{""equipmentId"":9184,""equipmentName"":""成堆柑橘"",""equipmentImg"":""https://game.gtimg.cn/images/lol/act/jkzlk/gamedata/equip/pileocitrus.png""}]}"
11,2,3,3324,诺提勒斯,https://game.gtimg.cn/images/lol/act/jkzlk/mode16s17/hero/s16_head_nautilus.png,3,0,"{""pieceId"":3324,""pieceName"":""诺提勒斯"",""img"":""https://game.gtimg.cn/images/lol/act/jkzlk/mode16s17/hero/s16_head_nautilus.png"",""price"":3,""starNum"":0,""equipmentList"":[{""equipmentId"":2025,""equipmentName"":""振奋盔甲"",""equipmentImg"":""https://game.gtimg.cn/images/lol/act/jkzlk/gamedata/equip/spiritvisage.png""},{""equipmentId"":2029,""equipmentName"":""日炎斗篷"",""equipmentImg"":""https://game.gtimg.cn/images/lol/act/jkzlk/gamedata/equip/2329.png""},{""equipmentId"":2032,""equipmentName"":""薄暮法袍"",""equipmentImg"":""https://game.gtimg.cn/images/lol/act/jkzlk/gamedata/equip/evenshroud.png""}]}"
12,2,4,2404,崔斯特,https://game.gtimg.cn/images/lol/act/jkzlk/mode16s17/hero/s16_head_twistedfate.png,2,0,"{""pieceId"":2404,""pieceName"":""崔斯特"",""img"":""https://game.gtimg.cn/images/lol/act/jkzlk/mode16s17/hero/s16_head_twistedfate.png"",""price"":2,""starNum"":0,""equipmentList"":[]}"
13,2,5,5278,希瓦娜,https://game.gtimg.cn/images/lol/act/jkzlk/mode16s17/hero/s16_head_shyvana.png,5,0,"{""pieceId"":5278,""pieceName"":""希瓦娜"",""img"":""https://game.gtimg.cn/images/lol/act/jkzlk/mode16s17/hero/s16_head_shyvana.png"",""price"":5,""starNum"":0,""equipmentList"":[]}"
14,2,6,5281,奥恩,https://game.gtimg.cn/images/lol/act/jkzlk/mode16s17/hero/s16_head_ornn.png,5,0,"{""pieceId"":5281,""pieceName"":""奥恩"",""img"":""https://game.gtimg.cn/images/lol/act/jkzlk/mode16s17/hero/s16_head_ornn.png"",""price"":5,""starNum"":0,""equipmentList"":[]}"
15,2,7,5284,千珏,https://game.gtimg.cn/images/lol/act/jkzlk/mode16s17/hero/s16_head_kindred.png,5,0,"{""pieceId"":5284,""pieceName"":""千珏"",""img"":""https://game.gtimg.cn/images/lol/act/jkzlk/mode16s17/hero/s16_head_kindred.png"",""price"":5,""starNum"":0,""equipmentList"":[]}"
16,2,8,5397,卢锡安与赛娜,https://game.gtimg.cn/images/lol/act/jkzlk/mode16s17/hero/s16_head_senna.png,5,0,"{""pieceId"":5397,""pieceName"":""卢锡安与赛娜"",""img"":""https://game.gtimg.cn/images/lol/act/jkzlk/mode16s17/hero/s16_head_senna.png"",""price"":5,""starNum"":0,""equipmentList"":[]}"
17,3,1,3328,蕾欧娜,https://game.gtimg.cn/images/lol/act/jkzlk/mode16s17/hero/s16_head_leona.png,3,3,"{""pieceId"":3328,""pieceName"":""蕾欧娜"",""img"":""https://game.gtimg.cn/images/lol/act/jkzlk/mode16s17/hero/s16_head_leona.png"",""price"":3,""starNum"":3,""equipmentList"":[{""equipmentId"":2025,""equipmentName"":""振奋盔甲"",""equipmentImg"":""https://game.gtimg.cn/images/lol/act/jkzlk/gamedata/equip/spiritvisage.png""},{""equipmentId"":2028,""equipmentName"":""石像鬼石板甲"",""equipmentImg"":""https://game.gtimg.cn/images/lol/act/jkzlk/gamedata/equip/2248.png""},{""equipmentId"":2028,""equipmentName"":""石像鬼石板甲"",""equipmentImg"":""https://game.gtimg.cn/images/lol/act/jkzlk/gamedata/equip/2248.png""}]}"
18,3,2,3320,佐伊,https://game.gtimg.cn/images/lol/act/jkzlk/mode16s17/hero/s16_head_zoe.png,3,3,"{""pieceId"":3320,""pieceName"":""佐伊"",""img"":""https://game.gtimg.cn/images/lol/act/jkzlk/mode16s17/hero/s16_head_zoe.png"",""price"":3,""starNum"":3,""equipmentList"":[{""equipmentId"":2004,""equipmentName"":""朔极之矛"",""equipmentImg"":""https://game.gtimg.cn/images/lol/act/jkzlk/gamedata/equip/2004.png""},{""equipmentId"":2014,""equipmentName"":""纳什之牙"",""equipmentImg"":""https://game.gtimg.cn/images/lol/act/jkzlk/gamedata/equip/nashorstooth.png""},{""equipmentId"":2038,""equipmentName"":""珠光护手"",""equipmentImg"":""https://game.gtimg.cn/images/lol/act/jkzlk/gamedata/equip/2038.png""}]}"
19,3,3,3326,玛尔扎哈,https://game.gtimg.cn/images/lol/act/jkzlk/mode16s17/hero/s16_head_malzahar.png,3,0,"{""pieceId"":3326,""pieceName"":""玛尔扎哈"",""img"":""https://game.gtimg.cn/images/lol/act/jkzlk/mode16s17/hero/s16_head_malzahar.png"",""price"":3,""starNum"":0,""equipmentList"":[{""equipmentId"":2004,""equipmentName"":""朔极之矛"",""equipmentImg"":""https://game.gtimg.cn/images/lol/act/jkzlk/gamedata/equip/2004.png""},{""equipmentId"":2014,""equipmentName"":""纳什之牙"",""equipmentImg"":""https://game.gtimg.cn/images/lol/act/jkzlk/gamedata/equip/nashorstooth.png""},{""equipmentId"":2038,""equipmentName"":""珠光护手"",""equipmentImg"":""https://game.gtimg.cn/images/lol/act/jkzlk/gamedata/equip/2038.png""}]}"
20,3,4,1406,克格莫,https://game.gtimg.cn/images/lol/act/jkzlk/mode16s17/hero/s16_head_kogmaw.png,1,0,"{""pieceId"":1406,""pieceName"":""克格莫"",""img"":""https://game.gtimg.cn/images/lol/act/jkzlk/mode16s17/hero/s16_head_kogmaw.png"",""price"":1,""starNum"":0,""equipmentList"":[]}"
21,3,5,2403,蔚,https://game.gtimg.cn/images/lol/act/jkzlk/mode16s17/hero/s16_head_vi.png,2,0,"{""pieceId"":2403,""pieceName"":""蔚"",""img"":""https://game.gtimg.cn/images/lol/act/jkzlk/mode16s17/hero/s16_head_vi.png"",""price"":2,""starNum"":0,""equipmentList"":[]}"
22,3,6,2411,妮蔻,https://game.gtimg.cn/images/lol/act/jkzlk/mode16s17/hero/s16_head_neeko.png,2,0,"{""pieceId"":2411,""pieceName"":""妮蔻"",""img"":""https://game.gtimg.cn/images/lol/act/jkzlk/mode16s17/hero/s16_head_neeko.png"",""price"":2,""starNum"":0,""equipmentList"":[]}"
23,3,7,4335,塔里克,https://game.gtimg.cn/images/lol/act/jkzlk/mode16s17/hero/s16_head_taric.png,4,0,"{""pieceId"":4335,""pieceName"":""塔里克"",""img"":""https://game.gtimg.cn/images/lol/act/jkzlk/mode16s17/hero/s16_head_taric.png"",""price"":4,""starNum"":0,""equipmentList"":[]}"
24,3,8,4339,萨勒芬妮,https://game.gtimg.cn/images/lol/act/jkzlk/mode16s17/hero/s16_head_seraphine.png,4,0,"{""pieceId"":4339,""pieceName"":""萨勒芬妮"",""img"":""https://game.gtimg.cn/images/lol/act/jkzlk/mode16s17/hero/s16_head_seraphine.png"",""price"":4,""starNum"":0,""equipmentList"":[]}"
25,4,1,5277,塞拉斯,https://game.gtimg.cn/images/lol/act/jkzlk/mode16s17/hero/s16_head_sylas.png,5,0,"{""pieceId"":5277,""pieceName"":""塞拉斯"",""img"":""https://game.gtimg.cn/images/lol/act/jkzlk/mode16s17/hero/s16_head_sylas.png"",""price"":5,""starNum"":0,""equipmentList"":[{""equipmentId"":2006,""equipmentName"":""汲取剑"",""equipmentImg"":""https://game.gtimg.cn/images/lol/act/jkzlk/gamedata/equip/2006.png""},{""equipmentId"":2014,""equipmentName"":""纳什之牙"",""equipmentImg"":""https://game.gtimg.cn/images/lol/act/jkzlk/gamedata/equip/nashorstooth.png""},{""equipmentId"":2038,""equipmentName"":""珠光护手"",""equipmentImg"":""https://game.gtimg.cn/images/lol/act/jkzlk/gamedata/equip/2038.png""}]}"
26,4,2,4336,斯维因,https://game.gtimg.cn/images/lol/act/jkzlk/mode16s17/hero/s16_head_swain.png,4,0,"{""pieceId"":4336,""pieceName"":""斯维因"",""img"":""https://game.gtimg.cn/images/lol/act/jkzlk/mode16s17/hero/s16_head_swain.png"",""price"":4,""starNum"":0,""equipmentList"":[{""equipmentId"":2025,""equipmentName"":""振奋盔甲"",""equipmentImg"":""https://game.gtimg.cn/images/lol/act/jkzlk/gamedata/equip/spiritvisage.png""},{""equipmentId"":2028,""equipmentName"":""石像鬼石板甲"",""equipmentImg"":""https://game.gtimg.cn/images/lol/act/jkzlk/gamedata/equip/2248.png""},{""equipmentId"":2029,""equipmentName"":""日炎斗篷"",""equipmentImg"":""https://game.gtimg.cn/images/lol/act/jkzlk/gamedata/equip/2329.png""}]}"
27,4,3,5292,安妮,https://game.gtimg.cn/images/lol/act/jkzlk/mode16s17/hero/s16_head_annie.png,5,0,"{""pieceId"":5292,""pieceName"":""安妮"",""img"":""https://game.gtimg.cn/images/lol/act/jkzlk/mode16s17/hero/s16_head_annie.png"",""price"":5,""starNum"":0,""equipmentList"":[{""equipmentId"":2004,""equipmentName"":""朔极之矛"",""equipmentImg"":""https://game.gtimg.cn/images/lol/act/jkzlk/gamedata/equip/2004.png""},{""equipmentId"":2014,""equipmentName"":""纳什之牙"",""equipmentImg"":""https://game.gtimg.cn/images/lol/act/jkzlk/gamedata/equip/nashorstooth.png""},{""equipmentId"":2038,""equipmentName"":""珠光护手"",""equipmentImg"":""https://game.gtimg.cn/images/lol/act/jkzlk/gamedata/equip/2038.png""}]}"
28,4,4,2411,妮蔻,https://game.gtimg.cn/images/lol/act/jkzlk/mode16s17/hero/s16_head_neeko.png,2,0,"{""pieceId"":2411,""pieceName"":""妮蔻"",""img"":""https://game.gtimg.cn/images/lol/act/jkzlk/mode16s17/hero/s16_head_neeko.png"",""price"":2,""starNum"":0,""equipmentList"":[]}"
29,4,5,4335,塔里克,https://game.gtimg.cn/images/lol/act/jkzlk/mode16s17/hero/s16_head_taric.png,4,0,"{""pieceId"":4335,""pieceName"":""塔里克"",""img"":""https://game.gtimg.cn/images/lol/act/jkzlk/mode16s17/hero/s16_head_taric.png"",""price"":4,""starNum"":0,""equipmentList"":[]}"
30,4,6,4345,拉克丝,https://game.gtimg.cn/images/lol/act/jkzlk/mode16s17/hero/s16_head_lux.png,4,0,"{""pieceId"":4345,""pieceName"":""拉克丝"",""img"":""https://game.gtimg.cn/images/lol/act/jkzlk/mode16s17/hero/s16_head_lux.png"",""price"":4,""starNum"":0,""equipmentList"":[]}"
31,4,7,5278,希瓦娜,https://game.gtimg.cn/images/lol/act/jkzlk/mode16s17/hero/s16_head_shyvana.png,5,0,"{""pieceId"":5278,""pieceName"":""希瓦娜"",""img"":""https://game.gtimg.cn/images/lol/act/jkzlk/mode16s17/hero/s16_head_shyvana.png"",""price"":5,""starNum"":0,""equipmentList"":[]}"
32,4,8,5397,卢锡安与赛娜,https://game.gtimg.cn/images/lol/act/jkzlk/mode16s17/hero/s16_head_senna.png,5,0,"{""pieceId"":5397,""pieceName"":""卢锡安与赛娜"",""img"":""https://game.gtimg.cn/images/lol/act/jkzlk/mode16s17/hero/s16_head_senna.png"",""price"":5,""starNum"":0,""equipmentList"":[]}"
33,5,1,5284,千珏,https://game.gtimg.cn/images/lol/act/jkzlk/mode16s17/hero/s16_head_kindred.png,5,0,"{""pieceId"":5284,""pieceName"":""千珏"",""img"":""https://game.gtimg.cn/images/lol/act/jkzlk/mode16s17/hero/s16_head_kindred.png"",""price"":5,""starNum"":0,""equipmentList"":[{""equipmentId"":2010,""equipmentName"":""鬼索的狂暴之刃"",""equipmentImg"":""https://game.gtimg.cn/images/lol/act/jkzlk/gamedata/equip/2010.png""},{""equipmentId"":2013,""equipmentName"":""海妖之怒"",""equipmentImg"":""https://game.gtimg.cn/images/lol/act/jkzlk/gamedata/equip/krakensfury.png""},{""equipmentId"":2045,""equipmentName"":""锐利之刃"",""equipmentImg"":""https://game.gtimg.cn/images/lol/act/jkzlk/gamedata/equip/2045.png""}]}"
34,5,2,3337,德莱厄斯,https://game.gtimg.cn/images/lol/act/jkzlk/mode16s17/hero/s16_head_darius.png,3,0,"{""pieceId"":3337,""pieceName"":""德莱厄斯"",""img"":""https://game.gtimg.cn/images/lol/act/jkzlk/mode16s17/hero/s16_head_darius.png"",""price"":3,""starNum"":0,""equipmentList"":[{""equipmentId"":2007,""equipmentName"":""斯特拉克的挑战护手"",""equipmentImg"":""https://game.gtimg.cn/images/lol/act/jkzlk/gamedata/equip/steraksgage.png""},{""equipmentId"":2012,""equipmentName"":""泰坦的坚决"",""equipmentImg"":""https://game.gtimg.cn/images/lol/act/jkzlk/gamedata/equip/2052.png""},{""equipmentId"":2024,""equipmentName"":""适应性头盔"",""equipmentImg"":""https://game.gtimg.cn/images/lol/act/jkzlk/gamedata/equip/adaptivehelm.png""}]}"
35,5,3,3335,德莱文,https://game.gtimg.cn/images/lol/act/jkzlk/mode16s17/hero/s16_head_draven.png,3,0,"{""pieceId"":3335,""pieceName"":""德莱文"",""img"":""https://game.gtimg.cn/images/lol/act/jkzlk/mode16s17/hero/s16_head_draven.png"",""price"":3,""starNum"":0,""equipmentList"":[{""equipmentId"":2010,""equipmentName"":""鬼索的狂暴之刃"",""equipmentImg"":""https://game.gtimg.cn/images/lol/act/jkzlk/gamedata/equip/2010.png""},{""equipmentId"":2045,""equipmentName"":""锐利之刃"",""equipmentImg"":""https://game.gtimg.cn/images/lol/act/jkzlk/gamedata/equip/2045.png""},{""equipmentId"":2046,""equipmentName"":""巨人捕手"",""equipmentImg"":""https://game.gtimg.cn/images/lol/act/jkzlk/gamedata/equip/2046.png""}]}"
36,5,4,4336,斯维因,https://game.gtimg.cn/images/lol/act/jkzlk/mode16s17/hero/s16_head_swain.png,4,0,"{""pieceId"":4336,""pieceName"":""斯维因"",""img"":""https://game.gtimg.cn/images/lol/act/jkzlk/mode16s17/hero/s16_head_swain.png"",""price"":4,""starNum"":0,""equipmentList"":[]}"
37,5,5,5277,塞拉斯,https://game.gtimg.cn/images/lol/act/jkzlk/mode16s17/hero/s16_head_sylas.png,5,0,"{""pieceId"":5277,""pieceName"":""塞拉斯"",""img"":""https://game.gtimg.cn/images/lol/act/jkzlk/mode16s17/hero/s16_head_sylas.png"",""price"":5,""starNum"":0,""equipmentList"":[]}"
38,5,6,5278,希瓦娜,https://game.gtimg.cn/images/lol/act/jkzlk/mode16s17/hero/s16_head_shyvana.png,5,0,"{""pieceId"":5278,""pieceName"":""希瓦娜"",""img"":""https://game.gtimg.cn/images/lol/act/jkzlk/mode16s17/hero/s16_head_shyvana.png"",""price"":5,""starNum"":0,""equipmentList"":[]}"
39,5,7,5281,奥恩,https://game.gtimg.cn/images/lol/act/jkzlk/mode16s17/hero/s16_head_ornn.png,5,0,"{""pieceId"":5281,""pieceName"":""奥恩"",""img"":""https://game.gtimg.cn/images/lol/act/jkzlk/mode16s17/hero/s16_head_ornn.png"",""price"":5,""starNum"":0,""equipmentList"":[]}"
40,5,8,5397,卢锡安与赛娜,https://game.gtimg.cn/images/lol/act/jkzlk/mode16s17/hero/s16_head_senna.png,5,0,"{""pieceId"":5397,""pieceName"":""卢锡安与赛娜"",""img"":""https://game.gtimg.cn/images/lol/act/jkzlk/mode16s17/hero/s16_head_senna.png"",""price"":5,""starNum"":0,""equipmentList"":[]}"
41,6,1,4337,斯卡纳,https://game.gtimg.cn/images/lol/act/jkzlk/mode16s17/hero/s16_head_skarner.png,4,0,"{""pieceId"":4337,""pieceName"":""斯卡纳"",""img"":""https://game.gtimg.cn/images/lol/act/jkzlk/mode16s17/hero/s16_head_skarner.png"",""price"":4,""starNum"":0,""equipmentList"":[{""equipmentId"":2028,""equipmentName"":""石像鬼石板甲"",""equipmentImg"":""https://game.gtimg.cn/images/lol/act/jkzlk/gamedata/equip/2248.png""},{""equipmentId"":2029,""equipmentName"":""日炎斗篷"",""equipmentImg"":""https://game.gtimg.cn/images/lol/act/jkzlk/gamedata/equip/2329.png""},{""equipmentId"":2032,""equipmentName"":""薄暮法袍"",""equipmentImg"":""https://game.gtimg.cn/images/lol/act/jkzlk/gamedata/equip/evenshroud.png""}]}"
42,6,2,4342,奈德丽,https://game.gtimg.cn/images/lol/act/jkzlk/mode16s17/hero/s16_head_nidalee.png,4,0,"{""pieceId"":4342,""pieceName"":""奈德丽"",""img"":""https://game.gtimg.cn/images/lol/act/jkzlk/mode16s17/hero/s16_head_nidalee.png"",""price"":4,""starNum"":0,""equipmentList"":[{""equipmentId"":2011,""equipmentName"":""虚空之杖"",""equipmentImg"":""https://game.gtimg.cn/images/lol/act/jkzlk/gamedata/equip/voidstaff.png""},{""equipmentId"":2038,""equipmentName"":""珠光护手"",""equipmentImg"":""https://game.gtimg.cn/images/lol/act/jkzlk/gamedata/equip/2038.png""},{""equipmentId"":2046,""equipmentName"":""巨人捕手"",""equipmentImg"":""https://game.gtimg.cn/images/lol/act/jkzlk/gamedata/equip/2046.png""}]}"
43,6,3,2411,妮蔻,https://game.gtimg.cn/images/lol/act/jkzlk/mode16s17/hero/s16_head_neeko.png,2,0,"{""pieceId"":2411,""pieceName"":""妮蔻"",""img"":""https://game.gtimg.cn/images/lol/act/jkzlk/mode16s17/hero/s16_head_neeko.png"",""price"":2,""starNum"":0,""equipmentList"":[{""equipmentId"":2025,""equipmentName"":""振奋盔甲"",""equipmentImg"":""https://game.gtimg.cn/images/lol/act/jkzlk/gamedata/equip/spiritvisage.png""},{""equipmentId"":2028,""equipmentName"":""石像鬼石板甲"",""equipmentImg"":""https://game.gtimg.cn/images/lol/act/jkzlk/gamedata/equip/2248.png""},{""equipmentId"":2029,""equipmentName"":""日炎斗篷"",""equipmentImg"":""https://game.gtimg.cn/images/lol/act/jkzlk/gamedata/equip/2329.png""}]}"
44,6,4,2403,蔚,https://game.gtimg.cn/images/lol/act/jkzlk/mode16s17/hero/s16_head_vi.png,2,0,"{""pieceId"":2403,""pieceName"":""蔚"",""img"":""https://game.gtimg.cn/images/lol/act/jkzlk/mode16s17/hero/s16_head_vi.png"",""price"":2,""starNum"":0,""equipmentList"":[]}"
45,6,5,3325,米利欧,https://game.gtimg.cn/images/lol/act/jkzlk/mode16s17/hero/s16_head_milio.png,3,0,"{""pieceId"":3325,""pieceName"":""米利欧"",""img"":""https://game.gtimg.cn/images/lol/act/jkzlk/mode16s17/hero/s16_head_milio.png"",""price"":3,""starNum"":0,""equipmentList"":[]}"
46,6,6,4336,斯维因,https://game.gtimg.cn/images/lol/act/jkzlk/mode16s17/hero/s16_head_swain.png,4,0,"{""pieceId"":4336,""pieceName"":""斯维因"",""img"":""https://game.gtimg.cn/images/lol/act/jkzlk/mode16s17/hero/s16_head_swain.png"",""price"":4,""starNum"":0,""equipmentList"":[]}"
47,6,7,5278,希瓦娜,https://game.gtimg.cn/images/lol/act/jkzlk/mode16s17/hero/s16_head_shyvana.png,5,0,"{""pieceId"":5278,""pieceName"":""希瓦娜"",""img"":""https://game.gtimg.cn/images/lol/act/jkzlk/mode16s17/hero/s16_head_shyvana.png"",""price"":5,""starNum"":0,""equipmentList"":[]}"
48,6,8,5288,岩宝,https://game.gtimg.cn/images/lol/act/jkzlk/mode16s17/hero/s16_head_brock.png,5,0,"{""pieceId"":5288,""pieceName"":""岩宝"",""img"":""https://game.gtimg.cn/images/lol/act/jkzlk/mode16s17/hero/s16_head_brock.png"",""price"":5,""starNum"":0,""equipmentList"":[]}"
49,7,1,4331,永恩,https://game.gtimg.cn/images/lol/act/jkzlk/mode16s17/hero/s16_head_yone.png,4,0,"{""pieceId"":4331,""pieceName"":""永恩"",""img"":""https://game.gtimg.cn/images/lol/act/jkzlk/mode16s17/hero/s16_head_yone.png"",""price"":4,""starNum"":0,""equipmentList"":[{""equipmentId"":2006,""equipmentName"":""汲取剑"",""equipmentImg"":""https://game.gtimg.cn/images/lol/act/jkzlk/gamedata/equip/2006.png""},{""equipmentId"":2010,""equipmentName"":""鬼索的狂暴之刃"",""equipmentImg"":""https://game.gtimg.cn/images/lol/act/jkzlk/gamedata/equip/2010.png""},{""equipmentId"":2012,""equipmentName"":""泰坦的坚决"",""equipmentImg"":""https://game.gtimg.cn/images/lol/act/jkzlk/gamedata/equip/2052.png""}]}"
50,7,2,4332,孙悟空,https://game.gtimg.cn/images/lol/act/jkzlk/mode16s17/hero/s16_head_wukong.png,4,0,"{""pieceId"":4332,""pieceName"":""孙悟空"",""img"":""https://game.gtimg.cn/images/lol/act/jkzlk/mode16s17/hero/s16_head_wukong.png"",""price"":4,""starNum"":0,""equipmentList"":[{""equipmentId"":2019,""equipmentName"":""离子火花"",""equipmentImg"":""https://game.gtimg.cn/images/lol/act/jkzlk/gamedata/equip/2019.png""},{""equipmentId"":2025,""equipmentName"":""振奋盔甲"",""equipmentImg"":""https://game.gtimg.cn/images/lol/act/jkzlk/gamedata/equip/spiritvisage.png""},{""equipmentId"":2029,""equipmentName"":""日炎斗篷"",""equipmentImg"":""https://game.gtimg.cn/images/lol/act/jkzlk/gamedata/equip/2329.png""}]}"
51,7,3,3338,阿狸,https://game.gtimg.cn/images/lol/act/jkzlk/mode16s17/hero/s16_head_ahri.png,3,3,"{""pieceId"":3338,""pieceName"":""阿狸"",""img"":""https://game.gtimg.cn/images/lol/act/jkzlk/mode16s17/hero/s16_head_ahri.png"",""price"":3,""starNum"":3,""equipmentList"":[{""equipmentId"":2004,""equipmentName"":""朔极之矛"",""equipmentImg"":""https://game.gtimg.cn/images/lol/act/jkzlk/gamedata/equip/2004.png""},{""equipmentId"":2014,""equipmentName"":""纳什之牙"",""equipmentImg"":""https://game.gtimg.cn/images/lol/act/jkzlk/gamedata/equip/nashorstooth.png""},{""equipmentId"":2038,""equipmentName"":""珠光护手"",""equipmentImg"":""https://game.gtimg.cn/images/lol/act/jkzlk/gamedata/equip/2038.png""}]}"
52,7,4,1402,慎,https://game.gtimg.cn/images/lol/act/jkzlk/mode16s17/hero/s16_head_shen.png,1,0,"{""pieceId"":1402,""pieceName"":""慎"",""img"":""https://game.gtimg.cn/images/lol/act/jkzlk/mode16s17/hero/s16_head_shen.png"",""price"":1,""starNum"":0,""equipmentList"":[]}"
53,7,5,2401,亚索,https://game.gtimg.cn/images/lol/act/jkzlk/mode16s17/hero/s16_head_yasuo.png,2,0,"{""pieceId"":2401,""pieceName"":""亚索"",""img"":""https://game.gtimg.cn/images/lol/act/jkzlk/mode16s17/hero/s16_head_yasuo.png"",""price"":2,""starNum"":0,""equipmentList"":[]}"
54,7,6,2411,妮蔻,https://game.gtimg.cn/images/lol/act/jkzlk/mode16s17/hero/s16_head_neeko.png,2,0,"{""pieceId"":2411,""pieceName"":""妮蔻"",""img"":""https://game.gtimg.cn/images/lol/act/jkzlk/mode16s17/hero/s16_head_neeko.png"",""price"":2,""starNum"":0,""equipmentList"":[]}"
55,7,7,3331,凯南,https://game.gtimg.cn/images/lol/act/jkzlk/mode16s17/hero/s16_head_kennen.png,3,0,"{""pieceId"":3331,""pieceName"":""凯南"",""img"":""https://game.gtimg.cn/images/lol/act/jkzlk/mode16s17/hero/s16_head_kennen.png"",""price"":3,""starNum"":0,""equipmentList"":[]}"
56,7,8,5279,瑟提,https://game.gtimg.cn/images/lol/act/jkzlk/mode16s17/hero/s16_head_sett.png,5,0,"{""pieceId"":5279,""pieceName"":""瑟提"",""img"":""https://game.gtimg.cn/images/lol/act/jkzlk/mode16s17/hero/s16_head_sett.png"",""price"":5,""starNum"":0,""equipmentList"":[]}"
57,8,1,3322,瑟庄妮,https://game.gtimg.cn/images/lol/act/jkzlk/mode16s17/hero/s16_head_sejuani.png,3,0,"{""pieceId"":3322,""pieceName"":""瑟庄妮"",""img"":""https://game.gtimg.cn/images/lol/act/jkzlk/mode16s17/hero/s16_head_sejuani.png"",""price"":3,""starNum"":0,""equipmentList"":[{""equipmentId"":2025,""equipmentName"":""振奋盔甲"",""equipmentImg"":""https://game.gtimg.cn/images/lol/act/jkzlk/gamedata/equip/spiritvisage.png""},{""equipmentId"":2029,""equipmentName"":""日炎斗篷"",""equipmentImg"":""https://game.gtimg.cn/images/lol/act/jkzlk/gamedata/equip/2329.png""},{""equipmentId"":2032,""equipmentName"":""薄暮法袍"",""equipmentImg"":""https://game.gtimg.cn/images/lol/act/jkzlk/gamedata/equip/evenshroud.png""}]}"
58,8,2,3332,金克丝,https://game.gtimg.cn/images/lol/act/jkzlk/mode16s17/hero/s16_head_jinx.png,3,3,"{""pieceId"":3332,""pieceName"":""金克丝"",""img"":""https://game.gtimg.cn/images/lol/act/jkzlk/mode16s17/hero/s16_head_jinx.png"",""price"":3,""starNum"":3,""equipmentList"":[{""equipmentId"":2003,""equipmentName"":""海克斯科技枪刃"",""equipmentImg"":""https://game.gtimg.cn/images/lol/act/jkzlk/gamedata/equip/2003.png""},{""equipmentId"":2010,""equipmentName"":""鬼索的狂暴之刃"",""equipmentImg"":""https://game.gtimg.cn/images/lol/act/jkzlk/gamedata/equip/2010.png""},{""equipmentId"":2041,""equipmentName"":""水银"",""equipmentImg"":""https://game.gtimg.cn/images/lol/act/jkzlk/gamedata/equip/2041.png""}]}"
59,8,3,2403,蔚,https://game.gtimg.cn/images/lol/act/jkzlk/mode16s17/hero/s16_head_vi.png,2,0,"{""pieceId"":2403,""pieceName"":""蔚"",""img"":""https://game.gtimg.cn/images/lol/act/jkzlk/mode16s17/hero/s16_head_vi.png"",""price"":2,""starNum"":0,""equipmentList"":[{""equipmentId"":1009,""equipmentName"":""拳套"",""equipmentImg"":""https://game.gtimg.cn/images/lol/act/jkzlk/gamedata/equip/1009.png""},{""equipmentId"":2024,""equipmentName"":""适应性头盔"",""equipmentImg"":""https://game.gtimg.cn/images/lol/act/jkzlk/gamedata/equip/adaptivehelm.png""},{""equipmentId"":2027,""equipmentName"":""棘刺背心"",""equipmentImg"":""https://game.gtimg.cn/images/lol/act/jkzlk/gamedata/equip/2054.png""}]}"
60,8,4,2416,艾希,https://game.gtimg.cn/images/lol/act/jkzlk/mode16s17/hero/s16_head_ashe.png,2,0,"{""pieceId"":2416,""pieceName"":""艾希"",""img"":""https://game.gtimg.cn/images/lol/act/jkzlk/mode16s17/hero/s16_head_ashe.png"",""price"":2,""starNum"":0,""equipmentList"":[]}"
61,8,5,3327,洛里斯,https://game.gtimg.cn/images/lol/act/jkzlk/mode16s17/hero/s16_head_loris.png,3,0,"{""pieceId"":3327,""pieceName"":""洛里斯"",""img"":""https://game.gtimg.cn/images/lol/act/jkzlk/mode16s17/hero/s16_head_loris.png"",""price"":3,""starNum"":0,""equipmentList"":[]}"
62,8,6,4333,沃里克,https://game.gtimg.cn/images/lol/act/jkzlk/mode16s17/hero/s16_head_warwick.png,4,0,"{""pieceId"":4333,""pieceName"":""沃里克"",""img"":""https://game.gtimg.cn/images/lol/act/jkzlk/mode16s17/hero/s16_head_warwick.png"",""price"":4,""starNum"":0,""equipmentList"":[]}"
63,8,7,4352,布隆,https://game.gtimg.cn/images/lol/act/jkzlk/mode16s17/hero/s16_head_braum.png,4,0,"{""pieceId"":4352,""pieceName"":""布隆"",""img"":""https://game.gtimg.cn/images/lol/act/jkzlk/mode16s17/hero/s16_head_braum.png"",""price"":4,""starNum"":0,""equipmentList"":[]}"
64,8,8,5397,卢锡安与赛娜,https://game.gtimg.cn/images/lol/act/jkzlk/mode16s17/hero/s16_head_senna.png,5,0,"{""pieceId"":5397,""pieceName"":""卢锡安与赛娜"",""img"":""https://game.gtimg.cn/images/lol/act/jkzlk/mode16s17/hero/s16_head_senna.png"",""price"":5,""starNum"":0,""equipmentList"":[]}"
65,9,1,5271,吉格斯,https://game.gtimg.cn/images/lol/act/jkzlk/mode16s17/hero/s16_head_ziggs.png,5,0,"{""pieceId"":5271,""pieceName"":""吉格斯"",""img"":""https://game.gtimg.cn/images/lol/act/jkzlk/mode16s17/hero/s16_head_ziggs.png"",""price"":5,""starNum"":0,""equipmentList"":[{""equipmentId"":2010,""equipmentName"":""鬼索的狂暴之刃"",""equipmentImg"":""https://game.gtimg.cn/images/lol/act/jkzlk/gamedata/equip/2010.png""},{""equipmentId"":2011,""equipmentName"":""虚空之杖"",""equipmentImg"":""https://game.gtimg.cn/images/lol/act/jkzlk/gamedata/equip/voidstaff.png""},{""equipmentId"":2038,""equipmentName"":""珠光护手"",""equipmentImg"":""https://game.gtimg.cn/images/lol/act/jkzlk/gamedata/equip/2038.png""}]}"
66,9,2,3331,凯南,https://game.gtimg.cn/images/lol/act/jkzlk/mode16s17/hero/s16_head_kennen.png,3,0,"{""pieceId"":3331,""pieceName"":""凯南"",""img"":""https://game.gtimg.cn/images/lol/act/jkzlk/mode16s17/hero/s16_head_kennen.png"",""price"":3,""starNum"":0,""equipmentList"":[{""equipmentId"":2025,""equipmentName"":""振奋盔甲"",""equipmentImg"":""https://game.gtimg.cn/images/lol/act/jkzlk/gamedata/equip/spiritvisage.png""},{""equipmentId"":2028,""equipmentName"":""石像鬼石板甲"",""equipmentImg"":""https://game.gtimg.cn/images/lol/act/jkzlk/gamedata/equip/2248.png""},{""equipmentId"":2029,""equipmentName"":""日炎斗篷"",""equipmentImg"":""https://game.gtimg.cn/images/lol/act/jkzlk/gamedata/equip/2329.png""}]}"
67,9,3,2407,提莫,https://game.gtimg.cn/images/lol/act/jkzlk/mode16s17/hero/s16_head_teemo.png,2,3,"{""pieceId"":2407,""pieceName"":""提莫"",""img"":""https://game.gtimg.cn/images/lol/act/jkzlk/mode16s17/hero/s16_head_teemo.png"",""price"":2,""starNum"":3,""equipmentList"":[{""equipmentId"":2001,""equipmentName"":""无尽之刃"",""equipmentImg"":""https://game.gtimg.cn/images/lol/act/jkzlk/gamedata/equip/2001.png""},{""equipmentId"":2004,""equipmentName"":""朔极之矛"",""equipmentImg"":""https://game.gtimg.cn/images/lol/act/jkzlk/gamedata/equip/2004.png""},{""equipmentId"":2016,""equipmentName"":""班克斯的魔法帽"",""equipmentImg"":""https://game.gtimg.cn/images/lol/act/jkzlk/gamedata/equip/2016.png""}]}"
68,9,4,3330,可酷伯与悠米,https://game.gtimg.cn/images/lol/act/jkzlk/mode16s17/hero/s16_head_kobukoyuumi.png,3,0,"{""pieceId"":3330,""pieceName"":""可酷伯与悠米"",""img"":""https://game.gtimg.cn/images/lol/act/jkzlk/mode16s17/hero/s16_head_kobukoyuumi.png"",""price"":3,""starNum"":0,""equipmentList"":[]}"
69,9,5,4334,维迦,https://game.gtimg.cn/images/lol/act/jkzlk/mode16s17/hero/s16_head_veigar.png,4,0,"{""pieceId"":4334,""pieceName"":""维迦"",""img"":""https://game.gtimg.cn/images/lol/act/jkzlk/mode16s17/hero/s16_head_veigar.png"",""price"":4,""starNum"":0,""equipmentList"":[]}"
70,9,6,4336,斯维因,https://game.gtimg.cn/images/lol/act/jkzlk/mode16s17/hero/s16_head_swain.png,4,0,"{""pieceId"":4336,""pieceName"":""斯维因"",""img"":""https://game.gtimg.cn/images/lol/act/jkzlk/mode16s17/hero/s16_head_swain.png"",""price"":4,""starNum"":0,""equipmentList"":[]}"
71,9,7,5277,塞拉斯,https://game.gtimg.cn/images/lol/act/jkzlk/mode16s17/hero/s16_head_sylas.png,5,0,"{""pieceId"":5277,""pieceName"":""塞拉斯"",""img"":""https://game.gtimg.cn/images/lol/act/jkzlk/mode16s17/hero/s16_head_sylas.png"",""price"":5,""starNum"":0,""equipmentList"":[]}"
72,9,8,5278,希瓦娜,https://game.gtimg.cn/images/lol/act/jkzlk/mode16s17/hero/s16_head_shyvana.png,5,0,"{""pieceId"":5278,""pieceName"":""希瓦娜"",""img"":""https://game.gtimg.cn/images/lol/act/jkzlk/mode16s17/hero/s16_head_shyvana.png"",""price"":5,""starNum"":0,""equipmentList"":[]}"
73,10,1,4345,拉克丝,https://game.gtimg.cn/images/lol/act/jkzlk/mode16s17/hero/s16_head_lux.png,4,0,"{""pieceId"":4345,""pieceName"":""拉克丝"",""img"":""https://game.gtimg.cn/images/lol/act/jkzlk/mode16s17/hero/s16_head_lux.png"",""price"":4,""starNum"":0,""equipmentList"":[{""equipmentId"":2004,""equipmentName"":""朔极之矛"",""equipmentImg"":""https://game.gtimg.cn/images/lol/act/jkzlk/gamedata/equip/2004.png""},{""equipmentId"":2020,""equipmentName"":""莫雷洛秘典"",""equipmentImg"":""https://game.gtimg.cn/images/lol/act/jkzlk/gamedata/equip/2020.png""},{""equipmentId"":2038,""equipmentName"":""珠光护手"",""equipmentImg"":""https://game.gtimg.cn/images/lol/act/jkzlk/gamedata/equip/2038.png""}]}"
74,10,2,4349,盖伦,https://game.gtimg.cn/images/lol/act/jkzlk/mode16s17/hero/s16_head_garen.png,4,0,"{""pieceId"":4349,""pieceName"":""盖伦"",""img"":""https://game.gtimg.cn/images/lol/act/jkzlk/mode16s17/hero/s16_head_garen.png"",""price"":4,""starNum"":0,""equipmentList"":[{""equipmentId"":2025,""equipmentName"":""振奋盔甲"",""equipmentImg"":""https://game.gtimg.cn/images/lol/act/jkzlk/gamedata/equip/spiritvisage.png""},{""equipmentId"":2029,""equipmentName"":""日炎斗篷"",""equipmentImg"":""https://game.gtimg.cn/images/lol/act/jkzlk/gamedata/equip/2329.png""},{""equipmentId"":2032,""equipmentName"":""薄暮法袍"",""equipmentImg"":""https://game.gtimg.cn/images/lol/act/jkzlk/gamedata/equip/evenshroud.png""}]}"
75,10,3,4360,卡莎,https://game.gtimg.cn/images/lol/act/jkzlk/mode16s17/hero/s16_head_kaisa.png,4,0,"{""pieceId"":4360,""pieceName"":""卡莎"",""img"":""https://game.gtimg.cn/images/lol/act/jkzlk/mode16s17/hero/s16_head_kaisa.png"",""price"":4,""starNum"":0,""equipmentList"":[{""equipmentId"":2001,""equipmentName"":""无尽之刃"",""equipmentImg"":""https://game.gtimg.cn/images/lol/act/jkzlk/gamedata/equip/2001.png""},{""equipmentId"":2004,""equipmentName"":""朔极之矛"",""equipmentImg"":""https://game.gtimg.cn/images/lol/act/jkzlk/gamedata/equip/2004.png""},{""equipmentId"":2037,""equipmentName"":""最后的轻语"",""equipmentImg"":""https://game.gtimg.cn/images/lol/act/jkzlk/gamedata/equip/2053.png""}]}"
76,10,4,1408,嘉文四世,https://game.gtimg.cn/images/lol/act/jkzlk/mode16s17/hero/s16_head_jarvan.png,1,0,"{""pieceId"":1408,""pieceName"":""嘉文四世"",""img"":""https://game.gtimg.cn/images/lol/act/jkzlk/mode16s17/hero/s16_head_jarvan.png"",""price"":1,""starNum"":0,""equipmentList"":[]}"
77,10,5,2403,蔚,https://game.gtimg.cn/images/lol/act/jkzlk/mode16s17/hero/s16_head_vi.png,2,0,"{""pieceId"":2403,""pieceName"":""蔚"",""img"":""https://game.gtimg.cn/images/lol/act/jkzlk/mode16s17/hero/s16_head_vi.png"",""price"":2,""starNum"":0,""equipmentList"":[]}"
78,10,6,3321,薇恩,https://game.gtimg.cn/images/lol/act/jkzlk/mode16s17/hero/s16_head_vayne.png,3,0,"{""pieceId"":3321,""pieceName"":""薇恩"",""img"":""https://game.gtimg.cn/images/lol/act/jkzlk/mode16s17/hero/s16_head_vayne.png"",""price"":3,""starNum"":0,""equipmentList"":[]}"
79,10,7,3337,德莱厄斯,https://game.gtimg.cn/images/lol/act/jkzlk/mode16s17/hero/s16_head_darius.png,3,0,"{""pieceId"":3337,""pieceName"":""德莱厄斯"",""img"":""https://game.gtimg.cn/images/lol/act/jkzlk/mode16s17/hero/s16_head_darius.png"",""price"":3,""starNum"":0,""equipmentList"":[]}"
80,10,8,5285,加里奥,https://game.gtimg.cn/images/lol/act/jkzlk/mode16s17/hero/s16_head_galio.png,5,0,"{""pieceId"":5285,""pieceName"":""加里奥"",""img"":""https://game.gtimg.cn/images/lol/act/jkzlk/mode16s17/hero/s16_head_galio.png"",""price"":5,""starNum"":0,""equipmentList"":[]}"
81,11,1,4349,盖伦,https://game.gtimg.cn/images/lol/act/jkzlk/mode16s17/hero/s16_head_garen.png,4,0,"{""pieceId"":4349,""pieceName"":""盖伦"",""img"":""https://game.gtimg.cn/images/lol/act/jkzlk/mode16s17/hero/s16_head_garen.png"",""price"":4,""starNum"":0,""equipmentList"":[{""equipmentId"":2025,""equipmentName"":""振奋盔甲"",""equipmentImg"":""https://game.gtimg.cn/images/lol/act/jkzlk/gamedata/equip/spiritvisage.png""},{""equipmentId"":2028,""equipmentName"":""石像鬼石板甲"",""equipmentImg"":""https://game.gtimg.cn/images/lol/act/jkzlk/gamedata/equip/2248.png""},{""equipmentId"":2029,""equipmentName"":""日炎斗篷"",""equipmentImg"":""https://game.gtimg.cn/images/lol/act/jkzlk/gamedata/equip/2329.png""}]}"
82,11,2,4348,卡莎,https://game.gtimg.cn/images/lol/act/jkzlk/mode16s17/hero/s16_head_kaisa.png,4,0,"{""pieceId"":4348,""pieceName"":""卡莎"",""img"":""https://game.gtimg.cn/images/lol/act/jkzlk/mode16s17/hero/s16_head_kaisa.png"",""price"":4,""starNum"":0,""equipmentList"":[{""equipmentId"":2003,""equipmentName"":""海克斯科技枪刃"",""equipmentImg"":""https://game.gtimg.cn/images/lol/act/jkzlk/gamedata/equip/2003.png""},{""equipmentId"":2010,""equipmentName"":""鬼索的狂暴之刃"",""equipmentImg"":""https://game.gtimg.cn/images/lol/act/jkzlk/gamedata/equip/2010.png""},{""equipmentId"":2038,""equipmentName"":""珠光护手"",""equipmentImg"":""https://game.gtimg.cn/images/lol/act/jkzlk/gamedata/equip/2038.png""}]}"
83,11,3,4345,拉克丝,https://game.gtimg.cn/images/lol/act/jkzlk/mode16s17/hero/s16_head_lux.png,4,0,"{""pieceId"":4345,""pieceName"":""拉克丝"",""img"":""https://game.gtimg.cn/images/lol/act/jkzlk/mode16s17/hero/s16_head_lux.png"",""price"":4,""starNum"":0,""equipmentList"":[{""equipmentId"":2004,""equipmentName"":""朔极之矛"",""equipmentImg"":""https://game.gtimg.cn/images/lol/act/jkzlk/gamedata/equip/2004.png""},{""equipmentId"":2038,""equipmentName"":""珠光护手"",""equipmentImg"":""https://game.gtimg.cn/images/lol/act/jkzlk/gamedata/equip/2038.png""},{""equipmentId"":41620,""equipmentName"":""狙神纹章"",""equipmentImg"":""https://game.gtimg.cn/images/lol/act/jkzlk/gamedata/equip/41620.png""}]}"
84,11,4,1406,克格莫,https://game.gtimg.cn/images/lol/act/jkzlk/mode16s17/hero/s16_head_kogmaw.png,1,0,"{""pieceId"":1406,""pieceName"":""克格莫"",""img"":""https://game.gtimg.cn/images/lol/act/jkzlk/mode16s17/hero/s16_head_kogmaw.png"",""price"":1,""starNum"":0,""equipmentList"":[]}"
85,11,5,1408,嘉文四世,https://game.gtimg.cn/images/lol/act/jkzlk/mode16s17/hero/s16_head_jarvan.png,1,0,"{""pieceId"":1408,""pieceName"":""嘉文四世"",""img"":""https://game.gtimg.cn/images/lol/act/jkzlk/mode16s17/hero/s16_head_jarvan.png"",""price"":1,""starNum"":0,""equipmentList"":[]}"
86,11,6,3321,薇恩,https://game.gtimg.cn/images/lol/act/jkzlk/mode16s17/hero/s16_head_vayne.png,3,0,"{""pieceId"":3321,""pieceName"":""薇恩"",""img"":""https://game.gtimg.cn/images/lol/act/jkzlk/mode16s17/hero/s16_head_vayne.png"",""price"":3,""starNum"":0,""equipmentList"":[]}"
87,11,7,3337,德莱厄斯,https://game.gtimg.cn/images/lol/act/jkzlk/mode16s17/hero/s16_head_darius.png,3,3,"{""pieceId"":3337,""pieceName"":""德莱厄斯"",""img"":""https://game.gtimg.cn/images/lol/act/jkzlk/mode16s17/hero/s16_head_darius.png"",""price"":3,""starNum"":3,""equipmentList"":[]}"
88,11,8,5285,加里奥,https://game.gtimg.cn/images/lol/act/jkzlk/mode16s17/hero/s16_head_galio.png,5,0,"{""pieceId"":5285,""pieceName"":""加里奥"",""img"":""https://game.gtimg.cn/images/lol/act/jkzlk/mode16s17/hero/s16_head_galio.png"",""price"":5,""starNum"":0,""equipmentList"":[]}"
89,12,1,4334,维迦,https://game.gtimg.cn/images/lol/act/jkzlk/mode16s17/hero/s16_head_veigar.png,4,0,"{""pieceId"":4334,""pieceName"":""维迦"",""img"":""https://game.gtimg.cn/images/lol/act/jkzlk/mode16s17/hero/s16_head_veigar.png"",""price"":4,""starNum"":0,""equipmentList"":[{""equipmentId"":2004,""equipmentName"":""朔极之矛"",""equipmentImg"":""https://game.gtimg.cn/images/lol/act/jkzlk/gamedata/equip/2004.png""},{""equipmentId"":2011,""equipmentName"":""虚空之杖"",""equipmentImg"":""https://game.gtimg.cn/images/lol/act/jkzlk/gamedata/equip/voidstaff.png""},{""equipmentId"":2016,""equipmentName"":""班克斯的魔法帽"",""equipmentImg"":""https://game.gtimg.cn/images/lol/act/jkzlk/gamedata/equip/2016.png""}]}"
90,12,2,3331,凯南,https://game.gtimg.cn/images/lol/act/jkzlk/mode16s17/hero/s16_head_kennen.png,3,0,"{""pieceId"":3331,""pieceName"":""凯南"",""img"":""https://game.gtimg.cn/images/lol/act/jkzlk/mode16s17/hero/s16_head_kennen.png"",""price"":3,""starNum"":0,""equipmentList"":[{""equipmentId"":2025,""equipmentName"":""振奋盔甲"",""equipmentImg"":""https://game.gtimg.cn/images/lol/act/jkzlk/gamedata/equip/spiritvisage.png""},{""equipmentId"":2028,""equipmentName"":""石像鬼石板甲"",""equipmentImg"":""https://game.gtimg.cn/images/lol/act/jkzlk/gamedata/equip/2248.png""},{""equipmentId"":2029,""equipmentName"":""日炎斗篷"",""equipmentImg"":""https://game.gtimg.cn/images/lol/act/jkzlk/gamedata/equip/2329.png""}]}"
91,12,3,2407,提莫,https://game.gtimg.cn/images/lol/act/jkzlk/mode16s17/hero/s16_head_teemo.png,2,0,"{""pieceId"":2407,""pieceName"":""提莫"",""img"":""https://game.gtimg.cn/images/lol/act/jkzlk/mode16s17/hero/s16_head_teemo.png"",""price"":2,""starNum"":0,""equipmentList"":[{""equipmentId"":2001,""equipmentName"":""无尽之刃"",""equipmentImg"":""https://game.gtimg.cn/images/lol/act/jkzlk/gamedata/equip/2001.png""},{""equipmentId"":2004,""equipmentName"":""朔极之矛"",""equipmentImg"":""https://game.gtimg.cn/images/lol/act/jkzlk/gamedata/equip/2004.png""},{""equipmentId"":2016,""equipmentName"":""班克斯的魔法帽"",""equipmentImg"":""https://game.gtimg.cn/images/lol/act/jkzlk/gamedata/equip/2016.png""}]}"
92,12,4,1403,兰博,https://game.gtimg.cn/images/lol/act/jkzlk/mode16s17/hero/s16_head_rumble.png,1,0,"{""pieceId"":1403,""pieceName"":""兰博"",""img"":""https://game.gtimg.cn/images/lol/act/jkzlk/mode16s17/hero/s16_head_rumble.png"",""price"":1,""starNum"":0,""equipmentList"":[]}"
93,12,5,2420,波比,https://game.gtimg.cn/images/lol/act/jkzlk/mode16s17/hero/s16_head_poppy.png,2,0,"{""pieceId"":2420,""pieceName"":""波比"",""img"":""https://game.gtimg.cn/images/lol/act/jkzlk/mode16s17/hero/s16_head_poppy.png"",""price"":2,""starNum"":0,""equipmentList"":[]}"
94,12,6,3330,可酷伯与悠米,https://game.gtimg.cn/images/lol/act/jkzlk/mode16s17/hero/s16_head_kobukoyuumi.png,3,0,"{""pieceId"":3330,""pieceName"":""可酷伯与悠米"",""img"":""https://game.gtimg.cn/images/lol/act/jkzlk/mode16s17/hero/s16_head_kobukoyuumi.png"",""price"":3,""starNum"":0,""equipmentList"":[]}"
95,12,7,5271,吉格斯,https://game.gtimg.cn/images/lol/act/jkzlk/mode16s17/hero/s16_head_ziggs.png,5,0,"{""pieceId"":5271,""pieceName"":""吉格斯"",""img"":""https://game.gtimg.cn/images/lol/act/jkzlk/mode16s17/hero/s16_head_ziggs.png"",""price"":5,""starNum"":0,""equipmentList"":[]}"
96,12,8,5278,希瓦娜,https://game.gtimg.cn/images/lol/act/jkzlk/mode16s17/hero/s16_head_shyvana.png,5,0,"{""pieceId"":5278,""pieceName"":""希瓦娜"",""img"":""https://game.gtimg.cn/images/lol/act/jkzlk/mode16s17/hero/s16_head_shyvana.png"",""price"":5,""starNum"":0,""equipmentList"":[]}"
97,13,1,4352,布隆,https://game.gtimg.cn/images/lol/act/jkzlk/mode16s17/hero/s16_head_braum.png,4,0,"{""pieceId"":4352,""pieceName"":""布隆"",""img"":""https://game.gtimg.cn/images/lol/act/jkzlk/mode16s17/hero/s16_head_braum.png"",""price"":4,""starNum"":0,""equipmentList"":[{""equipmentId"":2019,""equipmentName"":""离子火花"",""equipmentImg"":""https://game.gtimg.cn/images/lol/act/jkzlk/gamedata/equip/2019.png""},{""equipmentId"":2025,""equipmentName"":""振奋盔甲"",""equipmentImg"":""https://game.gtimg.cn/images/lol/act/jkzlk/gamedata/equip/spiritvisage.png""},{""equipmentId"":2029,""equipmentName"":""日炎斗篷"",""equipmentImg"":""https://game.gtimg.cn/images/lol/act/jkzlk/gamedata/equip/2329.png""}]}"
98,13,2,4346,丽桑卓,https://game.gtimg.cn/images/lol/act/jkzlk/mode16s17/hero/s16_head_lissandra.png,4,0,"{""pieceId"":4346,""pieceName"":""丽桑卓"",""img"":""https://game.gtimg.cn/images/lol/act/jkzlk/mode16s17/hero/s16_head_lissandra.png"",""price"":4,""starNum"":0,""equipmentList"":[{""equipmentId"":2004,""equipmentName"":""朔极之矛"",""equipmentImg"":""https://game.gtimg.cn/images/lol/act/jkzlk/gamedata/equip/2004.png""},{""equipmentId"":2014,""equipmentName"":""纳什之牙"",""equipmentImg"":""https://game.gtimg.cn/images/lol/act/jkzlk/gamedata/equip/nashorstooth.png""},{""equipmentId"":2038,""equipmentName"":""珠光护手"",""equipmentImg"":""https://game.gtimg.cn/images/lol/act/jkzlk/gamedata/equip/2038.png""}]}"
99,13,3,3322,瑟庄妮,https://game.gtimg.cn/images/lol/act/jkzlk/mode16s17/hero/s16_head_sejuani.png,3,0,"{""pieceId"":3322,""pieceName"":""瑟庄妮"",""img"":""https://game.gtimg.cn/images/lol/act/jkzlk/mode16s17/hero/s16_head_sejuani.png"",""price"":3,""starNum"":0,""equipmentList"":[{""equipmentId"":2028,""equipmentName"":""石像鬼石板甲"",""equipmentImg"":""https://game.gtimg.cn/images/lol/act/jkzlk/gamedata/equip/2248.png""},{""equipmentId"":2029,""equipmentName"":""日炎斗篷"",""equipmentImg"":""https://game.gtimg.cn/images/lol/act/jkzlk/gamedata/equip/2329.png""},{""equipmentId"":2032,""equipmentName"":""薄暮法袍"",""equipmentImg"":""https://game.gtimg.cn/images/lol/act/jkzlk/gamedata/equip/evenshroud.png""}]}"
100,13,4,1413,艾尼维亚,https://game.gtimg.cn/images/lol/act/jkzlk/mode16s17/hero/s16_head_anivia.png,1,0,"{""pieceId"":1413,""pieceName"":""艾尼维亚"",""img"":""https://game.gtimg.cn/images/lol/act/jkzlk/mode16s17/hero/s16_head_anivia.png"",""price"":1,""starNum"":0,""equipmentList"":[]}"
101,13,5,2403,蔚,https://game.gtimg.cn/images/lol/act/jkzlk/mode16s17/hero/s16_head_vi.png,2,0,"{""pieceId"":2403,""pieceName"":""蔚"",""img"":""https://game.gtimg.cn/images/lol/act/jkzlk/mode16s17/hero/s16_head_vi.png"",""price"":2,""starNum"":0,""equipmentList"":[]}"
102,13,6,3327,洛里斯,https://game.gtimg.cn/images/lol/act/jkzlk/mode16s17/hero/s16_head_loris.png,3,0,"{""pieceId"":3327,""pieceName"":""洛里斯"",""img"":""https://game.gtimg.cn/images/lol/act/jkzlk/mode16s17/hero/s16_head_loris.png"",""price"":3,""starNum"":0,""equipmentList"":[]}"
103,13,7,3330,可酷伯与悠米,https://game.gtimg.cn/images/lol/act/jkzlk/mode16s17/hero/s16_head_kobukoyuumi.png,3,0,"{""pieceId"":3330,""pieceName"":""可酷伯与悠米"",""img"":""https://game.gtimg.cn/images/lol/act/jkzlk/mode16s17/hero/s16_head_kobukoyuumi.png"",""price"":3,""starNum"":0,""equipmentList"":[]}"
104,13,8,5273,沃利贝尔,https://game.gtimg.cn/images/lol/act/jkzlk/mode16s17/hero/s16_head_volibear.png,5,0,"{""pieceId"":5273,""pieceName"":""沃利贝尔"",""img"":""https://game.gtimg.cn/images/lol/act/jkzlk/mode16s17/hero/s16_head_volibear.png"",""price"":5,""starNum"":0,""equipmentList"":[]}"
105,14,1,2415,巴德,https://game.gtimg.cn/images/lol/act/jkzlk/mode16s17/hero/s16_head_bard.png,2,3,"{""pieceId"":2415,""pieceName"":""巴德"",""img"":""https://game.gtimg.cn/images/lol/act/jkzlk/mode16s17/hero/s16_head_bard.png"",""price"":2,""starNum"":3,""equipmentList"":[{""equipmentId"":2004,""equipmentName"":""朔极之矛"",""equipmentImg"":""https://game.gtimg.cn/images/lol/act/jkzlk/gamedata/equip/2004.png""},{""equipmentId"":2014,""equipmentName"":""纳什之牙"",""equipmentImg"":""https://game.gtimg.cn/images/lol/act/jkzlk/gamedata/equip/nashorstooth.png""},{""equipmentId"":2038,""equipmentName"":""珠光护手"",""equipmentImg"":""https://game.gtimg.cn/images/lol/act/jkzlk/gamedata/equip/2038.png""}]}"
106,14,2,1402,慎,https://game.gtimg.cn/images/lol/act/jkzlk/mode16s17/hero/s16_head_shen.png,1,0,"{""pieceId"":1402,""pieceName"":""慎"",""img"":""https://game.gtimg.cn/images/lol/act/jkzlk/mode16s17/hero/s16_head_shen.png"",""price"":1,""starNum"":0,""equipmentList"":[{""equipmentId"":2025,""equipmentName"":""振奋盔甲"",""equipmentImg"":""https://game.gtimg.cn/images/lol/act/jkzlk/gamedata/equip/spiritvisage.png""},{""equipmentId"":2027,""equipmentName"":""棘刺背心"",""equipmentImg"":""https://game.gtimg.cn/images/lol/act/jkzlk/gamedata/equip/2054.png""},{""equipmentId"":2034,""equipmentName"":""狂徒铠甲"",""equipmentImg"":""https://game.gtimg.cn/images/lol/act/jkzlk/gamedata/equip/2034.png""}]}"
107,14,3,2408,赛恩,https://game.gtimg.cn/images/lol/act/jkzlk/mode16s17/hero/s16_head_sion.png,2,3,"{""pieceId"":2408,""pieceName"":""赛恩"",""img"":""https://game.gtimg.cn/images/lol/act/jkzlk/mode16s17/hero/s16_head_sion.png"",""price"":2,""starNum"":3,""equipmentList"":[{""equipmentId"":2025,""equipmentName"":""振奋盔甲"",""equipmentImg"":""https://game.gtimg.cn/images/lol/act/jkzlk/gamedata/equip/spiritvisage.png""},{""equipmentId"":2028,""equipmentName"":""石像鬼石板甲"",""equipmentImg"":""https://game.gtimg.cn/images/lol/act/jkzlk/gamedata/equip/2248.png""},{""equipmentId"":2029,""equipmentName"":""日炎斗篷"",""equipmentImg"":""https://game.gtimg.cn/images/lol/act/jkzlk/gamedata/equip/2329.png""}]}"
108,14,4,1409,俄洛伊,https://game.gtimg.cn/images/lol/act/jkzlk/mode16s17/hero/s16_head_illaoi.png,1,0,"{""pieceId"":1409,""pieceName"":""俄洛伊"",""img"":""https://game.gtimg.cn/images/lol/act/jkzlk/mode16s17/hero/s16_head_illaoi.png"",""price"":1,""starNum"":0,""equipmentList"":[]}"
109,14,5,2417,厄斐琉斯,https://game.gtimg.cn/images/lol/act/jkzlk/mode16s17/hero/s16_head_aphelios.png,2,3,"{""pieceId"":2417,""pieceName"":""厄斐琉斯"",""img"":""https://game.gtimg.cn/images/lol/act/jkzlk/mode16s17/hero/s16_head_aphelios.png"",""price"":2,""starNum"":3,""equipmentList"":[]}"
110,14,6,3330,可酷伯与悠米,https://game.gtimg.cn/images/lol/act/jkzlk/mode16s17/hero/s16_head_kobukoyuumi.png,3,0,"{""pieceId"":3330,""pieceName"":""可酷伯与悠米"",""img"":""https://game.gtimg.cn/images/lol/act/jkzlk/mode16s17/hero/s16_head_kobukoyuumi.png"",""price"":3,""starNum"":0,""equipmentList"":[]}"
111,14,7,3336,蒙多医生,https://game.gtimg.cn/images/lol/act/jkzlk/mode16s17/hero/s16_head_drmundo.png,3,0,"{""pieceId"":3336,""pieceName"":""蒙多医生"",""img"":""https://game.gtimg.cn/images/lol/act/jkzlk/mode16s17/hero/s16_head_drmundo.png"",""price"":3,""starNum"":0,""equipmentList"":[]}"
112,14,8,4332,孙悟空,https://game.gtimg.cn/images/lol/act/jkzlk/mode16s17/hero/s16_head_wukong.png,4,0,"{""pieceId"":4332,""pieceName"":""孙悟空"",""img"":""https://game.gtimg.cn/images/lol/act/jkzlk/mode16s17/hero/s16_head_wukong.png"",""price"":4,""starNum"":0,""equipmentList"":[]}"
113,15,1,4335,塔里克,https://game.gtimg.cn/images/lol/act/jkzlk/mode16s17/hero/s16_head_taric.png,4,0,"{""pieceId"":4335,""pieceName"":""塔里克"",""img"":""https://game.gtimg.cn/images/lol/act/jkzlk/mode16s17/hero/s16_head_taric.png"",""price"":4,""starNum"":0,""equipmentList"":[{""equipmentId"":2019,""equipmentName"":""离子火花"",""equipmentImg"":""https://game.gtimg.cn/images/lol/act/jkzlk/gamedata/equip/2019.png""},{""equipmentId"":2028,""equipmentName"":""石像鬼石板甲"",""equipmentImg"":""https://game.gtimg.cn/images/lol/act/jkzlk/gamedata/equip/2248.png""},{""equipmentId"":2029,""equipmentName"":""日炎斗篷"",""equipmentImg"":""https://game.gtimg.cn/images/lol/act/jkzlk/gamedata/equip/2329.png""}]}"
114,15,2,5280,瑞兹,https://game.gtimg.cn/images/lol/act/jkzlk/mode16s17/hero/s16_head_ryze.png,5,0,"{""pieceId"":5280,""pieceName"":""瑞兹"",""img"":""https://game.gtimg.cn/images/lol/act/jkzlk/mode16s17/hero/s16_head_ryze.png"",""price"":5,""starNum"":0,""equipmentList"":[{""equipmentId"":2004,""equipmentName"":""朔极之矛"",""equipmentImg"":""https://game.gtimg.cn/images/lol/act/jkzlk/gamedata/equip/2004.png""},{""equipmentId"":2014,""equipmentName"":""纳什之牙"",""equipmentImg"":""https://game.gtimg.cn/images/lol/act/jkzlk/gamedata/equip/nashorstooth.png""},{""equipmentId"":2038,""equipmentName"":""珠光护手"",""equipmentImg"":""https://game.gtimg.cn/images/lol/act/jkzlk/gamedata/equip/2038.png""}]}"
115,15,3,3331,凯南,https://game.gtimg.cn/images/lol/act/jkzlk/mode16s17/hero/s16_head_kennen.png,3,0,"{""pieceId"":3331,""pieceName"":""凯南"",""img"":""https://game.gtimg.cn/images/lol/act/jkzlk/mode16s17/hero/s16_head_kennen.png"",""price"":3,""starNum"":0,""equipmentList"":[{""equipmentId"":2028,""equipmentName"":""石像鬼石板甲"",""equipmentImg"":""https://game.gtimg.cn/images/lol/act/jkzlk/gamedata/equip/2248.png""},{""equipmentId"":2029,""equipmentName"":""日炎斗篷"",""equipmentImg"":""https://game.gtimg.cn/images/lol/act/jkzlk/gamedata/equip/2329.png""},{""equipmentId"":41602,""equipmentName"":""德玛西亚纹章"",""equipmentImg"":""https://game.gtimg.cn/images/lol/act/jkzlk/gamedata/equip/41602.png""}]}"
116,15,4,2402,赵信,https://game.gtimg.cn/images/lol/act/jkzlk/mode16s17/hero/s16_head_xinzhao.png,2,0,"{""pieceId"":2402,""pieceName"":""赵信"",""img"":""https://game.gtimg.cn/images/lol/act/jkzlk/mode16s17/hero/s16_head_xinzhao.png"",""price"":2,""starNum"":0,""equipmentList"":[]}"
117,15,5,2420,波比,https://game.gtimg.cn/images/lol/act/jkzlk/mode16s17/hero/s16_head_poppy.png,2,0,"{""pieceId"":2420,""pieceName"":""波比"",""img"":""https://game.gtimg.cn/images/lol/act/jkzlk/mode16s17/hero/s16_head_poppy.png"",""price"":2,""starNum"":0,""equipmentList"":[]}"
118,15,6,5277,塞拉斯,https://game.gtimg.cn/images/lol/act/jkzlk/mode16s17/hero/s16_head_sylas.png,5,0,"{""pieceId"":5277,""pieceName"":""塞拉斯"",""img"":""https://game.gtimg.cn/images/lol/act/jkzlk/mode16s17/hero/s16_head_sylas.png"",""price"":5,""starNum"":0,""equipmentList"":[]}"
119,15,7,5279,瑟提,https://game.gtimg.cn/images/lol/act/jkzlk/mode16s17/hero/s16_head_sett.png,5,0,"{""pieceId"":5279,""pieceName"":""瑟提"",""img"":""https://game.gtimg.cn/images/lol/act/jkzlk/mode16s17/hero/s16_head_sett.png"",""price"":5,""starNum"":0,""equipmentList"":[]}"
120,15,8,5285,加里奥,https://game.gtimg.cn/images/lol/act/jkzlk/mode16s17/hero/s16_head_galio.png,5,0,"{""pieceId"":5285,""pieceName"":""加里奥"",""img"":""https://game.gtimg.cn/images/lol/act/jkzlk/mode16s17/hero/s16_head_galio.png"",""price"":5,""starNum"":0,""equipmentList"":[]}"
121,16,1,4334,维迦,https://game.gtimg.cn/images/lol/act/jkzlk/mode16s17/hero/s16_head_veigar.png,4,0,"{""pieceId"":4334,""pieceName"":""维迦"",""img"":""https://game.gtimg.cn/images/lol/act/jkzlk/mode16s17/hero/s16_head_veigar.png"",""price"":4,""starNum"":0,""equipmentList"":[{""equipmentId"":2004,""equipmentName"":""朔极之矛"",""equipmentImg"":""https://game.gtimg.cn/images/lol/act/jkzlk/gamedata/equip/2004.png""},{""equipmentId"":2011,""equipmentName"":""虚空之杖"",""equipmentImg"":""https://game.gtimg.cn/images/lol/act/jkzlk/gamedata/equip/voidstaff.png""},{""equipmentId"":2016,""equipmentName"":""班克斯的魔法帽"",""equipmentImg"":""https://game.gtimg.cn/images/lol/act/jkzlk/gamedata/equip/2016.png""}]}"
122,16,2,3331,凯南,https://game.gtimg.cn/images/lol/act/jkzlk/mode16s17/hero/s16_head_kennen.png,3,0,"{""pieceId"":3331,""pieceName"":""凯南"",""img"":""https://game.gtimg.cn/images/lol/act/jkzlk/mode16s17/hero/s16_head_kennen.png"",""price"":3,""starNum"":0,""equipmentList"":[{""equipmentId"":2025,""equipmentName"":""振奋盔甲"",""equipmentImg"":""https://game.gtimg.cn/images/lol/act/jkzlk/gamedata/equip/spiritvisage.png""},{""equipmentId"":2028,""equipmentName"":""石像鬼石板甲"",""equipmentImg"":""https://game.gtimg.cn/images/lol/act/jkzlk/gamedata/equip/2248.png""},{""equipmentId"":2029,""equipmentName"":""日炎斗篷"",""equipmentImg"":""https://game.gtimg.cn/images/lol/act/jkzlk/gamedata/equip/2329.png""}]}"
123,16,3,1403,兰博,https://game.gtimg.cn/images/lol/act/jkzlk/mode16s17/hero/s16_head_rumble.png,1,0,"{""pieceId"":1403,""pieceName"":""兰博"",""img"":""https://game.gtimg.cn/images/lol/act/jkzlk/mode16s17/hero/s16_head_rumble.png"",""price"":1,""starNum"":0,""equipmentList"":[{""equipmentId"":2006,""equipmentName"":""汲取剑"",""equipmentImg"":""https://game.gtimg.cn/images/lol/act/jkzlk/gamedata/equip/2006.png""},{""equipmentId"":2025,""equipmentName"":""振奋盔甲"",""equipmentImg"":""https://game.gtimg.cn/images/lol/act/jkzlk/gamedata/equip/spiritvisage.png""},{""equipmentId"":41623,""equipmentName"":""法师纹章"",""equipmentImg"":""https://game.gtimg.cn/images/lol/act/jkzlk/gamedata/equip/41623.png""}]}"
124,16,4,1405,璐璐,https://game.gtimg.cn/images/lol/act/jkzlk/mode16s17/hero/s16_head_lulu.png,1,0,"{""pieceId"":1405,""pieceName"":""璐璐"",""img"":""https://game.gtimg.cn/images/lol/act/jkzlk/mode16s17/hero/s16_head_lulu.png"",""price"":1,""starNum"":0,""equipmentList"":[]}"
125,16,5,2407,提莫,https://game.gtimg.cn/images/lol/act/jkzlk/mode16s17/hero/s16_head_teemo.png,2,0,"{""pieceId"":2407,""pieceName"":""提莫"",""img"":""https://game.gtimg.cn/images/lol/act/jkzlk/mode16s17/hero/s16_head_teemo.png"",""price"":2,""starNum"":0,""equipmentList"":[]}"
126,16,6,2420,波比,https://game.gtimg.cn/images/lol/act/jkzlk/mode16s17/hero/s16_head_poppy.png,2,0,"{""pieceId"":2420,""pieceName"":""波比"",""img"":""https://game.gtimg.cn/images/lol/act/jkzlk/mode16s17/hero/s16_head_poppy.png"",""price"":2,""starNum"":0,""equipmentList"":[]}"
127,16,7,4350,菲兹,https://game.gtimg.cn/images/lol/act/jkzlk/mode16s17/hero/s16_head_fizz.png,4,0,"{""pieceId"":4350,""pieceName"":""菲兹"",""img"":""https://game.gtimg.cn/images/lol/act/jkzlk/mode16s17/hero/s16_head_fizz.png"",""price"":4,""starNum"":0,""equipmentList"":[]}"
128,16,8,5271,吉格斯,https://game.gtimg.cn/images/lol/act/jkzlk/mode16s17/hero/s16_head_ziggs.png,5,0,"{""pieceId"":5271,""pieceName"":""吉格斯"",""img"":""https://game.gtimg.cn/images/lol/act/jkzlk/mode16s17/hero/s16_head_ziggs.png"",""price"":5,""starNum"":0,""equipmentList"":[]}"
129,17,1,5275,海克斯霸龙,https://game.gtimg.cn/images/lol/act/jkzlk/mode16s17/hero/s16_head_thex.png,5,0,"{""pieceId"":5275,""pieceName"":""海克斯霸龙"",""img"":""https://game.gtimg.cn/images/lol/act/jkzlk/mode16s17/hero/s16_head_thex.png"",""price"":5,""starNum"":0,""equipmentList"":[{""equipmentId"":2001,""equipmentName"":""无尽之刃"",""equipmentImg"":""https://game.gtimg.cn/images/lol/act/jkzlk/gamedata/equip/2001.png""},{""equipmentId"":2010,""equipmentName"":""鬼索的狂暴之刃"",""equipmentImg"":""https://game.gtimg.cn/images/lol/act/jkzlk/gamedata/equip/2010.png""},{""equipmentId"":2041,""equipmentName"":""水银"",""equipmentImg"":""https://game.gtimg.cn/images/lol/act/jkzlk/gamedata/equip/2041.png""}]}"
130,17,2,3327,洛里斯,https://game.gtimg.cn/images/lol/act/jkzlk/mode16s17/hero/s16_head_loris.png,3,0,"{""pieceId"":3327,""pieceName"":""洛里斯"",""img"":""https://game.gtimg.cn/images/lol/act/jkzlk/mode16s17/hero/s16_head_loris.png"",""price"":3,""starNum"":0,""equipmentList"":[{""equipmentId"":2023,""equipmentName"":""圣盾使的誓约"",""equipmentImg"":""https://game.gtimg.cn/images/lol/act/jkzlk/gamedata/equip/2023.png""},{""equipmentId"":2029,""equipmentName"":""日炎斗篷"",""equipmentImg"":""https://game.gtimg.cn/images/lol/act/jkzlk/gamedata/equip/2329.png""},{""equipmentId"":2032,""equipmentName"":""薄暮法袍"",""equipmentImg"":""https://game.gtimg.cn/images/lol/act/jkzlk/gamedata/equip/evenshroud.png""}]}"
131,17,3,2403,蔚,https://game.gtimg.cn/images/lol/act/jkzlk/mode16s17/hero/s16_head_vi.png,2,0,"{""pieceId"":2403,""pieceName"":""蔚"",""img"":""https://game.gtimg.cn/images/lol/act/jkzlk/mode16s17/hero/s16_head_vi.png"",""price"":2,""starNum"":0,""equipmentList"":[{""equipmentId"":2025,""equipmentName"":""振奋盔甲"",""equipmentImg"":""https://game.gtimg.cn/images/lol/act/jkzlk/gamedata/equip/spiritvisage.png""},{""equipmentId"":2029,""equipmentName"":""日炎斗篷"",""equipmentImg"":""https://game.gtimg.cn/images/lol/act/jkzlk/gamedata/equip/2329.png""},{""equipmentId"":2032,""equipmentName"":""薄暮法袍"",""equipmentImg"":""https://game.gtimg.cn/images/lol/act/jkzlk/gamedata/equip/evenshroud.png""}]}"
132,17,4,2412,格雷福斯,https://game.gtimg.cn/images/lol/act/jkzlk/mode16s17/hero/s16_head_graves.png,2,0,"{""pieceId"":2412,""pieceName"":""格雷福斯"",""img"":""https://game.gtimg.cn/images/lol/act/jkzlk/mode16s17/hero/s16_head_graves.png"",""price"":2,""starNum"":0,""equipmentList"":[]}"
133,17,5,3324,诺提勒斯,https://game.gtimg.cn/images/lol/act/jkzlk/mode16s17/hero/s16_head_nautilus.png,3,0,"{""pieceId"":3324,""pieceName"":""诺提勒斯"",""img"":""https://game.gtimg.cn/images/lol/act/jkzlk/mode16s17/hero/s16_head_nautilus.png"",""price"":3,""starNum"":0,""equipmentList"":[]}"
134,17,6,4344,厄运小姐,https://game.gtimg.cn/images/lol/act/jkzlk/mode16s17/hero/s16_head_missfortune.png,4,0,"{""pieceId"":4344,""pieceName"":""厄运小姐"",""img"":""https://game.gtimg.cn/images/lol/act/jkzlk/mode16s17/hero/s16_head_missfortune.png"",""price"":4,""starNum"":0,""equipmentList"":[]}"
135,17,7,4352,布隆,https://game.gtimg.cn/images/lol/act/jkzlk/mode16s17/hero/s16_head_braum.png,4,0,"{""pieceId"":4352,""pieceName"":""布隆"",""img"":""https://game.gtimg.cn/images/lol/act/jkzlk/mode16s17/hero/s16_head_braum.png"",""price"":4,""starNum"":0,""equipmentList"":[]}"
136,17,8,5397,卢锡安与赛娜,https://game.gtimg.cn/images/lol/act/jkzlk/mode16s17/hero/s16_head_senna.png,5,0,"{""pieceId"":5397,""pieceName"":""卢锡安与赛娜"",""img"":""https://game.gtimg.cn/images/lol/act/jkzlk/mode16s17/hero/s16_head_senna.png"",""price"":5,""starNum"":0,""equipmentList"":[]}"
137,18,1,4330,芸阿娜,https://game.gtimg.cn/images/lol/act/jkzlk/mode16s17/hero/s16_head_yunara.png,4,0,"{""pieceId"":4330,""pieceName"":""芸阿娜"",""img"":""https://game.gtimg.cn/images/lol/act/jkzlk/mode16s17/hero/s16_head_yunara.png"",""price"":4,""starNum"":0,""equipmentList"":[{""equipmentId"":2001,""equipmentName"":""无尽之刃"",""equipmentImg"":""https://game.gtimg.cn/images/lol/act/jkzlk/gamedata/equip/2001.png""},{""equipmentId"":2010,""equipmentName"":""鬼索的狂暴之刃"",""equipmentImg"":""https://game.gtimg.cn/images/lol/act/jkzlk/gamedata/equip/2010.png""},{""equipmentId"":2012,""equipmentName"":""泰坦的坚决"",""equipmentImg"":""https://game.gtimg.cn/images/lol/act/jkzlk/gamedata/equip/2052.png""}]}"
138,18,2,5279,瑟提,https://game.gtimg.cn/images/lol/act/jkzlk/mode16s17/hero/s16_head_sett.png,5,0,"{""pieceId"":5279,""pieceName"":""瑟提"",""img"":""https://game.gtimg.cn/images/lol/act/jkzlk/mode16s17/hero/s16_head_sett.png"",""price"":5,""starNum"":0,""equipmentList"":[{""equipmentId"":2016,""equipmentName"":""班克斯的魔法帽"",""equipmentImg"":""https://game.gtimg.cn/images/lol/act/jkzlk/gamedata/equip/2016.png""},{""equipmentId"":2020,""equipmentName"":""莫雷洛秘典"",""equipmentImg"":""https://game.gtimg.cn/images/lol/act/jkzlk/gamedata/equip/2020.png""},{""equipmentId"":2023,""equipmentName"":""圣盾使的誓约"",""equipmentImg"":""https://game.gtimg.cn/images/lol/act/jkzlk/gamedata/equip/2023.png""}]}"
139,18,3,4332,孙悟空,https://game.gtimg.cn/images/lol/act/jkzlk/mode16s17/hero/s16_head_wukong.png,4,0,"{""pieceId"":4332,""pieceName"":""孙悟空"",""img"":""https://game.gtimg.cn/images/lol/act/jkzlk/mode16s17/hero/s16_head_wukong.png"",""price"":4,""starNum"":0,""equipmentList"":[{""equipmentId"":2025,""equipmentName"":""振奋盔甲"",""equipmentImg"":""https://game.gtimg.cn/images/lol/act/jkzlk/gamedata/equip/spiritvisage.png""},{""equipmentId"":2029,""equipmentName"":""日炎斗篷"",""equipmentImg"":""https://game.gtimg.cn/images/lol/act/jkzlk/gamedata/equip/2329.png""},{""equipmentId"":2032,""equipmentName"":""薄暮法袍"",""equipmentImg"":""https://game.gtimg.cn/images/lol/act/jkzlk/gamedata/equip/evenshroud.png""}]}"
140,18,4,1402,慎,https://game.gtimg.cn/images/lol/act/jkzlk/mode16s17/hero/s16_head_shen.png,1,0,"{""pieceId"":1402,""pieceName"":""慎"",""img"":""https://game.gtimg.cn/images/lol/act/jkzlk/mode16s17/hero/s16_head_shen.png"",""price"":1,""starNum"":0,""equipmentList"":[]}"
141,18,5,3331,凯南,https://game.gtimg.cn/images/lol/act/jkzlk/mode16s17/hero/s16_head_kennen.png,3,0,"{""pieceId"":3331,""pieceName"":""凯南"",""img"":""https://game.gtimg.cn/images/lol/act/jkzlk/mode16s17/hero/s16_head_kennen.png"",""price"":3,""starNum"":0,""equipmentList"":[]}"
142,18,6,3338,阿狸,https://game.gtimg.cn/images/lol/act/jkzlk/mode16s17/hero/s16_head_ahri.png,3,0,"{""pieceId"":3338,""pieceName"":""阿狸"",""img"":""https://game.gtimg.cn/images/lol/act/jkzlk/mode16s17/hero/s16_head_ahri.png"",""price"":3,""starNum"":0,""equipmentList"":[]}"
143,18,7,5278,希瓦娜,https://game.gtimg.cn/images/lol/act/jkzlk/mode16s17/hero/s16_head_shyvana.png,5,0,"{""pieceId"":5278,""pieceName"":""希瓦娜"",""img"":""https://game.gtimg.cn/images/lol/act/jkzlk/mode16s17/hero/s16_head_shyvana.png"",""price"":5,""starNum"":0,""equipmentList"":[]}"
144,18,8,5284,千珏,https://game.gtimg.cn/images/lol/act/jkzlk/mode16s17/hero/s16_head_kindred.png,5,0,"{""pieceId"":5284,""pieceName"":""千珏"",""img"":""https://game.gtimg.cn/images/lol/act/jkzlk/mode16s17/hero/s16_head_kindred.png"",""price"":5,""starNum"":0,""equipmentList"":[]}"
145,19,1,5274,锤石,https://game.gtimg.cn/images/lol/act/jkzlk/mode16s17/hero/s16_head_thresh.png,5,0,"{""pieceId"":5274,""pieceName"":""锤石"",""img"":""https://game.gtimg.cn/images/lol/act/jkzlk/mode16s17/hero/s16_head_thresh.png"",""price"":5,""starNum"":0,""equipmentList"":[{""equipmentId"":2006,""equipmentName"":""汲取剑"",""equipmentImg"":""https://game.gtimg.cn/images/lol/act/jkzlk/gamedata/equip/2006.png""},{""equipmentId"":2011,""equipmentName"":""虚空之杖"",""equipmentImg"":""https://game.gtimg.cn/images/lol/act/jkzlk/gamedata/equip/voidstaff.png""},{""equipmentId"":2020,""equipmentName"":""莫雷洛秘典"",""equipmentImg"":""https://game.gtimg.cn/images/lol/act/jkzlk/gamedata/equip/2020.png""}]}"
146,19,2,4347,卡莉丝塔,https://game.gtimg.cn/images/lol/act/jkzlk/mode16s17/hero/s16_head_kalista.png,4,0,"{""pieceId"":4347,""pieceName"":""卡莉丝塔"",""img"":""https://game.gtimg.cn/images/lol/act/jkzlk/mode16s17/hero/s16_head_kalista.png"",""price"":4,""starNum"":0,""equipmentList"":[{""equipmentId"":2004,""equipmentName"":""朔极之矛"",""equipmentImg"":""https://game.gtimg.cn/images/lol/act/jkzlk/gamedata/equip/2004.png""},{""equipmentId"":2037,""equipmentName"":""最后的轻语"",""equipmentImg"":""https://game.gtimg.cn/images/lol/act/jkzlk/gamedata/equip/2053.png""},{""equipmentId"":2042,""equipmentName"":""强袭者的链枷"",""equipmentImg"":""https://game.gtimg.cn/images/lol/act/jkzlk/gamedata/equip/strikersflail.png""}]}"
147,19,3,2400,约里克,https://game.gtimg.cn/images/lol/act/jkzlk/mode16s17/hero/s16_head_yorick.png,2,0,"{""pieceId"":2400,""pieceName"":""约里克"",""img"":""https://game.gtimg.cn/images/lol/act/jkzlk/mode16s17/hero/s16_head_yorick.png"",""price"":2,""starNum"":0,""equipmentList"":[{""equipmentId"":2024,""equipmentName"":""适应性头盔"",""equipmentImg"":""https://game.gtimg.cn/images/lol/act/jkzlk/gamedata/equip/adaptivehelm.png""},{""equipmentId"":2029,""equipmentName"":""日炎斗篷"",""equipmentImg"":""https://game.gtimg.cn/images/lol/act/jkzlk/gamedata/equip/2329.png""},{""equipmentId"":2032,""equipmentName"":""薄暮法袍"",""equipmentImg"":""https://game.gtimg.cn/images/lol/act/jkzlk/gamedata/equip/evenshroud.png""}]}"
148,19,4,3324,诺提勒斯,https://game.gtimg.cn/images/lol/act/jkzlk/mode16s17/hero/s16_head_nautilus.png,3,0,"{""pieceId"":3324,""pieceName"":""诺提勒斯"",""img"":""https://game.gtimg.cn/images/lol/act/jkzlk/mode16s17/hero/s16_head_nautilus.png"",""price"":3,""starNum"":0,""equipmentList"":[]}"
149,19,5,4352,布隆,https://game.gtimg.cn/images/lol/act/jkzlk/mode16s17/hero/s16_head_braum.png,4,0,"{""pieceId"":4352,""pieceName"":""布隆"",""img"":""https://game.gtimg.cn/images/lol/act/jkzlk/mode16s17/hero/s16_head_braum.png"",""price"":4,""starNum"":0,""equipmentList"":[]}"
150,19,6,5278,希瓦娜,https://game.gtimg.cn/images/lol/act/jkzlk/mode16s17/hero/s16_head_shyvana.png,5,0,"{""pieceId"":5278,""pieceName"":""希瓦娜"",""img"":""https://game.gtimg.cn/images/lol/act/jkzlk/mode16s17/hero/s16_head_shyvana.png"",""price"":5,""starNum"":0,""equipmentList"":[]}"
151,19,7,5281,奥恩,https://game.gtimg.cn/images/lol/act/jkzlk/mode16s17/hero/s16_head_ornn.png,5,0,"{""pieceId"":5281,""pieceName"":""奥恩"",""img"":""https://game.gtimg.cn/images/lol/act/jkzlk/mode16s17/hero/s16_head_ornn.png"",""price"":5,""starNum"":0,""equipmentList"":[]}"
152,19,8,5287,费德提克,https://game.gtimg.cn/images/lol/act/jkzlk/mode16s17/hero/s16_head_fiddlesticks.png,5,0,"{""pieceId"":5287,""pieceName"":""费德提克"",""img"":""https://game.gtimg.cn/images/lol/act/jkzlk/mode16s17/hero/s16_head_fiddlesticks.png"",""price"":5,""starNum"":0,""equipmentList"":[]}"
153,20,1,4340,峡谷先锋,https://game.gtimg.cn/images/lol/act/jkzlk/mode16s17/hero/s16_head_riftherald.png,4,0,"{""pieceId"":4340,""pieceName"":""峡谷先锋"",""img"":""https://game.gtimg.cn/images/lol/act/jkzlk/mode16s17/hero/s16_head_riftherald.png"",""price"":4,""starNum"":0,""equipmentList"":[{""equipmentId"":2025,""equipmentName"":""振奋盔甲"",""equipmentImg"":""https://game.gtimg.cn/images/lol/act/jkzlk/gamedata/equip/spiritvisage.png""},{""equipmentId"":2029,""equipmentName"":""日炎斗篷"",""equipmentImg"":""https://game.gtimg.cn/images/lol/act/jkzlk/gamedata/equip/2329.png""},{""equipmentId"":2032,""equipmentName"":""薄暮法袍"",""equipmentImg"":""https://game.gtimg.cn/images/lol/act/jkzlk/gamedata/equip/evenshroud.png""}]}"
154,20,2,4348,卡莎,https://game.gtimg.cn/images/lol/act/jkzlk/mode16s17/hero/s16_head_kaisa.png,4,0,"{""pieceId"":4348,""pieceName"":""卡莎"",""img"":""https://game.gtimg.cn/images/lol/act/jkzlk/mode16s17/hero/s16_head_kaisa.png"",""price"":4,""starNum"":0,""equipmentList"":[{""equipmentId"":2003,""equipmentName"":""海克斯科技枪刃"",""equipmentImg"":""https://game.gtimg.cn/images/lol/act/jkzlk/gamedata/equip/2003.png""},{""equipmentId"":2010,""equipmentName"":""鬼索的狂暴之刃"",""equipmentImg"":""https://game.gtimg.cn/images/lol/act/jkzlk/gamedata/equip/2010.png""},{""equipmentId"":2038,""equipmentName"":""珠光护手"",""equipmentImg"":""https://game.gtimg.cn/images/lol/act/jkzlk/gamedata/equip/2038.png""}]}"
155,20,3,1406,克格莫,https://game.gtimg.cn/images/lol/act/jkzlk/mode16s17/hero/s16_head_kogmaw.png,1,0,"{""pieceId"":1406,""pieceName"":""克格莫"",""img"":""https://game.gtimg.cn/images/lol/act/jkzlk/mode16s17/hero/s16_head_kogmaw.png"",""price"":1,""starNum"":0,""equipmentList"":[{""equipmentId"":2009,""equipmentName"":""红霸符"",""equipmentImg"":""https://game.gtimg.cn/images/lol/act/jkzlk/gamedata/equip/2009.png""},{""equipmentId"":2011,""equipmentName"":""虚空之杖"",""equipmentImg"":""https://game.gtimg.cn/images/lol/act/jkzlk/gamedata/equip/voidstaff.png""},{""equipmentId"":2038,""equipmentName"":""珠光护手"",""equipmentImg"":""https://game.gtimg.cn/images/lol/act/jkzlk/gamedata/equip/2038.png""}]}"
156,20,4,2414,科加斯,https://game.gtimg.cn/images/lol/act/jkzlk/mode16s17/hero/s16_head_chogath.png,2,0,"{""pieceId"":2414,""pieceName"":""科加斯"",""img"":""https://game.gtimg.cn/images/lol/act/jkzlk/mode16s17/hero/s16_head_chogath.png"",""price"":2,""starNum"":0,""equipmentList"":[]}"
157,20,5,4332,孙悟空,https://game.gtimg.cn/images/lol/act/jkzlk/mode16s17/hero/s16_head_wukong.png,4,0,"{""pieceId"":4332,""pieceName"":""孙悟空"",""img"":""https://game.gtimg.cn/images/lol/act/jkzlk/mode16s17/hero/s16_head_wukong.png"",""price"":4,""starNum"":0,""equipmentList"":[]}"
158,20,6,4336,斯维因,https://game.gtimg.cn/images/lol/act/jkzlk/mode16s17/hero/s16_head_swain.png,4,0,"{""pieceId"":4336,""pieceName"":""斯维因"",""img"":""https://game.gtimg.cn/images/lol/act/jkzlk/mode16s17/hero/s16_head_swain.png"",""price"":4,""starNum"":0,""equipmentList"":[]}"
159,20,7,5278,希瓦娜,https://game.gtimg.cn/images/lol/act/jkzlk/mode16s17/hero/s16_head_shyvana.png,5,0,"{""pieceId"":5278,""pieceName"":""希瓦娜"",""img"":""https://game.gtimg.cn/images/lol/act/jkzlk/mode16s17/hero/s16_head_shyvana.png"",""price"":5,""starNum"":0,""equipmentList"":[]}"
160,20,8,5289,纳什男爵,https://game.gtimg.cn/images/lol/act/jkzlk/mode16s17/hero/s16_head_baronnashor.png,5,0,"{""pieceId"":5289,""pieceName"":""纳什男爵"",""img"":""https://game.gtimg.cn/images/lol/act/jkzlk/mode16s17/hero/s16_head_baronnashor.png"",""price"":5,""starNum"":0,""equipmentList"":[]}"
161,21,1,2411,妮蔻,https://game.gtimg.cn/images/lol/act/jkzlk/mode16s17/hero/s16_head_neeko.png,2,0,"{""pieceId"":2411,""pieceName"":""妮蔻"",""img"":""https://game.gtimg.cn/images/lol/act/jkzlk/mode16s17/hero/s16_head_neeko.png"",""price"":2,""starNum"":0,""equipmentList"":[{""equipmentId"":2025,""equipmentName"":""振奋盔甲"",""equipmentImg"":""https://game.gtimg.cn/images/lol/act/jkzlk/gamedata/equip/spiritvisage.png""},{""equipmentId"":2027,""equipmentName"":""棘刺背心"",""equipmentImg"":""https://game.gtimg.cn/images/lol/act/jkzlk/gamedata/equip/2054.png""},{""equipmentId"":2028,""equipmentName"":""石像鬼石板甲"",""equipmentImg"":""https://game.gtimg.cn/images/lol/act/jkzlk/gamedata/equip/2248.png""}]}"
162,21,2,2415,巴德,https://game.gtimg.cn/images/lol/act/jkzlk/mode16s17/hero/s16_head_bard.png,2,0,"{""pieceId"":2415,""pieceName"":""巴德"",""img"":""https://game.gtimg.cn/images/lol/act/jkzlk/mode16s17/hero/s16_head_bard.png"",""price"":2,""starNum"":0,""equipmentList"":[{""equipmentId"":2004,""equipmentName"":""朔极之矛"",""equipmentImg"":""https://game.gtimg.cn/images/lol/act/jkzlk/gamedata/equip/2004.png""},{""equipmentId"":2014,""equipmentName"":""纳什之牙"",""equipmentImg"":""https://game.gtimg.cn/images/lol/act/jkzlk/gamedata/equip/nashorstooth.png""},{""equipmentId"":2038,""equipmentName"":""珠光护手"",""equipmentImg"":""https://game.gtimg.cn/images/lol/act/jkzlk/gamedata/equip/2038.png""}]}"
163,21,3,3325,米利欧,https://game.gtimg.cn/images/lol/act/jkzlk/mode16s17/hero/s16_head_milio.png,3,0,"{""pieceId"":3325,""pieceName"":""米利欧"",""img"":""https://game.gtimg.cn/images/lol/act/jkzlk/mode16s17/hero/s16_head_milio.png"",""price"":3,""starNum"":0,""equipmentList"":[{""equipmentId"":2004,""equipmentName"":""朔极之矛"",""equipmentImg"":""https://game.gtimg.cn/images/lol/act/jkzlk/gamedata/equip/2004.png""},{""equipmentId"":2011,""equipmentName"":""虚空之杖"",""equipmentImg"":""https://game.gtimg.cn/images/lol/act/jkzlk/gamedata/equip/voidstaff.png""},{""equipmentId"":2038,""equipmentName"":""珠光护手"",""equipmentImg"":""https://game.gtimg.cn/images/lol/act/jkzlk/gamedata/equip/2038.png""}]}"
164,21,4,1404,奇亚娜,https://game.gtimg.cn/images/lol/act/jkzlk/mode16s17/hero/s16_head_qiyana.png,1,0,"{""pieceId"":1404,""pieceName"":""奇亚娜"",""img"":""https://game.gtimg.cn/images/lol/act/jkzlk/mode16s17/hero/s16_head_qiyana.png"",""price"":1,""starNum"":0,""equipmentList"":[]}"
165,21,5,2403,蔚,https://game.gtimg.cn/images/lol/act/jkzlk/mode16s17/hero/s16_head_vi.png,2,0,"{""pieceId"":2403,""pieceName"":""蔚"",""img"":""https://game.gtimg.cn/images/lol/act/jkzlk/mode16s17/hero/s16_head_vi.png"",""price"":2,""starNum"":0,""equipmentList"":[]}"
166,21,6,4337,斯卡纳,https://game.gtimg.cn/images/lol/act/jkzlk/mode16s17/hero/s16_head_skarner.png,4,0,"{""pieceId"":4337,""pieceName"":""斯卡纳"",""img"":""https://game.gtimg.cn/images/lol/act/jkzlk/mode16s17/hero/s16_head_skarner.png"",""price"":4,""starNum"":0,""equipmentList"":[]}"
167,21,7,4342,奈德丽,https://game.gtimg.cn/images/lol/act/jkzlk/mode16s17/hero/s16_head_nidalee.png,4,0,"{""pieceId"":4342,""pieceName"":""奈德丽"",""img"":""https://game.gtimg.cn/images/lol/act/jkzlk/mode16s17/hero/s16_head_nidalee.png"",""price"":4,""starNum"":0,""equipmentList"":[]}"
168,21,8,5288,岩宝,https://game.gtimg.cn/images/lol/act/jkzlk/mode16s17/hero/s16_head_brock.png,5,0,"{""pieceId"":5288,""pieceName"":""岩宝"",""img"":""https://game.gtimg.cn/images/lol/act/jkzlk/mode16s17/hero/s16_head_brock.png"",""price"":5,""starNum"":0,""equipmentList"":[]}"
169,22,1,4335,塔里克,https://game.gtimg.cn/images/lol/act/jkzlk/mode16s17/hero/s16_head_taric.png,4,0,"{""pieceId"":4335,""pieceName"":""塔里克"",""img"":""https://game.gtimg.cn/images/lol/act/jkzlk/mode16s17/hero/s16_head_taric.png"",""price"":4,""starNum"":0,""equipmentList"":[{""equipmentId"":2025,""equipmentName"":""振奋盔甲"",""equipmentImg"":""https://game.gtimg.cn/images/lol/act/jkzlk/gamedata/equip/spiritvisage.png""},{""equipmentId"":2028,""equipmentName"":""石像鬼石板甲"",""equipmentImg"":""https://game.gtimg.cn/images/lol/act/jkzlk/gamedata/equip/2248.png""},{""equipmentId"":2031,""equipmentName"":""巨龙之爪"",""equipmentImg"":""https://game.gtimg.cn/images/lol/act/jkzlk/gamedata/equip/2031.png""}]}"
170,22,2,5291,奥瑞利安·索尔,https://game.gtimg.cn/images/lol/act/jkzlk/mode16s17/hero/s16_head_aurelionsol.png,5,0,"{""pieceId"":5291,""pieceName"":""奥瑞利安·索尔"",""img"":""https://game.gtimg.cn/images/lol/act/jkzlk/mode16s17/hero/s16_head_aurelionsol.png"",""price"":5,""starNum"":0,""equipmentList"":[{""equipmentId"":2004,""equipmentName"":""朔极之矛"",""equipmentImg"":""https://game.gtimg.cn/images/lol/act/jkzlk/gamedata/equip/2004.png""},{""equipmentId"":2014,""equipmentName"":""纳什之牙"",""equipmentImg"":""https://game.gtimg.cn/images/lol/act/jkzlk/gamedata/equip/nashorstooth.png""},{""equipmentId"":2038,""equipmentName"":""珠光护手"",""equipmentImg"":""https://game.gtimg.cn/images/lol/act/jkzlk/gamedata/equip/2038.png""}]}"
171,22,3,4351,黛安娜,https://game.gtimg.cn/images/lol/act/jkzlk/mode16s17/hero/s16_head_diana.png,4,0,"{""pieceId"":4351,""pieceName"":""黛安娜"",""img"":""https://game.gtimg.cn/images/lol/act/jkzlk/mode16s17/hero/s16_head_diana.png"",""price"":4,""starNum"":0,""equipmentList"":[{""equipmentId"":2006,""equipmentName"":""汲取剑"",""equipmentImg"":""https://game.gtimg.cn/images/lol/act/jkzlk/gamedata/equip/2006.png""},{""equipmentId"":2010,""equipmentName"":""鬼索的狂暴之刃"",""equipmentImg"":""https://game.gtimg.cn/images/lol/act/jkzlk/gamedata/equip/2010.png""},{""equipmentId"":2012,""equipmentName"":""泰坦的坚决"",""equipmentImg"":""https://game.gtimg.cn/images/lol/act/jkzlk/gamedata/equip/2052.png""}]}"
172,22,4,2411,妮蔻,https://game.gtimg.cn/images/lol/act/jkzlk/mode16s17/hero/s16_head_neeko.png,2,0,"{""pieceId"":2411,""pieceName"":""妮蔻"",""img"":""https://game.gtimg.cn/images/lol/act/jkzlk/mode16s17/hero/s16_head_neeko.png"",""price"":2,""starNum"":0,""equipmentList"":[]}"
173,22,5,3320,佐伊,https://game.gtimg.cn/images/lol/act/jkzlk/mode16s17/hero/s16_head_zoe.png,3,0,"{""pieceId"":3320,""pieceName"":""佐伊"",""img"":""https://game.gtimg.cn/images/lol/act/jkzlk/mode16s17/hero/s16_head_zoe.png"",""price"":3,""starNum"":0,""equipmentList"":[]}"
174,22,6,3328,蕾欧娜,https://game.gtimg.cn/images/lol/act/jkzlk/mode16s17/hero/s16_head_leona.png,3,0,"{""pieceId"":3328,""pieceName"":""蕾欧娜"",""img"":""https://game.gtimg.cn/images/lol/act/jkzlk/mode16s17/hero/s16_head_leona.png"",""price"":3,""starNum"":0,""equipmentList"":[]}"
175,22,7,4336,斯维因,https://game.gtimg.cn/images/lol/act/jkzlk/mode16s17/hero/s16_head_swain.png,4,0,"{""pieceId"":4336,""pieceName"":""斯维因"",""img"":""https://game.gtimg.cn/images/lol/act/jkzlk/mode16s17/hero/s16_head_swain.png"",""price"":4,""starNum"":0,""equipmentList"":[]}"
176,22,8,5278,希瓦娜,https://game.gtimg.cn/images/lol/act/jkzlk/mode16s17/hero/s16_head_shyvana.png,5,0,"{""pieceId"":5278,""pieceName"":""希瓦娜"",""img"":""https://game.gtimg.cn/images/lol/act/jkzlk/mode16s17/hero/s16_head_shyvana.png"",""price"":5,""starNum"":0,""equipmentList"":[]}"
177,23,1,3326,玛尔扎哈,https://game.gtimg.cn/images/lol/act/jkzlk/mode16s17/hero/s16_head_malzahar.png,3,3,"{""pieceId"":3326,""pieceName"":""玛尔扎哈"",""img"":""https://game.gtimg.cn/images/lol/act/jkzlk/mode16s17/hero/s16_head_malzahar.png"",""price"":3,""starNum"":3,""equipmentList"":[{""equipmentId"":2004,""equipmentName"":""朔极之矛"",""equipmentImg"":""https://game.gtimg.cn/images/lol/act/jkzlk/gamedata/equip/2004.png""},{""equipmentId"":2014,""equipmentName"":""纳什之牙"",""equipmentImg"":""https://game.gtimg.cn/images/lol/act/jkzlk/gamedata/equip/nashorstooth.png""},{""equipmentId"":2038,""equipmentName"":""珠光护手"",""equipmentImg"":""https://game.gtimg.cn/images/lol/act/jkzlk/gamedata/equip/2038.png""}]}"
178,23,2,3324,诺提勒斯,https://game.gtimg.cn/images/lol/act/jkzlk/mode16s17/hero/s16_head_nautilus.png,3,0,"{""pieceId"":3324,""pieceName"":""诺提勒斯"",""img"":""https://game.gtimg.cn/images/lol/act/jkzlk/mode16s17/hero/s16_head_nautilus.png"",""price"":3,""starNum"":0,""equipmentList"":[{""equipmentId"":2024,""equipmentName"":""适应性头盔"",""equipmentImg"":""https://game.gtimg.cn/images/lol/act/jkzlk/gamedata/equip/adaptivehelm.png""},{""equipmentId"":2028,""equipmentName"":""石像鬼石板甲"",""equipmentImg"":""https://game.gtimg.cn/images/lol/act/jkzlk/gamedata/equip/2248.png""},{""equipmentId"":2029,""equipmentName"":""日炎斗篷"",""equipmentImg"":""https://game.gtimg.cn/images/lol/act/jkzlk/gamedata/equip/2329.png""}]}"
179,23,3,4339,萨勒芬妮,https://game.gtimg.cn/images/lol/act/jkzlk/mode16s17/hero/s16_head_seraphine.png,4,0,"{""pieceId"":4339,""pieceName"":""萨勒芬妮"",""img"":""https://game.gtimg.cn/images/lol/act/jkzlk/mode16s17/hero/s16_head_seraphine.png"",""price"":4,""starNum"":0,""equipmentList"":[{""equipmentId"":2010,""equipmentName"":""鬼索的狂暴之刃"",""equipmentImg"":""https://game.gtimg.cn/images/lol/act/jkzlk/gamedata/equip/2010.png""},{""equipmentId"":2018,""equipmentName"":""冕卫"",""equipmentImg"":""https://game.gtimg.cn/images/lol/act/jkzlk/gamedata/equip/crownguard.png""},{""equipmentId"":2038,""equipmentName"":""珠光护手"",""equipmentImg"":""https://game.gtimg.cn/images/lol/act/jkzlk/gamedata/equip/2038.png""}]}"
180,23,4,2414,科加斯,https://game.gtimg.cn/images/lol/act/jkzlk/mode16s17/hero/s16_head_chogath.png,2,0,"{""pieceId"":2414,""pieceName"":""科加斯"",""img"":""https://game.gtimg.cn/images/lol/act/jkzlk/mode16s17/hero/s16_head_chogath.png"",""price"":2,""starNum"":0,""equipmentList"":[]}"
181,23,5,3320,佐伊,https://game.gtimg.cn/images/lol/act/jkzlk/mode16s17/hero/s16_head_zoe.png,3,0,"{""pieceId"":3320,""pieceName"":""佐伊"",""img"":""https://game.gtimg.cn/images/lol/act/jkzlk/mode16s17/hero/s16_head_zoe.png"",""price"":3,""starNum"":0,""equipmentList"":[]}"
182,23,6,3327,洛里斯,https://game.gtimg.cn/images/lol/act/jkzlk/mode16s17/hero/s16_head_loris.png,3,0,"{""pieceId"":3327,""pieceName"":""洛里斯"",""img"":""https://game.gtimg.cn/images/lol/act/jkzlk/mode16s17/hero/s16_head_loris.png"",""price"":3,""starNum"":0,""equipmentList"":[]}"
183,23,7,3328,蕾欧娜,https://game.gtimg.cn/images/lol/act/jkzlk/mode16s17/hero/s16_head_leona.png,3,3,"{""pieceId"":3328,""pieceName"":""蕾欧娜"",""img"":""https://game.gtimg.cn/images/lol/act/jkzlk/mode16s17/hero/s16_head_leona.png"",""price"":3,""starNum"":3,""equipmentList"":[]}"
184,23,8,4352,布隆,https://game.gtimg.cn/images/lol/act/jkzlk/mode16s17/hero/s16_head_braum.png,4,0,"{""pieceId"":4352,""pieceName"":""布隆"",""img"":""https://game.gtimg.cn/images/lol/act/jkzlk/mode16s17/hero/s16_head_braum.png"",""price"":4,""starNum"":0,""equipmentList"":[]}"
185,24,1,3338,阿狸,https://game.gtimg.cn/images/lol/act/jkzlk/mode16s17/hero/s16_head_ahri.png,3,3,"{""pieceId"":3338,""pieceName"":""阿狸"",""img"":""https://game.gtimg.cn/images/lol/act/jkzlk/mode16s17/hero/s16_head_ahri.png"",""price"":3,""starNum"":3,""equipmentList"":[{""equipmentId"":2014,""equipmentName"":""纳什之牙"",""equipmentImg"":""https://game.gtimg.cn/images/lol/act/jkzlk/gamedata/equip/nashorstooth.png""},{""equipmentId"":2038,""equipmentName"":""珠光护手"",""equipmentImg"":""https://game.gtimg.cn/images/lol/act/jkzlk/gamedata/equip/2038.png""},{""equipmentId"":41618,""equipmentName"":""神谕者纹章"",""equipmentImg"":""https://game.gtimg.cn/images/lol/act/jkzlk/gamedata/equip/41618.png""}]}"
186,24,2,3329,乐芙兰,https://game.gtimg.cn/images/lol/act/jkzlk/mode16s17/hero/s16_head_leblanc.png,3,3,"{""pieceId"":3329,""pieceName"":""乐芙兰"",""img"":""https://game.gtimg.cn/images/lol/act/jkzlk/mode16s17/hero/s16_head_leblanc.png"",""price"":3,""starNum"":3,""equipmentList"":[{""equipmentId"":2004,""equipmentName"":""朔极之矛"",""equipmentImg"":""https://game.gtimg.cn/images/lol/act/jkzlk/gamedata/equip/2004.png""},{""equipmentId"":2014,""equipmentName"":""纳什之牙"",""equipmentImg"":""https://game.gtimg.cn/images/lol/act/jkzlk/gamedata/equip/nashorstooth.png""},{""equipmentId"":2038,""equipmentName"":""珠光护手"",""equipmentImg"":""https://game.gtimg.cn/images/lol/act/jkzlk/gamedata/equip/2038.png""}]}"
187,24,3,3337,德莱厄斯,https://game.gtimg.cn/images/lol/act/jkzlk/mode16s17/hero/s16_head_darius.png,3,3,"{""pieceId"":3337,""pieceName"":""德莱厄斯"",""img"":""https://game.gtimg.cn/images/lol/act/jkzlk/mode16s17/hero/s16_head_darius.png"",""price"":3,""starNum"":3,""equipmentList"":[{""equipmentId"":2007,""equipmentName"":""斯特拉克的挑战护手"",""equipmentImg"":""https://game.gtimg.cn/images/lol/act/jkzlk/gamedata/equip/steraksgage.png""},{""equipmentId"":2012,""equipmentName"":""泰坦的坚决"",""equipmentImg"":""https://game.gtimg.cn/images/lol/act/jkzlk/gamedata/equip/2052.png""},{""equipmentId"":2024,""equipmentName"":""适应性头盔"",""equipmentImg"":""https://game.gtimg.cn/images/lol/act/jkzlk/gamedata/equip/adaptivehelm.png""}]}"
188,24,4,1402,慎,https://game.gtimg.cn/images/lol/act/jkzlk/mode16s17/hero/s16_head_shen.png,1,0,"{""pieceId"":1402,""pieceName"":""慎"",""img"":""https://game.gtimg.cn/images/lol/act/jkzlk/mode16s17/hero/s16_head_shen.png"",""price"":1,""starNum"":0,""equipmentList"":[]}"
189,24,5,3330,可酷伯与悠米,https://game.gtimg.cn/images/lol/act/jkzlk/mode16s17/hero/s16_head_kobukoyuumi.png,3,0,"{""pieceId"":3330,""pieceName"":""可酷伯与悠米"",""img"":""https://game.gtimg.cn/images/lol/act/jkzlk/mode16s17/hero/s16_head_kobukoyuumi.png"",""price"":3,""starNum"":0,""equipmentList"":[]}"
190,24,6,3331,凯南,https://game.gtimg.cn/images/lol/act/jkzlk/mode16s17/hero/s16_head_kennen.png,3,0,"{""pieceId"":3331,""pieceName"":""凯南"",""img"":""https://game.gtimg.cn/images/lol/act/jkzlk/mode16s17/hero/s16_head_kennen.png"",""price"":3,""starNum"":0,""equipmentList"":[]}"
191,24,7,4332,孙悟空,https://game.gtimg.cn/images/lol/act/jkzlk/mode16s17/hero/s16_head_wukong.png,4,0,"{""pieceId"":4332,""pieceName"":""孙悟空"",""img"":""https://game.gtimg.cn/images/lol/act/jkzlk/mode16s17/hero/s16_head_wukong.png"",""price"":4,""starNum"":0,""equipmentList"":[]}"
192,24,8,4336,斯维因,https://game.gtimg.cn/images/lol/act/jkzlk/mode16s17/hero/s16_head_swain.png,4,0,"{""pieceId"":4336,""pieceName"":""斯维因"",""img"":""https://game.gtimg.cn/images/lol/act/jkzlk/mode16s17/hero/s16_head_swain.png"",""price"":4,""starNum"":0,""equipmentList"":[]}"
193,25,1,4353,卑尔维斯,https://game.gtimg.cn/images/lol/act/jkzlk/mode16s17/hero/s16_head_belveth.png,4,0,"{""pieceId"":4353,""pieceName"":""卑尔维斯"",""img"":""https://game.gtimg.cn/images/lol/act/jkzlk/mode16s17/hero/s16_head_belveth.png"",""price"":4,""starNum"":0,""equipmentList"":[{""equipmentId"":2013,""equipmentName"":""海妖之怒"",""equipmentImg"":""https://game.gtimg.cn/images/lol/act/jkzlk/gamedata/equip/krakensfury.png""},{""equipmentId"":2041,""equipmentName"":""水银"",""equipmentImg"":""https://game.gtimg.cn/images/lol/act/jkzlk/gamedata/equip/2041.png""},{""equipmentId"":2046,""equipmentName"":""巨人捕手"",""equipmentImg"":""https://game.gtimg.cn/images/lol/act/jkzlk/gamedata/equip/2046.png""}]}"
194,25,2,1411,贝蕾亚,https://game.gtimg.cn/images/lol/act/jkzlk/mode16s17/hero/s16_head_briar.png,1,0,"{""pieceId"":1411,""pieceName"":""贝蕾亚"",""img"":""https://game.gtimg.cn/images/lol/act/jkzlk/mode16s17/hero/s16_head_briar.png"",""price"":1,""starNum"":0,""equipmentList"":[]}"
195,25,3,4336,斯维因,https://game.gtimg.cn/images/lol/act/jkzlk/mode16s17/hero/s16_head_swain.png,4,0,"{""pieceId"":4336,""pieceName"":""斯维因"",""img"":""https://game.gtimg.cn/images/lol/act/jkzlk/mode16s17/hero/s16_head_swain.png"",""price"":4,""starNum"":0,""equipmentList"":[{""equipmentId"":2023,""equipmentName"":""圣盾使的誓约"",""equipmentImg"":""https://game.gtimg.cn/images/lol/act/jkzlk/gamedata/equip/2023.png""},{""equipmentId"":2029,""equipmentName"":""日炎斗篷"",""equipmentImg"":""https://game.gtimg.cn/images/lol/act/jkzlk/gamedata/equip/2329.png""},{""equipmentId"":2032,""equipmentName"":""薄暮法袍"",""equipmentImg"":""https://game.gtimg.cn/images/lol/act/jkzlk/gamedata/equip/evenshroud.png""}]}"
196,25,4,2414,科加斯,https://game.gtimg.cn/images/lol/act/jkzlk/mode16s17/hero/s16_head_chogath.png,2,0,"{""pieceId"":2414,""pieceName"":""科加斯"",""img"":""https://game.gtimg.cn/images/lol/act/jkzlk/mode16s17/hero/s16_head_chogath.png"",""price"":2,""starNum"":0,""equipmentList"":[]}"
197,25,5,3334,普朗克,https://game.gtimg.cn/images/lol/act/jkzlk/mode16s17/hero/s16_head_gangplank.png,3,0,"{""pieceId"":3334,""pieceName"":""普朗克"",""img"":""https://game.gtimg.cn/images/lol/act/jkzlk/mode16s17/hero/s16_head_gangplank.png"",""price"":3,""starNum"":0,""equipmentList"":[]}"
198,25,6,4354,安蓓萨,https://game.gtimg.cn/images/lol/act/jkzlk/mode16s17/hero/s16_head_ambessa.png,4,0,"{""pieceId"":4354,""pieceName"":""安蓓萨"",""img"":""https://game.gtimg.cn/images/lol/act/jkzlk/mode16s17/hero/s16_head_ambessa.png"",""price"":4,""starNum"":0,""equipmentList"":[]}"
199,25,7,5278,希瓦娜,https://game.gtimg.cn/images/lol/act/jkzlk/mode16s17/hero/s16_head_shyvana.png,5,0,"{""pieceId"":5278,""pieceName"":""希瓦娜"",""img"":""https://game.gtimg.cn/images/lol/act/jkzlk/mode16s17/hero/s16_head_shyvana.png"",""price"":5,""starNum"":0,""equipmentList"":[]}"
200,25,8,5296,亚托克斯,https://game.gtimg.cn/images/lol/act/jkzlk/mode16s17/hero/s16_head_aatrox.png,5,0,"{""pieceId"":5296,""pieceName"":""亚托克斯"",""img"":""https://game.gtimg.cn/images/lol/act/jkzlk/mode16s17/hero/s16_head_aatrox.png"",""price"":5,""starNum"":0,""equipmentList"":[]}"
