_row_id,comp_piece_row_id,equipment_order,equipment_id,equipment_name,equipment_img,raw_json
1,1,1,2007,斯特拉克的挑战护手,https://game.gtimg.cn/images/lol/act/jkzlk/gamedata/equip/steraksgage.png,"{""equipmentId"":2007,""equipmentName"":""斯特拉克的挑战护手"",""equipmentImg"":""https://game.gtimg.cn/images/lol/act/jkzlk/gamedata/equip/steraksgage.png""}"
2,1,2,2012,泰坦的坚决,https://game.gtimg.cn/images/lol/act/jkzlk/gamedata/equip/2052.png,"{""equipmentId"":2012,""equipmentName"":""泰坦的坚决"",""equipmentImg"":""https://game.gtimg.cn/images/lol/act/jkzlk/gamedata/equip/2052.png""}"
3,1,3,2024,适应性头盔,https://game.gtimg.cn/images/lol/act/jkzlk/gamedata/equip/adaptivehelm.png,"{""equipmentId"":2024,""equipmentName"":""适应性头盔"",""equipmentImg"":""https://game.gtimg.cn/images/lol/act/jkzlk/gamedata/equip/adaptivehelm.png""}"
4,2,1,2001,无尽之刃,https://game.gtimg.cn/images/lol/act/jkzlk/gamedata/equip/2001.png,"{""equipmentId"":2001,""equipmentName"":""无尽之刃"",""equipmentImg"":""https://game.gtimg.cn/images/lol/act/jkzlk/gamedata/equip/2001.png""}"
5,2,2,2010,鬼索的狂暴之刃,https://game.gtimg.cn/images/lol/act/jkzlk/gamedata/equip/2010.png,"{""equipmentId"":2010,""equipmentName"":""鬼索的狂暴之刃"",""equipmentImg"":""https://game.gtimg.cn/images/lol/act/jkzlk/gamedata/equip/2010.png""}"
6,2,3,2045,锐利之刃,https://game.gtimg.cn/images/lol/act/jkzlk/gamedata/equip/2045.png,"{""equipmentId"":2045,""equipmentName"":""锐利之刃"",""equipmentImg"":""https://game.gtimg.cn/images/lol/act/jkzlk/gamedata/equip/2045.png""}"
7,3,1,2025,振奋盔甲,https://game.gtimg.cn/images/lol/act/jkzlk/gamedata/equip/spiritvisage.png,"{""equipmentId"":2025,""equipmentName"":""振奋盔甲"",""equipmentImg"":""https://game.gtimg.cn/images/lol/act/jkzlk/gamedata/equip/spiritvisage.png""}"
8,3,2,2029,日炎斗篷,https://game.gtimg.cn/images/lol/act/jkzlk/gamedata/equip/2329.png,"{""equipmentId"":2029,""equipmentName"":""日炎斗篷"",""equipmentImg"":""https://game.gtimg.cn/images/lol/act/jkzlk/gamedata/equip/2329.png""}"
9,3,3,2032,薄暮法袍,https://game.gtimg.cn/images/lol/act/jkzlk/gamedata/equip/evenshroud.png,"{""equipmentId"":2032,""equipmentName"":""薄暮法袍"",""equipmentImg"":""https://game.gtimg.cn/images/lol/act/jkzlk/gamedata/equip/evenshroud.png""}"
10,9,1,2001,无尽之刃,https://game.gtimg.cn/images/lol/act/jkzlk/gamedata/equip/2001.png,"{""equipmentId"":2001,""equipmentName"":""无尽之刃"",""equipmentImg"":""https://game.gtimg.cn/images/lol/act/jkzlk/gamedata/equip/2001.png""}"
11,9,2,2010,鬼索的狂暴之刃,https://game.gtimg.cn/images/lol/act/jkzlk/gamedata/equip/2010.png,"{""equipmentId"":2010,""equipmentName"":""鬼索的狂暴之刃"",""equipmentImg"":""https://game.gtimg.cn/images/lol/act/jkzlk/gamedata/equip/2010.png""}"
12,9,3,9181,亡者的短剑,https://game.gtimg.cn/images/lol/act/jkzlk/gamedata/equip/deadmansdagger.png,"{""equipmentId"":9181,""equipmentName"":""亡者的短剑"",""equipmentImg"":""https://game.gtimg.cn/images/lol/act/jkzlk/gamedata/equip/deadmansdagger.png""}"
13,10,1,2023,圣盾使的誓约,https://game.gtimg.cn/images/lol/act/jkzlk/gamedata/equip/2023.png,"{""equipmentId"":2023,""equipmentName"":""圣盾使的誓约"",""equipmentImg"":""https://game.gtimg.cn/images/lol/act/jkzlk/gamedata/equip/2023.png""}"
14,10,2,2025,振奋盔甲,https://game.gtimg.cn/images/lol/act/jkzlk/gamedata/equip/spiritvisage.png,"{""equipmentId"":2025,""equipmentName"":""振奋盔甲"",""equipmentImg"":""https://game.gtimg.cn/images/lol/act/jkzlk/gamedata/equip/spiritvisage.png""}"
15,10,3,9184,成堆柑橘,https://game.gtimg.cn/images/lol/act/jkzlk/gamedata/equip/pileocitrus.png,"{""equipmentId"":9184,""equipmentName"":""成堆柑橘"",""equipmentImg"":""https://game.gtimg.cn/images/lol/act/jkzlk/gamedata/equip/pileocitrus.png""}"
16,11,1,2025,振奋盔甲,https://game.gtimg.cn/images/lol/act/jkzlk/gamedata/equip/spiritvisage.png,"{""equipmentId"":2025,""equipmentName"":""振奋盔甲"",""equipmentImg"":""https://game.gtimg.cn/images/lol/act/jkzlk/gamedata/equip/spiritvisage.png""}"
17,11,2,2029,日炎斗篷,https://game.gtimg.cn/images/lol/act/jkzlk/gamedata/equip/2329.png,"{""equipmentId"":2029,""equipmentName"":""日炎斗篷"",""equipmentImg"":""https://game.gtimg.cn/images/lol/act/jkzlk/gamedata/equip/2329.png""}"
18,11,3,2032,薄暮法袍,https://game.gtimg.cn/images/lol/act/jkzlk/gamedata/equip/evenshroud.png,"{""equipmentId"":2032,""equipmentName"":""薄暮法袍"",""equipmentImg"":""https://game.gtimg.cn/images/lol/act/jkzlk/gamedata/equip/evenshroud.png""}"
19,17,1,2025,振奋盔甲,https://game.gtimg.cn/images/lol/act/jkzlk/gamedata/equip/spiritvisage.png,"{""equipmentId"":2025,""equipmentName"":""振奋盔甲"",""equipmentImg"":""https://game.gtimg.cn/images/lol/act/jkzlk/gamedata/equip/spiritvisage.png""}"
20,17,2,2028,石像鬼石板甲,https://game.gtimg.cn/images/lol/act/jkzlk/gamedata/equip/2248.png,"{""equipmentId"":2028,""equipmentName"":""石像鬼石板甲"",""equipmentImg"":""https://game.gtimg.cn/images/lol/act/jkzlk/gamedata/equip/2248.png""}"
21,17,3,2028,石像鬼石板甲,https://game.gtimg.cn/images/lol/act/jkzlk/gamedata/equip/2248.png,"{""equipmentId"":2028,""equipmentName"":""石像鬼石板甲"",""equipmentImg"":""https://game.gtimg.cn/images/lol/act/jkzlk/gamedata/equip/2248.png""}"
22,18,1,2004,朔极之矛,https://game.gtimg.cn/images/lol/act/jkzlk/gamedata/equip/2004.png,"{""equipmentId"":2004,""equipmentName"":""朔极之矛"",""equipmentImg"":""https://game.gtimg.cn/images/lol/act/jkzlk/gamedata/equip/2004.png""}"
23,18,2,2014,纳什之牙,https://game.gtimg.cn/images/lol/act/jkzlk/gamedata/equip/nashorstooth.png,"{""equipmentId"":2014,""equipmentName"":""纳什之牙"",""equipmentImg"":""https://game.gtimg.cn/images/lol/act/jkzlk/gamedata/equip/nashorstooth.png""}"
24,18,3,2038,珠光护手,https://game.gtimg.cn/images/lol/act/jkzlk/gamedata/equip/2038.png,"{""equipmentId"":2038,""equipmentName"":""珠光护手"",""equipmentImg"":""https://game.gtimg.cn/images/lol/act/jkzlk/gamedata/equip/2038.png""}"
25,19,1,2004,朔极之矛,https://game.gtimg.cn/images/lol/act/jkzlk/gamedata/equip/2004.png,"{""equipmentId"":2004,""equipmentName"":""朔极之矛"",""equipmentImg"":""https://game.gtimg.cn/images/lol/act/jkzlk/gamedata/equip/2004.png""}"
26,19,2,2014,纳什之牙,https://game.gtimg.cn/images/lol/act/jkzlk/gamedata/equip/nashorstooth.png,"{""equipmentId"":2014,""equipmentName"":""纳什之牙"",""equipmentImg"":""https://game.gtimg.cn/images/lol/act/jkzlk/gamedata/equip/nashorstooth.png""}"
27,19,3,2038,珠光护手,https://game.gtimg.cn/images/lol/act/jkzlk/gamedata/equip/2038.png,"{""equipmentId"":2038,""equipmentName"":""珠光护手"",""equipmentImg"":""https://game.gtimg.cn/images/lol/act/jkzlk/gamedata/equip/2038.png""}"
28,25,1,2006,汲取剑,https://game.gtimg.cn/images/lol/act/jkzlk/gamedata/equip/2006.png,"{""equipmentId"":2006,""equipmentName"":""汲取剑"",""equipmentImg"":""https://game.gtimg.cn/images/lol/act/jkzlk/gamedata/equip/2006.png""}"
29,25,2,2014,纳什之牙,https://game.gtimg.cn/images/lol/act/jkzlk/gamedata/equip/nashorstooth.png,"{""equipmentId"":2014,""equipmentName"":""纳什之牙"",""equipmentImg"":""https://game.gtimg.cn/images/lol/act/jkzlk/gamedata/equip/nashorstooth.png""}"
30,25,3,2038,珠光护手,https://game.gtimg.cn/images/lol/act/jkzlk/gamedata/equip/2038.png,"{""equipmentId"":2038,""equipmentName"":""珠光护手"",""equipmentImg"":""https://game.gtimg.cn/images/lol/act/jkzlk/gamedata/equip/2038.png""}"
31,26,1,2025,振奋盔甲,https://game.gtimg.cn/images/lol/act/jkzlk/gamedata/equip/spiritvisage.png,"{""equipmentId"":2025,""equipmentName"":""振奋盔甲"",""equipmentImg"":""https://game.gtimg.cn/images/lol/act/jkzlk/gamedata/equip/spiritvisage.png""}"
32,26,2,2028,石像鬼石板甲,https://game.gtimg.cn/images/lol/act/jkzlk/gamedata/equip/2248.png,"{""equipmentId"":2028,""equipmentName"":""石像鬼石板甲"",""equipmentImg"":""https://game.gtimg.cn/images/lol/act/jkzlk/gamedata/equip/2248.png""}"
33,26,3,2029,日炎斗篷,https://game.gtimg.cn/images/lol/act/jkzlk/gamedata/equip/2329.png,"{""equipmentId"":2029,""equipmentName"":""日炎斗篷"",""equipmentImg"":""https://game.gtimg.cn/images/lol/act/jkzlk/gamedata/equip/2329.png""}"
34,27,1,2004,朔极之矛,https://game.gtimg.cn/images/lol/act/jkzlk/gamedata/equip/2004.png,"{""equipmentId"":2004,""equipmentName"":""朔极之矛"",""equipmentImg"":""https://game.gtimg.cn/images/lol/act/jkzlk/gamedata/equip/2004.png""}"
35,27,2,2014,纳什之牙,https://game.gtimg.cn/images/lol/act/jkzlk/gamedata/equip/nashorstooth.png,"{""equipmentId"":2014,""equipmentName"":""纳什之牙"",""equipmentImg"":""https://game.gtimg.cn/images/lol/act/jkzlk/gamedata/equip/nashorstooth.png""}"
36,27,3,2038,珠光护手,https://game.gtimg.cn/images/lol/act/jkzlk/gamedata/equip/2038.png,"{""equipmentId"":2038,""equipmentName"":""珠光护手"",""equipmentImg"":""https://game.gtimg.cn/images/lol/act/jkzlk/gamedata/equip/2038.png""}"
37,33,1,2010,鬼索的狂暴之刃,https://game.gtimg.cn/images/lol/act/jkzlk/gamedata/equip/2010.png,"{""equipmentId"":2010,""equipmentName"":""鬼索的狂暴之刃"",""equipmentImg"":""https://game.gtimg.cn/images/lol/act/jkzlk/gamedata/equip/2010.png""}"
38,33,2,2013,海妖之怒,https://game.gtimg.cn/images/lol/act/jkzlk/gamedata/equip/krakensfury.png,"{""equipmentId"":2013,""equipmentName"":""海妖之怒"",""equipmentImg"":""https://game.gtimg.cn/images/lol/act/jkzlk/gamedata/equip/krakensfury.png""}"
39,33,3,2045,锐利之刃,https://game.gtimg.cn/images/lol/act/jkzlk/gamedata/equip/2045.png,"{""equipmentId"":2045,""equipmentName"":""锐利之刃"",""equipmentImg"":""https://game.gtimg.cn/images/lol/act/jkzlk/gamedata/equip/2045.png""}"
40,34,1,2007,斯特拉克的挑战护手,https://game.gtimg.cn/images/lol/act/jkzlk/gamedata/equip/steraksgage.png,"{""equipmentId"":2007,""equipmentName"":""斯特拉克的挑战护手"",""equipmentImg"":""https://game.gtimg.cn/images/lol/act/jkzlk/gamedata/equip/steraksgage.png""}"
41,34,2,2012,泰坦的坚决,https://game.gtimg.cn/images/lol/act/jkzlk/gamedata/equip/2052.png,"{""equipmentId"":2012,""equipmentName"":""泰坦的坚决"",""equipmentImg"":""https://game.gtimg.cn/images/lol/act/jkzlk/gamedata/equip/2052.png""}"
42,34,3,2024,适应性头盔,https://game.gtimg.cn/images/lol/act/jkzlk/gamedata/equip/adaptivehelm.png,"{""equipmentId"":2024,""equipmentName"":""适应性头盔"",""equipmentImg"":""https://game.gtimg.cn/images/lol/act/jkzlk/gamedata/equip/adaptivehelm.png""}"
43,35,1,2010,鬼索的狂暴之刃,https://game.gtimg.cn/images/lol/act/jkzlk/gamedata/equip/2010.png,"{""equipmentId"":2010,""equipmentName"":""鬼索的狂暴之刃"",""equipmentImg"":""https://game.gtimg.cn/images/lol/act/jkzlk/gamedata/equip/2010.png""}"
44,35,2,2045,锐利之刃,https://game.gtimg.cn/images/lol/act/jkzlk/gamedata/equip/2045.png,"{""equipmentId"":2045,""equipmentName"":""锐利之刃"",""equipmentImg"":""https://game.gtimg.cn/images/lol/act/jkzlk/gamedata/equip/2045.png""}"
45,35,3,2046,巨人捕手,https://game.gtimg.cn/images/lol/act/jkzlk/gamedata/equip/2046.png,"{""equipmentId"":2046,""equipmentName"":""巨人捕手"",""equipmentImg"":""https://game.gtimg.cn/images/lol/act/jkzlk/gamedata/equip/2046.png""}"
46,41,1,2028,石像鬼石板甲,https://game.gtimg.cn/images/lol/act/jkzlk/gamedata/equip/2248.png,"{""equipmentId"":2028,""equipmentName"":""石像鬼石板甲"",""equipmentImg"":""https://game.gtimg.cn/images/lol/act/jkzlk/gamedata/equip/2248.png""}"
47,41,2,2029,日炎斗篷,https://game.gtimg.cn/images/lol/act/jkzlk/gamedata/equip/2329.png,"{""equipmentId"":2029,""equipmentName"":""日炎斗篷"",""equipmentImg"":""https://game.gtimg.cn/images/lol/act/jkzlk/gamedata/equip/2329.png""}"
48,41,3,2032,薄暮法袍,https://game.gtimg.cn/images/lol/act/jkzlk/gamedata/equip/evenshroud.png,"{""equipmentId"":2032,""equipmentName"":""薄暮法袍"",""equipmentImg"":""https://game.gtimg.cn/images/lol/act/jkzlk/gamedata/equip/evenshroud.png""}"
49,42,1,2011,虚空之杖,https://game.gtimg.cn/images/lol/act/jkzlk/gamedata/equip/voidstaff.png,"{""equipmentId"":2011,""equipmentName"":""虚空之杖"",""equipmentImg"":""https://game.gtimg.cn/images/lol/act/jkzlk/gamedata/equip/voidstaff.png""}"
50,42,2,2038,珠光护手,https://game.gtimg.cn/images/lol/act/jkzlk/gamedata/equip/2038.png,"{""equipmentId"":2038,""equipmentName"":""珠光护手"",""equipmentImg"":""https://game.gtimg.cn/images/lol/act/jkzlk/gamedata/equip/2038.png""}"
51,42,3,2046,巨人捕手,https://game.gtimg.cn/images/lol/act/jkzlk/gamedata/equip/2046.png,"{""equipmentId"":2046,""equipmentName"":""巨人捕手"",""equipmentImg"":""https://game.gtimg.cn/images/lol/act/jkzlk/gamedata/equip/2046.png""}"
52,43,1,2025,振奋盔甲,https://game.gtimg.cn/images/lol/act/jkzlk/gamedata/equip/spiritvisage.png,"{""equipmentId"":2025,""equipmentName"":""振奋盔甲"",""equipmentImg"":""https://game.gtimg.cn/images/lol/act/jkzlk/gamedata/equip/spiritvisage.png""}"
53,43,2,2028,石像鬼石板甲,https://game.gtimg.cn/images/lol/act/jkzlk/gamedata/equip/2248.png,"{""equipmentId"":2028,""equipmentName"":""石像鬼石板甲"",""equipmentImg"":""https://game.gtimg.cn/images/lol/act/jkzlk/gamedata/equip/2248.png""}"
54,43,3,2029,日炎斗篷,https://game.gtimg.cn/images/lol/act/jkzlk/gamedata/equip/2329.png,"{""equipmentId"":2029,""equipmentName"":""日炎斗篷"",""equipmentImg"":""https://game.gtimg.cn/images/lol/act/jkzlk/gamedata/equip/2329.png""}"
55,49,1,2006,汲取剑,https://game.gtimg.cn/images/lol/act/jkzlk/gamedata/equip/2006.png,"{""equipmentId"":2006,""equipmentName"":""汲取剑"",""equipmentImg"":""https://game.gtimg.cn/images/lol/act/jkzlk/gamedata/equip/2006.png""}"
56,49,2,2010,鬼索的狂暴之刃,https://game.gtimg.cn/images/lol/act/jkzlk/gamedata/equip/2010.png,"{""equipmentId"":2010,""equipmentName"":""鬼索的狂暴之刃"",""equipmentImg"":""https://game.gtimg.cn/images/lol/act/jkzlk/gamedata/equip/2010.png""}"
57,49,3,2012,泰坦的坚决,https://game.gtimg.cn/images/lol/act/jkzlk/gamedata/equip/2052.png,"{""equipmentId"":2012,""equipmentName"":""泰坦的坚决"",""equipmentImg"":""https://game.gtimg.cn/images/lol/act/jkzlk/gamedata/equip/2052.png""}"
58,50,1,2019,离子火花,https://game.gtimg.cn/images/lol/act/jkzlk/gamedata/equip/2019.png,"{""equipmentId"":2019,""equipmentName"":""离子火花"",""equipmentImg"":""https://game.gtimg.cn/images/lol/act/jkzlk/gamedata/equip/2019.png""}"
59,50,2,2025,振奋盔甲,https://game.gtimg.cn/images/lol/act/jkzlk/gamedata/equip/spiritvisage.png,"{""equipmentId"":2025,""equipmentName"":""振奋盔甲"",""equipmentImg"":""https://game.gtimg.cn/images/lol/act/jkzlk/gamedata/equip/spiritvisage.png""}"
60,50,3,2029,日炎斗篷,https://game.gtimg.cn/images/lol/act/jkzlk/gamedata/equip/2329.png,"{""equipmentId"":2029,""equipmentName"":""日炎斗篷"",""equipmentImg"":""https://game.gtimg.cn/images/lol/act/jkzlk/gamedata/equip/2329.png""}"
61,51,1,2004,朔极之矛,https://game.gtimg.cn/images/lol/act/jkzlk/gamedata/equip/2004.png,"{""equipmentId"":2004,""equipmentName"":""朔极之矛"",""equipmentImg"":""https://game.gtimg.cn/images/lol/act/jkzlk/gamedata/equip/2004.png""}"
62,51,2,2014,纳什之牙,https://game.gtimg.cn/images/lol/act/jkzlk/gamedata/equip/nashorstooth.png,"{""equipmentId"":2014,""equipmentName"":""纳什之牙"",""equipmentImg"":""https://game.gtimg.cn/images/lol/act/jkzlk/gamedata/equip/nashorstooth.png""}"
63,51,3,2038,珠光护手,https://game.gtimg.cn/images/lol/act/jkzlk/gamedata/equip/2038.png,"{""equipmentId"":2038,""equipmentName"":""珠光护手"",""equipmentImg"":""https://game.gtimg.cn/images/lol/act/jkzlk/gamedata/equip/2038.png""}"
64,57,1,2025,振奋盔甲,https://game.gtimg.cn/images/lol/act/jkzlk/gamedata/equip/spiritvisage.png,"{""equipmentId"":2025,""equipmentName"":""振奋盔甲"",""equipmentImg"":""https://game.gtimg.cn/images/lol/act/jkzlk/gamedata/equip/spiritvisage.png""}"
65,57,2,2029,日炎斗篷,https://game.gtimg.cn/images/lol/act/jkzlk/gamedata/equip/2329.png,"{""equipmentId"":2029,""equipmentName"":""日炎斗篷"",""equipmentImg"":""https://game.gtimg.cn/images/lol/act/jkzlk/gamedata/equip/2329.png""}"
66,57,3,2032,薄暮法袍,https://game.gtimg.cn/images/lol/act/jkzlk/gamedata/equip/evenshroud.png,"{""equipmentId"":2032,""equipmentName"":""薄暮法袍"",""equipmentImg"":""https://game.gtimg.cn/images/lol/act/jkzlk/gamedata/equip/evenshroud.png""}"
67,58,1,2003,海克斯科技枪刃,https://game.gtimg.cn/images/lol/act/jkzlk/gamedata/equip/2003.png,"{""equipmentId"":2003,""equipmentName"":""海克斯科技枪刃"",""equipmentImg"":""https://game.gtimg.cn/images/lol/act/jkzlk/gamedata/equip/2003.png""}"
68,58,2,2010,鬼索的狂暴之刃,https://game.gtimg.cn/images/lol/act/jkzlk/gamedata/equip/2010.png,"{""equipmentId"":2010,""equipmentName"":""鬼索的狂暴之刃"",""equipmentImg"":""https://game.gtimg.cn/images/lol/act/jkzlk/gamedata/equip/2010.png""}"
69,58,3,2041,水银,https://game.gtimg.cn/images/lol/act/jkzlk/gamedata/equip/2041.png,"{""equipmentId"":2041,""equipmentName"":""水银"",""equipmentImg"":""https://game.gtimg.cn/images/lol/act/jkzlk/gamedata/equip/2041.png""}"
70,59,1,1009,拳套,https://game.gtimg.cn/images/lol/act/jkzlk/gamedata/equip/1009.png,"{""equipmentId"":1009,""equipmentName"":""拳套"",""equipmentImg"":""https://game.gtimg.cn/images/lol/act/jkzlk/gamedata/equip/1009.png""}"
71,59,2,2024,适应性头盔,https://game.gtimg.cn/images/lol/act/jkzlk/gamedata/equip/adaptivehelm.png,"{""equipmentId"":2024,""equipmentName"":""适应性头盔"",""equipmentImg"":""https://game.gtimg.cn/images/lol/act/jkzlk/gamedata/equip/adaptivehelm.png""}"
72,59,3,2027,棘刺背心,https://game.gtimg.cn/images/lol/act/jkzlk/gamedata/equip/2054.png,"{""equipmentId"":2027,""equipmentName"":""棘刺背心"",""equipmentImg"":""https://game.gtimg.cn/images/lol/act/jkzlk/gamedata/equip/2054.png""}"
73,65,1,2010,鬼索的狂暴之刃,https://game.gtimg.cn/images/lol/act/jkzlk/gamedata/equip/2010.png,"{""equipmentId"":2010,""equipmentName"":""鬼索的狂暴之刃"",""equipmentImg"":""https://game.gtimg.cn/images/lol/act/jkzlk/gamedata/equip/2010.png""}"
74,65,2,2011,虚空之杖,https://game.gtimg.cn/images/lol/act/jkzlk/gamedata/equip/voidstaff.png,"{""equipmentId"":2011,""equipmentName"":""虚空之杖"",""equipmentImg"":""https://game.gtimg.cn/images/lol/act/jkzlk/gamedata/equip/voidstaff.png""}"
75,65,3,2038,珠光护手,https://game.gtimg.cn/images/lol/act/jkzlk/gamedata/equip/2038.png,"{""equipmentId"":2038,""equipmentName"":""珠光护手"",""equipmentImg"":""https://game.gtimg.cn/images/lol/act/jkzlk/gamedata/equip/2038.png""}"
76,66,1,2025,振奋盔甲,https://game.gtimg.cn/images/lol/act/jkzlk/gamedata/equip/spiritvisage.png,"{""equipmentId"":2025,""equipmentName"":""振奋盔甲"",""equipmentImg"":""https://game.gtimg.cn/images/lol/act/jkzlk/gamedata/equip/spiritvisage.png""}"
77,66,2,2028,石像鬼石板甲,https://game.gtimg.cn/images/lol/act/jkzlk/gamedata/equip/2248.png,"{""equipmentId"":2028,""equipmentName"":""石像鬼石板甲"",""equipmentImg"":""https://game.gtimg.cn/images/lol/act/jkzlk/gamedata/equip/2248.png""}"
78,66,3,2029,日炎斗篷,https://game.gtimg.cn/images/lol/act/jkzlk/gamedata/equip/2329.png,"{""equipmentId"":2029,""equipmentName"":""日炎斗篷"",""equipmentImg"":""https://game.gtimg.cn/images/lol/act/jkzlk/gamedata/equip/2329.png""}"
79,67,1,2001,无尽之刃,https://game.gtimg.cn/images/lol/act/jkzlk/gamedata/equip/2001.png,"{""equipmentId"":2001,""equipmentName"":""无尽之刃"",""equipmentImg"":""https://game.gtimg.cn/images/lol/act/jkzlk/gamedata/equip/2001.png""}"
80,67,2,2004,朔极之矛,https://game.gtimg.cn/images/lol/act/jkzlk/gamedata/equip/2004.png,"{""equipmentId"":2004,""equipmentName"":""朔极之矛"",""equipmentImg"":""https://game.gtimg.cn/images/lol/act/jkzlk/gamedata/equip/2004.png""}"
81,67,3,2016,班克斯的魔法帽,https://game.gtimg.cn/images/lol/act/jkzlk/gamedata/equip/2016.png,"{""equipmentId"":2016,""equipmentName"":""班克斯的魔法帽"",""equipmentImg"":""https://game.gtimg.cn/images/lol/act/jkzlk/gamedata/equip/2016.png""}"
82,73,1,2004,朔极之矛,https://game.gtimg.cn/images/lol/act/jkzlk/gamedata/equip/2004.png,"{""equipmentId"":2004,""equipmentName"":""朔极之矛"",""equipmentImg"":""https://game.gtimg.cn/images/lol/act/jkzlk/gamedata/equip/2004.png""}"
83,73,2,2020,莫雷洛秘典,https://game.gtimg.cn/images/lol/act/jkzlk/gamedata/equip/2020.png,"{""equipmentId"":2020,""equipmentName"":""莫雷洛秘典"",""equipmentImg"":""https://game.gtimg.cn/images/lol/act/jkzlk/gamedata/equip/2020.png""}"
84,73,3,2038,珠光护手,https://game.gtimg.cn/images/lol/act/jkzlk/gamedata/equip/2038.png,"{""equipmentId"":2038,""equipmentName"":""珠光护手"",""equipmentImg"":""https://game.gtimg.cn/images/lol/act/jkzlk/gamedata/equip/2038.png""}"
85,74,1,2025,振奋盔甲,https://game.gtimg.cn/images/lol/act/jkzlk/gamedata/equip/spiritvisage.png,"{""equipmentId"":2025,""equipmentName"":""振奋盔甲"",""equipmentImg"":""https://game.gtimg.cn/images/lol/act/jkzlk/gamedata/equip/spiritvisage.png""}"
86,74,2,2029,日炎斗篷,https://game.gtimg.cn/images/lol/act/jkzlk/gamedata/equip/2329.png,"{""equipmentId"":2029,""equipmentName"":""日炎斗篷"",""equipmentImg"":""https://game.gtimg.cn/images/lol/act/jkzlk/gamedata/equip/2329.png""}"
87,74,3,2032,薄暮法袍,https://game.gtimg.cn/images/lol/act/jkzlk/gamedata/equip/evenshroud.png,"{""equipmentId"":2032,""equipmentName"":""薄暮法袍"",""equipmentImg"":""https://game.gtimg.cn/images/lol/act/jkzlk/gamedata/equip/evenshroud.png""}"
88,75,1,2001,无尽之刃,https://game.gtimg.cn/images/lol/act/jkzlk/gamedata/equip/2001.png,"{""equipmentId"":2001,""equipmentName"":""无尽之刃"",""equipmentImg"":""https://game.gtimg.cn/images/lol/act/jkzlk/gamedata/equip/2001.png""}"
89,75,2,2004,朔极之矛,https://game.gtimg.cn/images/lol/act/jkzlk/gamedata/equip/2004.png,"{""equipmentId"":2004,""equipmentName"":""朔极之矛"",""equipmentImg"":""https://game.gtimg.cn/images/lol/act/jkzlk/gamedata/equip/2004.png""}"
90,75,3,2037,最后的轻语,https://game.gtimg.cn/images/lol/act/jkzlk/gamedata/equip/2053.png,"{""equipmentId"":2037,""equipmentName"":""最后的轻语"",""equipmentImg"":""https://game.gtimg.cn/images/lol/act/jkzlk/gamedata/equip/2053.png""}"
91,81,1,2025,振奋盔甲,https://game.gtimg.cn/images/lol/act/jkzlk/gamedata/equip/spiritvisage.png,"{""equipmentId"":2025,""equipmentName"":""振奋盔甲"",""equipmentImg"":""https://game.gtimg.cn/images/lol/act/jkzlk/gamedata/equip/spiritvisage.png""}"
92,81,2,2028,石像鬼石板甲,https://game.gtimg.cn/images/lol/act/jkzlk/gamedata/equip/2248.png,"{""equipmentId"":2028,""equipmentName"":""石像鬼石板甲"",""equipmentImg"":""https://game.gtimg.cn/images/lol/act/jkzlk/gamedata/equip/2248.png""}"
93,81,3,2029,日炎斗篷,https://game.gtimg.cn/images/lol/act/jkzlk/gamedata/equip/2329.png,"{""equipmentId"":2029,""equipmentName"":""日炎斗篷"",""equipmentImg"":""https://game.gtimg.cn/images/lol/act/jkzlk/gamedata/equip/2329.png""}"
94,82,1,2003,海克斯科技枪刃,https://game.gtimg.cn/images/lol/act/jkzlk/gamedata/equip/2003.png,"{""equipmentId"":2003,""equipmentName"":""海克斯科技枪刃"",""equipmentImg"":""https://game.gtimg.cn/images/lol/act/jkzlk/gamedata/equip/2003.png""}"
95,82,2,2010,鬼索的狂暴之刃,https://game.gtimg.cn/images/lol/act/jkzlk/gamedata/equip/2010.png,"{""equipmentId"":2010,""equipmentName"":""鬼索的狂暴之刃"",""equipmentImg"":""https://game.gtimg.cn/images/lol/act/jkzlk/gamedata/equip/2010.png""}"
96,82,3,2038,珠光护手,https://game.gtimg.cn/images/lol/act/jkzlk/gamedata/equip/2038.png,"{""equipmentId"":2038,""equipmentName"":""珠光护手"",""equipmentImg"":""https://game.gtimg.cn/images/lol/act/jkzlk/gamedata/equip/2038.png""}"
97,83,1,2004,朔极之矛,https://game.gtimg.cn/images/lol/act/jkzlk/gamedata/equip/2004.png,"{""equipmentId"":2004,""equipmentName"":""朔极之矛"",""equipmentImg"":""https://game.gtimg.cn/images/lol/act/jkzlk/gamedata/equip/2004.png""}"
98,83,2,2038,珠光护手,https://game.gtimg.cn/images/lol/act/jkzlk/gamedata/equip/2038.png,"{""equipmentId"":2038,""equipmentName"":""珠光护手"",""equipmentImg"":""https://game.gtimg.cn/images/lol/act/jkzlk/gamedata/equip/2038.png""}"
99,83,3,41620,狙神纹章,https://game.gtimg.cn/images/lol/act/jkzlk/gamedata/equip/41620.png,"{""equipmentId"":41620,""equipmentName"":""狙神纹章"",""equipmentImg"":""https://game.gtimg.cn/images/lol/act/jkzlk/gamedata/equip/41620.png""}"
100,89,1,2004,朔极之矛,https://game.gtimg.cn/images/lol/act/jkzlk/gamedata/equip/2004.png,"{""equipmentId"":2004,""equipmentName"":""朔极之矛"",""equipmentImg"":""https://game.gtimg.cn/images/lol/act/jkzlk/gamedata/equip/2004.png""}"
101,89,2,2011,虚空之杖,https://game.gtimg.cn/images/lol/act/jkzlk/gamedata/equip/voidstaff.png,"{""equipmentId"":2011,""equipmentName"":""虚空之杖"",""equipmentImg"":""https://game.gtimg.cn/images/lol/act/jkzlk/gamedata/equip/voidstaff.png""}"
102,89,3,2016,班克斯的魔法帽,https://game.gtimg.cn/images/lol/act/jkzlk/gamedata/equip/2016.png,"{""equipmentId"":2016,""equipmentName"":""班克斯的魔法帽"",""equipmentImg"":""https://game.gtimg.cn/images/lol/act/jkzlk/gamedata/equip/2016.png""}"
103,90,1,2025,振奋盔甲,https://game.gtimg.cn/images/lol/act/jkzlk/gamedata/equip/spiritvisage.png,"{""equipmentId"":2025,""equipmentName"":""振奋盔甲"",""equipmentImg"":""https://game.gtimg.cn/images/lol/act/jkzlk/gamedata/equip/spiritvisage.png""}"
104,90,2,2028,石像鬼石板甲,https://game.gtimg.cn/images/lol/act/jkzlk/gamedata/equip/2248.png,"{""equipmentId"":2028,""equipmentName"":""石像鬼石板甲"",""equipmentImg"":""https://game.gtimg.cn/images/lol/act/jkzlk/gamedata/equip/2248.png""}"
105,90,3,2029,日炎斗篷,https://game.gtimg.cn/images/lol/act/jkzlk/gamedata/equip/2329.png,"{""equipmentId"":2029,""equipmentName"":""日炎斗篷"",""equipmentImg"":""https://game.gtimg.cn/images/lol/act/jkzlk/gamedata/equip/2329.png""}"
106,91,1,2001,无尽之刃,https://game.gtimg.cn/images/lol/act/jkzlk/gamedata/equip/2001.png,"{""equipmentId"":2001,""equipmentName"":""无尽之刃"",""equipmentImg"":""https://game.gtimg.cn/images/lol/act/jkzlk/gamedata/equip/2001.png""}"
107,91,2,2004,朔极之矛,https://game.gtimg.cn/images/lol/act/jkzlk/gamedata/equip/2004.png,"{""equipmentId"":2004,""equipmentName"":""朔极之矛"",""equipmentImg"":""https://game.gtimg.cn/images/lol/act/jkzlk/gamedata/equip/2004.png""}"
108,91,3,2016,班克斯的魔法帽,https://game.gtimg.cn/images/lol/act/jkzlk/gamedata/equip/2016.png,"{""equipmentId"":2016,""equipmentName"":""班克斯的魔法帽"",""equipmentImg"":""https://game.gtimg.cn/images/lol/act/jkzlk/gamedata/equip/2016.png""}"
109,97,1,2019,离子火花,https://game.gtimg.cn/images/lol/act/jkzlk/gamedata/equip/2019.png,"{""equipmentId"":2019,""equipmentName"":""离子火花"",""equipmentImg"":""https://game.gtimg.cn/images/lol/act/jkzlk/gamedata/equip/2019.png""}"
110,97,2,2025,振奋盔甲,https://game.gtimg.cn/images/lol/act/jkzlk/gamedata/equip/spiritvisage.png,"{""equipmentId"":2025,""equipmentName"":""振奋盔甲"",""equipmentImg"":""https://game.gtimg.cn/images/lol/act/jkzlk/gamedata/equip/spiritvisage.png""}"
111,97,3,2029,日炎斗篷,https://game.gtimg.cn/images/lol/act/jkzlk/gamedata/equip/2329.png,"{""equipmentId"":2029,""equipmentName"":""日炎斗篷"",""equipmentImg"":""https://game.gtimg.cn/images/lol/act/jkzlk/gamedata/equip/2329.png""}"
112,98,1,2004,朔极之矛,https://game.gtimg.cn/images/lol/act/jkzlk/gamedata/equip/2004.png,"{""equipmentId"":2004,""equipmentName"":""朔极之矛"",""equipmentImg"":""https://game.gtimg.cn/images/lol/act/jkzlk/gamedata/equip/2004.png""}"
113,98,2,2014,纳什之牙,https://game.gtimg.cn/images/lol/act/jkzlk/gamedata/equip/nashorstooth.png,"{""equipmentId"":2014,""equipmentName"":""纳什之牙"",""equipmentImg"":""https://game.gtimg.cn/images/lol/act/jkzlk/gamedata/equip/nashorstooth.png""}"
114,98,3,2038,珠光护手,https://game.gtimg.cn/images/lol/act/jkzlk/gamedata/equip/2038.png,"{""equipmentId"":2038,""equipmentName"":""珠光护手"",""equipmentImg"":""https://game.gtimg.cn/images/lol/act/jkzlk/gamedata/equip/2038.png""}"
115,99,1,2028,石像鬼石板甲,https://game.gtimg.cn/images/lol/act/jkzlk/gamedata/equip/2248.png,"{""equipmentId"":2028,""equipmentName"":""石像鬼石板甲"",""equipmentImg"":""https://game.gtimg.cn/images/lol/act/jkzlk/gamedata/equip/2248.png""}"
116,99,2,2029,日炎斗篷,https://game.gtimg.cn/images/lol/act/jkzlk/gamedata/equip/2329.png,"{""equipmentId"":2029,""equipmentName"":""日炎斗篷"",""equipmentImg"":""https://game.gtimg.cn/images/lol/act/jkzlk/gamedata/equip/2329.png""}"
117,99,3,2032,薄暮法袍,https://game.gtimg.cn/images/lol/act/jkzlk/gamedata/equip/evenshroud.png,"{""equipmentId"":2032,""equipmentName"":""薄暮法袍"",""equipmentImg"":""https://game.gtimg.cn/images/lol/act/jkzlk/gamedata/equip/evenshroud.png""}"
118,105,1,2004,朔极之矛,https://game.gtimg.cn/images/lol/act/jkzlk/gamedata/equip/2004.png,"{""equipmentId"":2004,""equipmentName"":""朔极之矛"",""equipmentImg"":""https://game.gtimg.cn/images/lol/act/jkzlk/gamedata/equip/2004.png""}"
119,105,2,2014,纳什之牙,https://game.gtimg.cn/images/lol/act/jkzlk/gamedata/equip/nashorstooth.png,"{""equipmentId"":2014,""equipmentName"":""纳什之牙"",""equipmentImg"":""https://game.gtimg.cn/images/lol/act/jkzlk/gamedata/equip/nashorstooth.png""}"
120,105,3,2038,珠光护手,https://game.gtimg.cn/images/lol/act/jkzlk/gamedata/equip/2038.png,"{""equipmentId"":2038,""equipmentName"":""珠光护手"",""equipmentImg"":""https://game.gtimg.cn/images/lol/act/jkzlk/gamedata/equip/2038.png""}"
121,106,1,2025,振奋盔甲,https://game.gtimg.cn/images/lol/act/jkzlk/gamedata/equip/spiritvisage.png,"{""equipmentId"":2025,""equipmentName"":""振奋盔甲"",""equipmentImg"":""https://game.gtimg.cn/images/lol/act/jkzlk/gamedata/equip/spiritvisage.png""}"
122,106,2,2027,棘刺背心,https://game.gtimg.cn/images/lol/act/jkzlk/gamedata/equip/2054.png,"{""equipmentId"":2027,""equipmentName"":""棘刺背心"",""equipmentImg"":""https://game.gtimg.cn/images/lol/act/jkzlk/gamedata/equip/2054.png""}"
123,106,3,2034,狂徒铠甲,https://game.gtimg.cn/images/lol/act/jkzlk/gamedata/equip/2034.png,"{""equipmentId"":2034,""equipmentName"":""狂徒铠甲"",""equipmentImg"":""https://game.gtimg.cn/images/lol/act/jkzlk/gamedata/equip/2034.png""}"
124,107,1,2025,振奋盔甲,https://game.gtimg.cn/images/lol/act/jkzlk/gamedata/equip/spiritvisage.png,"{""equipmentId"":2025,""equipmentName"":""振奋盔甲"",""equipmentImg"":""https://game.gtimg.cn/images/lol/act/jkzlk/gamedata/equip/spiritvisage.png""}"
125,107,2,2028,石像鬼石板甲,https://game.gtimg.cn/images/lol/act/jkzlk/gamedata/equip/2248.png,"{""equipmentId"":2028,""equipmentName"":""石像鬼石板甲"",""equipmentImg"":""https://game.gtimg.cn/images/lol/act/jkzlk/gamedata/equip/2248.png""}"
126,107,3,2029,日炎斗篷,https://game.gtimg.cn/images/lol/act/jkzlk/gamedata/equip/2329.png,"{""equipmentId"":2029,""equipmentName"":""日炎斗篷"",""equipmentImg"":""https://game.gtimg.cn/images/lol/act/jkzlk/gamedata/equip/2329.png""}"
127,113,1,2019,离子火花,https://game.gtimg.cn/images/lol/act/jkzlk/gamedata/equip/2019.png,"{""equipmentId"":2019,""equipmentName"":""离子火花"",""equipmentImg"":""https://game.gtimg.cn/images/lol/act/jkzlk/gamedata/equip/2019.png""}"
128,113,2,2028,石像鬼石板甲,https://game.gtimg.cn/images/lol/act/jkzlk/gamedata/equip/2248.png,"{""equipmentId"":2028,""equipmentName"":""石像鬼石板甲"",""equipmentImg"":""https://game.gtimg.cn/images/lol/act/jkzlk/gamedata/equip/2248.png""}"
129,113,3,2029,日炎斗篷,https://game.gtimg.cn/images/lol/act/jkzlk/gamedata/equip/2329.png,"{""equipmentId"":2029,""equipmentName"":""日炎斗篷"",""equipmentImg"":""https://game.gtimg.cn/images/lol/act/jkzlk/gamedata/equip/2329.png""}"
130,114,1,2004,朔极之矛,https://game.gtimg.cn/images/lol/act/jkzlk/gamedata/equip/2004.png,"{""equipmentId"":2004,""equipmentName"":""朔极之矛"",""equipmentImg"":""https://game.gtimg.cn/images/lol/act/jkzlk/gamedata/equip/2004.png""}"
131,114,2,2014,纳什之牙,https://game.gtimg.cn/images/lol/act/jkzlk/gamedata/equip/nashorstooth.png,"{""equipmentId"":2014,""equipmentName"":""纳什之牙"",""equipmentImg"":""https://game.gtimg.cn/images/lol/act/jkzlk/gamedata/equip/nashorstooth.png""}"
132,114,3,2038,珠光护手,https://game.gtimg.cn/images/lol/act/jkzlk/gamedata/equip/2038.png,"{""equipmentId"":2038,""equipmentName"":""珠光护手"",""equipmentImg"":""https://game.gtimg.cn/images/lol/act/jkzlk/gamedata/equip/2038.png""}"
133,115,1,2028,石像鬼石板甲,https://game.gtimg.cn/images/lol/act/jkzlk/gamedata/equip/2248.png,"{""equipmentId"":2028,""equipmentName"":""石像鬼石板甲"",""equipmentImg"":""https://game.gtimg.cn/images/lol/act/jkzlk/gamedata/equip/2248.png""}"
134,115,2,2029,日炎斗篷,https://game.gtimg.cn/images/lol/act/jkzlk/gamedata/equip/2329.png,"{""equipmentId"":2029,""equipmentName"":""日炎斗篷"",""equipmentImg"":""https://game.gtimg.cn/images/lol/act/jkzlk/gamedata/equip/2329.png""}"
135,115,3,41602,德玛西亚纹章,https://game.gtimg.cn/images/lol/act/jkzlk/gamedata/equip/41602.png,"{""equipmentId"":41602,""equipmentName"":""德玛西亚纹章"",""equipmentImg"":""https://game.gtimg.cn/images/lol/act/jkzlk/gamedata/equip/41602.png""}"
136,121,1,2004,朔极之矛,https://game.gtimg.cn/images/lol/act/jkzlk/gamedata/equip/2004.png,"{""equipmentId"":2004,""equipmentName"":""朔极之矛"",""equipmentImg"":""https://game.gtimg.cn/images/lol/act/jkzlk/gamedata/equip/2004.png""}"
137,121,2,2011,虚空之杖,https://game.gtimg.cn/images/lol/act/jkzlk/gamedata/equip/voidstaff.png,"{""equipmentId"":2011,""equipmentName"":""虚空之杖"",""equipmentImg"":""https://game.gtimg.cn/images/lol/act/jkzlk/gamedata/equip/voidstaff.png""}"
138,121,3,2016,班克斯的魔法帽,https://game.gtimg.cn/images/lol/act/jkzlk/gamedata/equip/2016.png,"{""equipmentId"":2016,""equipmentName"":""班克斯的魔法帽"",""equipmentImg"":""https://game.gtimg.cn/images/lol/act/jkzlk/gamedata/equip/2016.png""}"
139,122,1,2025,振奋盔甲,https://game.gtimg.cn/images/lol/act/jkzlk/gamedata/equip/spiritvisage.png,"{""equipmentId"":2025,""equipmentName"":""振奋盔甲"",""equipmentImg"":""https://game.gtimg.cn/images/lol/act/jkzlk/gamedata/equip/spiritvisage.png""}"
140,122,2,2028,石像鬼石板甲,https://game.gtimg.cn/images/lol/act/jkzlk/gamedata/equip/2248.png,"{""equipmentId"":2028,""equipmentName"":""石像鬼石板甲"",""equipmentImg"":""https://game.gtimg.cn/images/lol/act/jkzlk/gamedata/equip/2248.png""}"
141,122,3,2029,日炎斗篷,https://game.gtimg.cn/images/lol/act/jkzlk/gamedata/equip/2329.png,"{""equipmentId"":2029,""equipmentName"":""日炎斗篷"",""equipmentImg"":""https://game.gtimg.cn/images/lol/act/jkzlk/gamedata/equip/2329.png""}"
142,123,1,2006,汲取剑,https://game.gtimg.cn/images/lol/act/jkzlk/gamedata/equip/2006.png,"{""equipmentId"":2006,""equipmentName"":""汲取剑"",""equipmentImg"":""https://game.gtimg.cn/images/lol/act/jkzlk/gamedata/equip/2006.png""}"
143,123,2,2025,振奋盔甲,https://game.gtimg.cn/images/lol/act/jkzlk/gamedata/equip/spiritvisage.png,"{""equipmentId"":2025,""equipmentName"":""振奋盔甲"",""equipmentImg"":""https://game.gtimg.cn/images/lol/act/jkzlk/gamedata/equip/spiritvisage.png""}"
144,123,3,41623,法师纹章,https://game.gtimg.cn/images/lol/act/jkzlk/gamedata/equip/41623.png,"{""equipmentId"":41623,""equipmentName"":""法师纹章"",""equipmentImg"":""https://game.gtimg.cn/images/lol/act/jkzlk/gamedata/equip/41623.png""}"
145,129,1,2001,无尽之刃,https://game.gtimg.cn/images/lol/act/jkzlk/gamedata/equip/2001.png,"{""equipmentId"":2001,""equipmentName"":""无尽之刃"",""equipmentImg"":""https://game.gtimg.cn/images/lol/act/jkzlk/gamedata/equip/2001.png""}"
146,129,2,2010,鬼索的狂暴之刃,https://game.gtimg.cn/images/lol/act/jkzlk/gamedata/equip/2010.png,"{""equipmentId"":2010,""equipmentName"":""鬼索的狂暴之刃"",""equipmentImg"":""https://game.gtimg.cn/images/lol/act/jkzlk/gamedata/equip/2010.png""}"
147,129,3,2041,水银,https://game.gtimg.cn/images/lol/act/jkzlk/gamedata/equip/2041.png,"{""equipmentId"":2041,""equipmentName"":""水银"",""equipmentImg"":""https://game.gtimg.cn/images/lol/act/jkzlk/gamedata/equip/2041.png""}"
148,130,1,2023,圣盾使的誓约,https://game.gtimg.cn/images/lol/act/jkzlk/gamedata/equip/2023.png,"{""equipmentId"":2023,""equipmentName"":""圣盾使的誓约"",""equipmentImg"":""https://game.gtimg.cn/images/lol/act/jkzlk/gamedata/equip/2023.png""}"
149,130,2,2029,日炎斗篷,https://game.gtimg.cn/images/lol/act/jkzlk/gamedata/equip/2329.png,"{""equipmentId"":2029,""equipmentName"":""日炎斗篷"",""equipmentImg"":""https://game.gtimg.cn/images/lol/act/jkzlk/gamedata/equip/2329.png""}"
150,130,3,2032,薄暮法袍,https://game.gtimg.cn/images/lol/act/jkzlk/gamedata/equip/evenshroud.png,"{""equipmentId"":2032,""equipmentName"":""薄暮法袍"",""equipmentImg"":""https://game.gtimg.cn/images/lol/act/jkzlk/gamedata/equip/evenshroud.png""}"
151,131,1,2025,振奋盔甲,https://game.gtimg.cn/images/lol/act/jkzlk/gamedata/equip/spiritvisage.png,"{""equipmentId"":2025,""equipmentName"":""振奋盔甲"",""equipmentImg"":""https://game.gtimg.cn/images/lol/act/jkzlk/gamedata/equip/spiritvisage.png""}"
152,131,2,2029,日炎斗篷,https://game.gtimg.cn/images/lol/act/jkzlk/gamedata/equip/2329.png,"{""equipmentId"":2029,""equipmentName"":""日炎斗篷"",""equipmentImg"":""https://game.gtimg.cn/images/lol/act/jkzlk/gamedata/equip/2329.png""}"
153,131,3,2032,薄暮法袍,https://game.gtimg.cn/images/lol/act/jkzlk/gamedata/equip/evenshroud.png,"{""equipmentId"":2032,""equipmentName"":""薄暮法袍"",""equipmentImg"":""https://game.gtimg.cn/images/lol/act/jkzlk/gamedata/equip/evenshroud.png""}"
154,137,1,2001,无尽之刃,https://game.gtimg.cn/images/lol/act/jkzlk/gamedata/equip/2001.png,"{""equipmentId"":2001,""equipmentName"":""无尽之刃"",""equipmentImg"":""https://game.gtimg.cn/images/lol/act/jkzlk/gamedata/equip/2001.png""}"
155,137,2,2010,鬼索的狂暴之刃,https://game.gtimg.cn/images/lol/act/jkzlk/gamedata/equip/2010.png,"{""equipmentId"":2010,""equipmentName"":""鬼索的狂暴之刃"",""equipmentImg"":""https://game.gtimg.cn/images/lol/act/jkzlk/gamedata/equip/2010.png""}"
156,137,3,2012,泰坦的坚决,https://game.gtimg.cn/images/lol/act/jkzlk/gamedata/equip/2052.png,"{""equipmentId"":2012,""equipmentName"":""泰坦的坚决"",""equipmentImg"":""https://game.gtimg.cn/images/lol/act/jkzlk/gamedata/equip/2052.png""}"
157,138,1,2016,班克斯的魔法帽,https://game.gtimg.cn/images/lol/act/jkzlk/gamedata/equip/2016.png,"{""equipmentId"":2016,""equipmentName"":""班克斯的魔法帽"",""equipmentImg"":""https://game.gtimg.cn/images/lol/act/jkzlk/gamedata/equip/2016.png""}"
158,138,2,2020,莫雷洛秘典,https://game.gtimg.cn/images/lol/act/jkzlk/gamedata/equip/2020.png,"{""equipmentId"":2020,""equipmentName"":""莫雷洛秘典"",""equipmentImg"":""https://game.gtimg.cn/images/lol/act/jkzlk/gamedata/equip/2020.png""}"
159,138,3,2023,圣盾使的誓约,https://game.gtimg.cn/images/lol/act/jkzlk/gamedata/equip/2023.png,"{""equipmentId"":2023,""equipmentName"":""圣盾使的誓约"",""equipmentImg"":""https://game.gtimg.cn/images/lol/act/jkzlk/gamedata/equip/2023.png""}"
160,139,1,2025,振奋盔甲,https://game.gtimg.cn/images/lol/act/jkzlk/gamedata/equip/spiritvisage.png,"{""equipmentId"":2025,""equipmentName"":""振奋盔甲"",""equipmentImg"":""https://game.gtimg.cn/images/lol/act/jkzlk/gamedata/equip/spiritvisage.png""}"
161,139,2,2029,日炎斗篷,https://game.gtimg.cn/images/lol/act/jkzlk/gamedata/equip/2329.png,"{""equipmentId"":2029,""equipmentName"":""日炎斗篷"",""equipmentImg"":""https://game.gtimg.cn/images/lol/act/jkzlk/gamedata/equip/2329.png""}"
162,139,3,2032,薄暮法袍,https://game.gtimg.cn/images/lol/act/jkzlk/gamedata/equip/evenshroud.png,"{""equipmentId"":2032,""equipmentName"":""薄暮法袍"",""equipmentImg"":""https://game.gtimg.cn/images/lol/act/jkzlk/gamedata/equip/evenshroud.png""}"
163,145,1,2006,汲取剑,https://game.gtimg.cn/images/lol/act/jkzlk/gamedata/equip/2006.png,"{""equipmentId"":2006,""equipmentName"":""汲取剑"",""equipmentImg"":""https://game.gtimg.cn/images/lol/act/jkzlk/gamedata/equip/2006.png""}"
164,145,2,2011,虚空之杖,https://game.gtimg.cn/images/lol/act/jkzlk/gamedata/equip/voidstaff.png,"{""equipmentId"":2011,""equipmentName"":""虚空之杖"",""equipmentImg"":""https://game.gtimg.cn/images/lol/act/jkzlk/gamedata/equip/voidstaff.png""}"
165,145,3,2020,莫雷洛秘典,https://game.gtimg.cn/images/lol/act/jkzlk/gamedata/equip/2020.png,"{""equipmentId"":2020,""equipmentName"":""莫雷洛秘典"",""equipmentImg"":""https://game.gtimg.cn/images/lol/act/jkzlk/gamedata/equip/2020.png""}"
166,146,1,2004,朔极之矛,https://game.gtimg.cn/images/lol/act/jkzlk/gamedata/equip/2004.png,"{""equipmentId"":2004,""equipmentName"":""朔极之矛"",""equipmentImg"":""https://game.gtimg.cn/images/lol/act/jkzlk/gamedata/equip/2004.png""}"
167,146,2,2037,最后的轻语,https://game.gtimg.cn/images/lol/act/jkzlk/gamedata/equip/2053.png,"{""equipmentId"":2037,""equipmentName"":""最后的轻语"",""equipmentImg"":""https://game.gtimg.cn/images/lol/act/jkzlk/gamedata/equip/2053.png""}"
168,146,3,2042,强袭者的链枷,https://game.gtimg.cn/images/lol/act/jkzlk/gamedata/equip/strikersflail.png,"{""equipmentId"":2042,""equipmentName"":""强袭者的链枷"",""equipmentImg"":""https://game.gtimg.cn/images/lol/act/jkzlk/gamedata/equip/strikersflail.png""}"
169,147,1,2024,适应性头盔,https://game.gtimg.cn/images/lol/act/jkzlk/gamedata/equip/adaptivehelm.png,"{""equipmentId"":2024,""equipmentName"":""适应性头盔"",""equipmentImg"":""https://game.gtimg.cn/images/lol/act/jkzlk/gamedata/equip/adaptivehelm.png""}"
170,147,2,2029,日炎斗篷,https://game.gtimg.cn/images/lol/act/jkzlk/gamedata/equip/2329.png,"{""equipmentId"":2029,""equipmentName"":""日炎斗篷"",""equipmentImg"":""https://game.gtimg.cn/images/lol/act/jkzlk/gamedata/equip/2329.png""}"
171,147,3,2032,薄暮法袍,https://game.gtimg.cn/images/lol/act/jkzlk/gamedata/equip/evenshroud.png,"{""equipmentId"":2032,""equipmentName"":""薄暮法袍"",""equipmentImg"":""https://game.gtimg.cn/images/lol/act/jkzlk/gamedata/equip/evenshroud.png""}"
172,153,1,2025,振奋盔甲,https://game.gtimg.cn/images/lol/act/jkzlk/gamedata/equip/spiritvisage.png,"{""equipmentId"":2025,""equipmentName"":""振奋盔甲"",""equipmentImg"":""https://game.gtimg.cn/images/lol/act/jkzlk/gamedata/equip/spiritvisage.png""}"
173,153,2,2029,日炎斗篷,https://game.gtimg.cn/images/lol/act/jkzlk/gamedata/equip/2329.png,"{""equipmentId"":2029,""equipmentName"":""日炎斗篷"",""equipmentImg"":""https://game.gtimg.cn/images/lol/act/jkzlk/gamedata/equip/2329.png""}"
174,153,3,2032,薄暮法袍,https://game.gtimg.cn/images/lol/act/jkzlk/gamedata/equip/evenshroud.png,"{""equipmentId"":2032,""equipmentName"":""薄暮法袍"",""equipmentImg"":""https://game.gtimg.cn/images/lol/act/jkzlk/gamedata/equip/evenshroud.png""}"
175,154,1,2003,海克斯科技枪刃,https://game.gtimg.cn/images/lol/act/jkzlk/gamedata/equip/2003.png,"{""equipmentId"":2003,""equipmentName"":""海克斯科技枪刃"",""equipmentImg"":""https://game.gtimg.cn/images/lol/act/jkzlk/gamedata/equip/2003.png""}"
176,154,2,2010,鬼索的狂暴之刃,https://game.gtimg.cn/images/lol/act/jkzlk/gamedata/equip/2010.png,"{""equipmentId"":2010,""equipmentName"":""鬼索的狂暴之刃"",""equipmentImg"":""https://game.gtimg.cn/images/lol/act/jkzlk/gamedata/equip/2010.png""}"
177,154,3,2038,珠光护手,https://game.gtimg.cn/images/lol/act/jkzlk/gamedata/equip/2038.png,"{""equipmentId"":2038,""equipmentName"":""珠光护手"",""equipmentImg"":""https://game.gtimg.cn/images/lol/act/jkzlk/gamedata/equip/2038.png""}"
178,155,1,2009,红霸符,https://game.gtimg.cn/images/lol/act/jkzlk/gamedata/equip/2009.png,"{""equipmentId"":2009,""equipmentName"":""红霸符"",""equipmentImg"":""https://game.gtimg.cn/images/lol/act/jkzlk/gamedata/equip/2009.png""}"
179,155,2,2011,虚空之杖,https://game.gtimg.cn/images/lol/act/jkzlk/gamedata/equip/voidstaff.png,"{""equipmentId"":2011,""equipmentName"":""虚空之杖"",""equipmentImg"":""https://game.gtimg.cn/images/lol/act/jkzlk/gamedata/equip/voidstaff.png""}"
180,155,3,2038,珠光护手,https://game.gtimg.cn/images/lol/act/jkzlk/gamedata/equip/2038.png,"{""equipmentId"":2038,""equipmentName"":""珠光护手"",""equipmentImg"":""https://game.gtimg.cn/images/lol/act/jkzlk/gamedata/equip/2038.png""}"
181,161,1,2025,振奋盔甲,https://game.gtimg.cn/images/lol/act/jkzlk/gamedata/equip/spiritvisage.png,"{""equipmentId"":2025,""equipmentName"":""振奋盔甲"",""equipmentImg"":""https://game.gtimg.cn/images/lol/act/jkzlk/gamedata/equip/spiritvisage.png""}"
182,161,2,2027,棘刺背心,https://game.gtimg.cn/images/lol/act/jkzlk/gamedata/equip/2054.png,"{""equipmentId"":2027,""equipmentName"":""棘刺背心"",""equipmentImg"":""https://game.gtimg.cn/images/lol/act/jkzlk/gamedata/equip/2054.png""}"
183,161,3,2028,石像鬼石板甲,https://game.gtimg.cn/images/lol/act/jkzlk/gamedata/equip/2248.png,"{""equipmentId"":2028,""equipmentName"":""石像鬼石板甲"",""equipmentImg"":""https://game.gtimg.cn/images/lol/act/jkzlk/gamedata/equip/2248.png""}"
184,162,1,2004,朔极之矛,https://game.gtimg.cn/images/lol/act/jkzlk/gamedata/equip/2004.png,"{""equipmentId"":2004,""equipmentName"":""朔极之矛"",""equipmentImg"":""https://game.gtimg.cn/images/lol/act/jkzlk/gamedata/equip/2004.png""}"
185,162,2,2014,纳什之牙,https://game.gtimg.cn/images/lol/act/jkzlk/gamedata/equip/nashorstooth.png,"{""equipmentId"":2014,""equipmentName"":""纳什之牙"",""equipmentImg"":""https://game.gtimg.cn/images/lol/act/jkzlk/gamedata/equip/nashorstooth.png""}"
186,162,3,2038,珠光护手,https://game.gtimg.cn/images/lol/act/jkzlk/gamedata/equip/2038.png,"{""equipmentId"":2038,""equipmentName"":""珠光护手"",""equipmentImg"":""https://game.gtimg.cn/images/lol/act/jkzlk/gamedata/equip/2038.png""}"
187,163,1,2004,朔极之矛,https://game.gtimg.cn/images/lol/act/jkzlk/gamedata/equip/2004.png,"{""equipmentId"":2004,""equipmentName"":""朔极之矛"",""equipmentImg"":""https://game.gtimg.cn/images/lol/act/jkzlk/gamedata/equip/2004.png""}"
188,163,2,2011,虚空之杖,https://game.gtimg.cn/images/lol/act/jkzlk/gamedata/equip/voidstaff.png,"{""equipmentId"":2011,""equipmentName"":""虚空之杖"",""equipmentImg"":""https://game.gtimg.cn/images/lol/act/jkzlk/gamedata/equip/voidstaff.png""}"
189,163,3,2038,珠光护手,https://game.gtimg.cn/images/lol/act/jkzlk/gamedata/equip/2038.png,"{""equipmentId"":2038,""equipmentName"":""珠光护手"",""equipmentImg"":""https://game.gtimg.cn/images/lol/act/jkzlk/gamedata/equip/2038.png""}"
190,169,1,2025,振奋盔甲,https://game.gtimg.cn/images/lol/act/jkzlk/gamedata/equip/spiritvisage.png,"{""equipmentId"":2025,""equipmentName"":""振奋盔甲"",""equipmentImg"":""https://game.gtimg.cn/images/lol/act/jkzlk/gamedata/equip/spiritvisage.png""}"
191,169,2,2028,石像鬼石板甲,https://game.gtimg.cn/images/lol/act/jkzlk/gamedata/equip/2248.png,"{""equipmentId"":2028,""equipmentName"":""石像鬼石板甲"",""equipmentImg"":""https://game.gtimg.cn/images/lol/act/jkzlk/gamedata/equip/2248.png""}"
192,169,3,2031,巨龙之爪,https://game.gtimg.cn/images/lol/act/jkzlk/gamedata/equip/2031.png,"{""equipmentId"":2031,""equipmentName"":""巨龙之爪"",""equipmentImg"":""https://game.gtimg.cn/images/lol/act/jkzlk/gamedata/equip/2031.png""}"
193,170,1,2004,朔极之矛,https://game.gtimg.cn/images/lol/act/jkzlk/gamedata/equip/2004.png,"{""equipmentId"":2004,""equipmentName"":""朔极之矛"",""equipmentImg"":""https://game.gtimg.cn/images/lol/act/jkzlk/gamedata/equip/2004.png""}"
194,170,2,2014,纳什之牙,https://game.gtimg.cn/images/lol/act/jkzlk/gamedata/equip/nashorstooth.png,"{""equipmentId"":2014,""equipmentName"":""纳什之牙"",""equipmentImg"":""https://game.gtimg.cn/images/lol/act/jkzlk/gamedata/equip/nashorstooth.png""}"
195,170,3,2038,珠光护手,https://game.gtimg.cn/images/lol/act/jkzlk/gamedata/equip/2038.png,"{""equipmentId"":2038,""equipmentName"":""珠光护手"",""equipmentImg"":""https://game.gtimg.cn/images/lol/act/jkzlk/gamedata/equip/2038.png""}"
196,171,1,2006,汲取剑,https://game.gtimg.cn/images/lol/act/jkzlk/gamedata/equip/2006.png,"{""equipmentId"":2006,""equipmentName"":""汲取剑"",""equipmentImg"":""https://game.gtimg.cn/images/lol/act/jkzlk/gamedata/equip/2006.png""}"
197,171,2,2010,鬼索的狂暴之刃,https://game.gtimg.cn/images/lol/act/jkzlk/gamedata/equip/2010.png,"{""equipmentId"":2010,""equipmentName"":""鬼索的狂暴之刃"",""equipmentImg"":""https://game.gtimg.cn/images/lol/act/jkzlk/gamedata/equip/2010.png""}"
198,171,3,2012,泰坦的坚决,https://game.gtimg.cn/images/lol/act/jkzlk/gamedata/equip/2052.png,"{""equipmentId"":2012,""equipmentName"":""泰坦的坚决"",""equipmentImg"":""https://game.gtimg.cn/images/lol/act/jkzlk/gamedata/equip/2052.png""}"
199,177,1,2004,朔极之矛,https://game.gtimg.cn/images/lol/act/jkzlk/gamedata/equip/2004.png,"{""equipmentId"":2004,""equipmentName"":""朔极之矛"",""equipmentImg"":""https://game.gtimg.cn/images/lol/act/jkzlk/gamedata/equip/2004.png""}"
200,177,2,2014,纳什之牙,https://game.gtimg.cn/images/lol/act/jkzlk/gamedata/equip/nashorstooth.png,"{""equipmentId"":2014,""equipmentName"":""纳什之牙"",""equipmentImg"":""https://game.gtimg.cn/images/lol/act/jkzlk/gamedata/equip/nashorstooth.png""}"
201,177,3,2038,珠光护手,https://game.gtimg.cn/images/lol/act/jkzlk/gamedata/equip/2038.png,"{""equipmentId"":2038,""equipmentName"":""珠光护手"",""equipmentImg"":""https://game.gtimg.cn/images/lol/act/jkzlk/gamedata/equip/2038.png""}"
202,178,1,2024,适应性头盔,https://game.gtimg.cn/images/lol/act/jkzlk/gamedata/equip/adaptivehelm.png,"{""equipmentId"":2024,""equipmentName"":""适应性头盔"",""equipmentImg"":""https://game.gtimg.cn/images/lol/act/jkzlk/gamedata/equip/adaptivehelm.png""}"
203,178,2,2028,石像鬼石板甲,https://game.gtimg.cn/images/lol/act/jkzlk/gamedata/equip/2248.png,"{""equipmentId"":2028,""equipmentName"":""石像鬼石板甲"",""equipmentImg"":""https://game.gtimg.cn/images/lol/act/jkzlk/gamedata/equip/2248.png""}"
204,178,3,2029,日炎斗篷,https://game.gtimg.cn/images/lol/act/jkzlk/gamedata/equip/2329.png,"{""equipmentId"":2029,""equipmentName"":""日炎斗篷"",""equipmentImg"":""https://game.gtimg.cn/images/lol/act/jkzlk/gamedata/equip/2329.png""}"
205,179,1,2010,鬼索的狂暴之刃,https://game.gtimg.cn/images/lol/act/jkzlk/gamedata/equip/2010.png,"{""equipmentId"":2010,""equipmentName"":""鬼索的狂暴之刃"",""equipmentImg"":""https://game.gtimg.cn/images/lol/act/jkzlk/gamedata/equip/2010.png""}"
206,179,2,2018,冕卫,https://game.gtimg.cn/images/lol/act/jkzlk/gamedata/equip/crownguard.png,"{""equipmentId"":2018,""equipmentName"":""冕卫"",""equipmentImg"":""https://game.gtimg.cn/images/lol/act/jkzlk/gamedata/equip/crownguard.png""}"
207,179,3,2038,珠光护手,https://game.gtimg.cn/images/lol/act/jkzlk/gamedata/equip/2038.png,"{""equipmentId"":2038,""equipmentName"":""珠光护手"",""equipmentImg"":""https://game.gtimg.cn/images/lol/act/jkzlk/gamedata/equip/2038.png""}"
208,185,1,2014,纳什之牙,https://game.gtimg.cn/images/lol/act/jkzlk/gamedata/equip/nashorstooth.png,"{""equipmentId"":2014,""equipmentName"":""纳什之牙"",""equipmentImg"":""https://game.gtimg.cn/images/lol/act/jkzlk/gamedata/equip/nashorstooth.png""}"
209,185,2,2038,珠光护手,https://game.gtimg.cn/images/lol/act/jkzlk/gamedata/equip/2038.png,"{""equipmentId"":2038,""equipmentName"":""珠光护手"",""equipmentImg"":""https://game.gtimg.cn/images/lol/act/jkzlk/gamedata/equip/2038.png""}"
210,185,3,41618,神谕者纹章,https://game.gtimg.cn/images/lol/act/jkzlk/gamedata/equip/41618.png,"{""equipmentId"":41618,""equipmentName"":""神谕者纹章"",""equipmentImg"":""https://game.gtimg.cn/images/lol/act/jkzlk/gamedata/equip/41618.png""}"
211,186,1,2004,朔极之矛,https://game.gtimg.cn/images/lol/act/jkzlk/gamedata/equip/2004.png,"{""equipmentId"":2004,""equipmentName"":""朔极之矛"",""equipmentImg"":""https://game.gtimg.cn/images/lol/act/jkzlk/gamedata/equip/2004.png""}"
212,186,2,2014,纳什之牙,https://game.gtimg.cn/images/lol/act/jkzlk/gamedata/equip/nashorstooth.png,"{""equipmentId"":2014,""equipmentName"":""纳什之牙"",""equipmentImg"":""https://game.gtimg.cn/images/lol/act/jkzlk/gamedata/equip/nashorstooth.png""}"
213,186,3,2038,珠光护手,https://game.gtimg.cn/images/lol/act/jkzlk/gamedata/equip/2038.png,"{""equipmentId"":2038,""equipmentName"":""珠光护手"",""equipmentImg"":""https://game.gtimg.cn/images/lol/act/jkzlk/gamedata/equip/2038.png""}"
214,187,1,2007,斯特拉克的挑战护手,https://game.gtimg.cn/images/lol/act/jkzlk/gamedata/equip/steraksgage.png,"{""equipmentId"":2007,""equipmentName"":""斯特拉克的挑战护手"",""equipmentImg"":""https://game.gtimg.cn/images/lol/act/jkzlk/gamedata/equip/steraksgage.png""}"
215,187,2,2012,泰坦的坚决,https://game.gtimg.cn/images/lol/act/jkzlk/gamedata/equip/2052.png,"{""equipmentId"":2012,""equipmentName"":""泰坦的坚决"",""equipmentImg"":""https://game.gtimg.cn/images/lol/act/jkzlk/gamedata/equip/2052.png""}"
216,187,3,2024,适应性头盔,https://game.gtimg.cn/images/lol/act/jkzlk/gamedata/equip/adaptivehelm.png,"{""equipmentId"":2024,""equipmentName"":""适应性头盔"",""equipmentImg"":""https://game.gtimg.cn/images/lol/act/jkzlk/gamedata/equip/adaptivehelm.png""}"
217,193,1,2013,海妖之怒,https://game.gtimg.cn/images/lol/act/jkzlk/gamedata/equip/krakensfury.png,"{""equipmentId"":2013,""equipmentName"":""海妖之怒"",""equipmentImg"":""https://game.gtimg.cn/images/lol/act/jkzlk/gamedata/equip/krakensfury.png""}"
218,193,2,2041,水银,https://game.gtimg.cn/images/lol/act/jkzlk/gamedata/equip/2041.png,"{""equipmentId"":2041,""equipmentName"":""水银"",""equipmentImg"":""https://game.gtimg.cn/images/lol/act/jkzlk/gamedata/equip/2041.png""}"
219,193,3,2046,巨人捕手,https://game.gtimg.cn/images/lol/act/jkzlk/gamedata/equip/2046.png,"{""equipmentId"":2046,""equipmentName"":""巨人捕手"",""equipmentImg"":""https://game.gtimg.cn/images/lol/act/jkzlk/gamedata/equip/2046.png""}"
220,195,1,2023,圣盾使的誓约,https://game.gtimg.cn/images/lol/act/jkzlk/gamedata/equip/2023.png,"{""equipmentId"":2023,""equipmentName"":""圣盾使的誓约"",""equipmentImg"":""https://game.gtimg.cn/images/lol/act/jkzlk/gamedata/equip/2023.png""}"
221,195,2,2029,日炎斗篷,https://game.gtimg.cn/images/lol/act/jkzlk/gamedata/equip/2329.png,"{""equipmentId"":2029,""equipmentName"":""日炎斗篷"",""equipmentImg"":""https://game.gtimg.cn/images/lol/act/jkzlk/gamedata/equip/2329.png""}"
222,195,3,2032,薄暮法袍,https://game.gtimg.cn/images/lol/act/jkzlk/gamedata/equip/evenshroud.png,"{""equipmentId"":2032,""equipmentName"":""薄暮法袍"",""equipmentImg"":""https://game.gtimg.cn/images/lol/act/jkzlk/gamedata/equip/evenshroud.png""}"
