_row_id,batch_id,trait_id,trait_name,trait_img,trend,all_pick_rate_main,all_pick_rate_sub,avg_ranking,pick_rate_4,pick_rate_1,extra_index,extra_num,extra_color,raw_json
1,3,82510101,2 护卫,https://game.gtimg.cn/images/lol/act/jkzlk/mode16s17/trait/s16_trait_icon_defender.png,0,58.22,4.65,4.49,50.22,12.61,1,2,1,"{""id"":82510101,""name"":""2 护卫"",""img"":""https://game.gtimg.cn/images/lol/act/jkzlk/mode16s17/trait/s16_trait_icon_defender.png"",""numList"":[""2"",""4"",""6""],""trend"":0,""extraData"":{""index"":1,""num"":2,""color"":1},""allPickRate"":[58.22,4.65],""avgRanking"":4.49,""pickRate_4"":50.22,""pickRate_1"":12.61}"
2,3,82900101,2 皮尔特沃夫,https://game.gtimg.cn/images/lol/act/jkzlk/mode16s17/trait/s16_trait_icon_piltover.png,2,46.07,3.68,4.44,51.58,9.8,1,2,1,"{""id"":82900101,""name"":""2 皮尔特沃夫"",""img"":""https://game.gtimg.cn/images/lol/act/jkzlk/mode16s17/trait/s16_trait_icon_piltover.png"",""numList"":[""2"",""4"",""6""],""trend"":2,""extraData"":{""index"":1,""num"":2,""color"":1},""allPickRate"":[46.07,3.68],""avgRanking"":4.44,""pickRate_4"":51.58,""pickRate_1"":9.8}"
3,3,82560101,2 主宰,https://game.gtimg.cn/images/lol/act/jkzlk/mode16s17/trait/s16_trait_icon_juggernaut.png,1,40.64,3.25,4.09,56.3,18.87,1,2,1,"{""id"":82560101,""name"":""2 主宰"",""img"":""https://game.gtimg.cn/images/lol/act/jkzlk/mode16s17/trait/s16_trait_icon_juggernaut.png"",""numList"":[""2"",""4"",""6""],""trend"":1,""extraData"":{""index"":1,""num"":2,""color"":1},""allPickRate"":[40.64,3.25],""avgRanking"":4.09,""pickRate_4"":56.3,""pickRate_1"":18.87}"
4,3,82740101,1 龙血武姬,https://game.gtimg.cn/images/lol/act/jkzlk/mode16s17/trait/s16_trait_icon_dragonborn.png,1,39.45,3.15,3.89,60.1,20.97,1,1,5,"{""id"":82740101,""name"":""1 龙血武姬"",""img"":""https://game.gtimg.cn/images/lol/act/jkzlk/mode16s17/trait/s16_trait_icon_dragonborn.png"",""numList"":[""1""],""trend"":1,""extraData"":{""index"":1,""num"":1,""color"":5},""allPickRate"":[39.45,3.15],""avgRanking"":3.89,""pickRate_4"":60.1,""pickRate_1"":20.97}"
5,3,82570101,2 法师,https://game.gtimg.cn/images/lol/act/jkzlk/mode16s17/trait/s16_trait_icon_arcanist.png,1,36.45,2.91,4.18,56.02,15.07,1,2,1,"{""id"":82570101,""name"":""2 法师"",""img"":""https://game.gtimg.cn/images/lol/act/jkzlk/mode16s17/trait/s16_trait_icon_arcanist.png"",""numList"":[""2"",""4"",""6""],""trend"":1,""extraData"":{""index"":1,""num"":2,""color"":1},""allPickRate"":[36.45,2.91],""avgRanking"":4.18,""pickRate_4"":56.02,""pickRate_1"":15.07}"
6,3,82760101,1 系魂圣枪,https://game.gtimg.cn/images/lol/act/jkzlk/mode16s17/trait/s16_trait_icon_soulbound.png,1,34.23,2.73,3.92,59.91,20.43,1,1,5,"{""id"":82760101,""name"":""1 系魂圣枪"",""img"":""https://game.gtimg.cn/images/lol/act/jkzlk/mode16s17/trait/s16_trait_icon_soulbound.png"",""numList"":[""1""],""trend"":1,""extraData"":{""index"":1,""num"":1,""color"":5},""allPickRate"":[34.23,2.73],""avgRanking"":3.92,""pickRate_4"":59.91,""pickRate_1"":20.43}"
7,3,82520101,1 巨神峰,https://game.gtimg.cn/images/lol/act/jkzlk/mode16s17/trait/s16_trait_icon_targon.png,0,23.11,1.84,4.53,49.2,11.74,1,1,3,"{""id"":82520101,""name"":""1 巨神峰"",""img"":""https://game.gtimg.cn/images/lol/act/jkzlk/mode16s17/trait/s16_trait_icon_targon.png"",""numList"":[""1"",""2"",""3"",""4"",""5"",""6""],""trend"":0,""extraData"":{""index"":1,""num"":1,""color"":3},""allPickRate"":[23.11,1.84],""avgRanking"":4.53,""pickRate_4"":49.2,""pickRate_1"":11.74}"
8,3,82650101,1 解脱者,https://game.gtimg.cn/images/lol/act/jkzlk/mode16s17/trait/s16_trait_icon_chainbreaker.png,0,23.02,1.84,3.32,71.21,26.58,1,1,5,"{""id"":82650101,""name"":""1 解脱者"",""img"":""https://game.gtimg.cn/images/lol/act/jkzlk/mode16s17/trait/s16_trait_icon_chainbreaker.png"",""numList"":[""1""],""trend"":0,""extraData"":{""index"":1,""num"":1,""color"":5},""allPickRate"":[23.02,1.84],""avgRanking"":3.32,""pickRate_4"":71.21,""pickRate_1"":26.58}"
9,3,82580101,2 神盾使,https://game.gtimg.cn/images/lol/act/jkzlk/mode16s17/trait/s16_trait_icon_warden.png,0,21.73,1.73,4.42,51.25,10.64,1,2,1,"{""id"":82580101,""name"":""2 神盾使"",""img"":""https://game.gtimg.cn/images/lol/act/jkzlk/mode16s17/trait/s16_trait_icon_warden.png"",""numList"":[""2"",""3"",""4"",""5""],""trend"":0,""extraData"":{""index"":1,""num"":2,""color"":1},""allPickRate"":[21.73,1.73],""avgRanking"":4.42,""pickRate_4"":51.25,""pickRate_1"":10.64}"
10,3,82590101,2 迅击战士,https://game.gtimg.cn/images/lol/act/jkzlk/mode16s17/trait/s16_trait_icon_quickstriker.png,1,21.73,1.73,4.33,52.14,14.44,1,2,1,"{""id"":82590101,""name"":""2 迅击战士"",""img"":""https://game.gtimg.cn/images/lol/act/jkzlk/mode16s17/trait/s16_trait_icon_quickstriker.png"",""numList"":[""2"",""3"",""4"",""5""],""trend"":1,""extraData"":{""index"":1,""num"":2,""color"":1},""allPickRate"":[21.73,1.73],""avgRanking"":4.33,""pickRate_4"":52.14,""pickRate_1"":14.44}"
11,3,82920101,1 山隐之焰,https://game.gtimg.cn/images/lol/act/jkzlk/mode16s17/trait/s16_trait_icon_blacksmith.png,0,20.89,1.67,4.28,52.25,18.17,1,1,5,"{""id"":82920101,""name"":""1 山隐之焰"",""img"":""https://game.gtimg.cn/images/lol/act/jkzlk/mode16s17/trait/s16_trait_icon_blacksmith.png"",""numList"":[""1""],""trend"":0,""extraData"":{""index"":1,""num"":1,""color"":5},""allPickRate"":[20.89,1.67],""avgRanking"":4.28,""pickRate_4"":52.25,""pickRate_1"":18.17}"
12,3,82660101,1 永猎双子,https://game.gtimg.cn/images/lol/act/jkzlk/mode16s17/trait/s16_trait_icon_eternal.png,1,19.99,1.59,4.15,55.28,17.59,1,1,5,"{""id"":82660101,""name"":""1 永猎双子"",""img"":""https://game.gtimg.cn/images/lol/act/jkzlk/mode16s17/trait/s16_trait_icon_eternal.png"",""numList"":[""1""],""trend"":1,""extraData"":{""index"":1,""num"":1,""color"":5},""allPickRate"":[19.99,1.59],""avgRanking"":4.15,""pickRate_4"":55.28,""pickRate_1"":17.59}"
13,3,82610101,2 斗士,https://game.gtimg.cn/images/lol/act/jkzlk/mode16s17/trait/s16_trait_icon_brawler.png,1,18.74,1.49,4.24,54.24,14.46,1,2,1,"{""id"":82610101,""name"":""2 斗士"",""img"":""https://game.gtimg.cn/images/lol/act/jkzlk/mode16s17/trait/s16_trait_icon_brawler.png"",""numList"":[""2"",""4"",""6""],""trend"":1,""extraData"":{""index"":1,""num"":2,""color"":1},""allPickRate"":[18.74,1.49],""avgRanking"":4.24,""pickRate_4"":54.24,""pickRate_1"":14.46}"
14,3,82600101,2 枪手,https://game.gtimg.cn/images/lol/act/jkzlk/mode16s17/trait/s16_trait_icon_gunslinger.png,1,16.12,1.28,4.27,53.93,13.71,1,2,1,"{""id"":82600101,""name"":""2 枪手"",""img"":""https://game.gtimg.cn/images/lol/act/jkzlk/mode16s17/trait/s16_trait_icon_gunslinger.png"",""numList"":[""2"",""4""],""trend"":1,""extraData"":{""index"":1,""num"":2,""color"":1},""allPickRate"":[16.12,1.28],""avgRanking"":4.27,""pickRate_4"":53.93,""pickRate_1"":13.71}"
15,3,82820101,1 正义巨像,https://game.gtimg.cn/images/lol/act/jkzlk/mode16s17/trait/s16_trait_icon_heroic.png,2,14.96,1.19,3.53,71.05,15.16,1,1,5,"{""id"":82820101,""name"":""1 正义巨像"",""img"":""https://game.gtimg.cn/images/lol/act/jkzlk/mode16s17/trait/s16_trait_icon_heroic.png"",""numList"":[""1""],""trend"":2,""extraData"":{""index"":1,""num"":1,""color"":5},""allPickRate"":[14.96,1.19],""avgRanking"":3.53,""pickRate_4"":71.05,""pickRate_1"":15.16}"
16,3,82510102,4 护卫,https://game.gtimg.cn/images/lol/act/jkzlk/mode16s17/trait/s16_trait_icon_defender.png,2,13.97,1.11,4.2,56.25,11.05,2,4,2,"{""id"":82510102,""name"":""4 护卫"",""img"":""https://game.gtimg.cn/images/lol/act/jkzlk/mode16s17/trait/s16_trait_icon_defender.png"",""numList"":[""2"",""4"",""6""],""trend"":2,""extraData"":{""index"":2,""num"":4,""color"":2},""allPickRate"":[13.97,1.11],""avgRanking"":4.2,""pickRate_4"":56.25,""pickRate_1"":11.05}"
17,3,82500101,2 虚空,https://game.gtimg.cn/images/lol/act/jkzlk/mode16s17/trait/s16_trait_icon_void.png,0,13.82,1.1,4.25,56.53,6.68,1,2,1,"{""id"":82500101,""name"":""2 虚空"",""img"":""https://game.gtimg.cn/images/lol/act/jkzlk/mode16s17/trait/s16_trait_icon_void.png"",""numList"":[""2"",""4"",""6"",""9""],""trend"":0,""extraData"":{""index"":1,""num"":2,""color"":1},""allPickRate"":[13.82,1.1],""avgRanking"":4.25,""pickRate_4"":56.53,""pickRate_1"":6.68}"
18,3,82850101,2 耀光使,https://game.gtimg.cn/images/lol/act/jkzlk/mode16s17/trait/s16_trait_icon_disruptor.png,2,13.02,1.04,4.23,56.44,7.54,1,2,1,"{""id"":82850101,""name"":""2 耀光使"",""img"":""https://game.gtimg.cn/images/lol/act/jkzlk/mode16s17/trait/s16_trait_icon_disruptor.png"",""numList"":[""2"",""4""],""trend"":2,""extraData"":{""index"":1,""num"":2,""color"":1},""allPickRate"":[13.02,1.04],""avgRanking"":4.23,""pickRate_4"":56.44,""pickRate_1"":7.54}"
19,3,82670101,1 远古恐惧,https://game.gtimg.cn/images/lol/act/jkzlk/mode16s17/trait/s16_trait_icon_harvester.png,1,12.03,0.96,4.02,57.79,19.87,1,1,5,"{""id"":82670101,""name"":""1 远古恐惧"",""img"":""https://game.gtimg.cn/images/lol/act/jkzlk/mode16s17/trait/s16_trait_icon_harvester.png"",""numList"":[""1""],""trend"":1,""extraData"":{""index"":1,""num"":1,""color"":5},""allPickRate"":[12.03,0.96],""avgRanking"":4.02,""pickRate_4"":57.79,""pickRate_1"":19.87}"
20,3,82960101,3 德玛西亚,https://game.gtimg.cn/images/lol/act/jkzlk/mode16s17/trait/s16_trait_icon_demacia.png,2,11.76,0.94,5.05,37.33,6.6,1,3,1,"{""id"":82960101,""name"":""3 德玛西亚"",""img"":""https://game.gtimg.cn/images/lol/act/jkzlk/mode16s17/trait/s16_trait_icon_demacia.png"",""numList"":[""3"",""5"",""7"",""11""],""trend"":2,""extraData"":{""index"":1,""num"":3,""color"":1},""allPickRate"":[11.76,0.94],""avgRanking"":5.05,""pickRate_4"":37.33,""pickRate_1"":6.6}"
21,3,82780101,1 河流之王,https://game.gtimg.cn/images/lol/act/jkzlk/mode16s17/trait/s16_trait_icon_glutton.png,1,11.46,0.91,4.15,54.6,16.39,1,1,5,"{""id"":82780101,""name"":""1 河流之王"",""img"":""https://game.gtimg.cn/images/lol/act/jkzlk/mode16s17/trait/s16_trait_icon_glutton.png"",""numList"":[""1""],""trend"":1,""extraData"":{""index"":1,""num"":1,""color"":5},""allPickRate"":[11.46,0.91],""avgRanking"":4.15,""pickRate_4"":54.6,""pickRate_1"":16.39}"
22,3,82860101,1 星界游神,https://game.gtimg.cn/images/lol/act/jkzlk/mode16s17/trait/s16_trait_icon_caretaker.png,2,11.34,0.9,5.32,36.73,5.12,1,1,5,"{""id"":82860101,""name"":""1 星界游神"",""img"":""https://game.gtimg.cn/images/lol/act/jkzlk/mode16s17/trait/s16_trait_icon_caretaker.png"",""numList"":[""1""],""trend"":2,""extraData"":{""index"":1,""num"":1,""color"":5},""allPickRate"":[11.34,0.9],""avgRanking"":5.32,""pickRate_4"":36.73,""pickRate_1"":5.12}"
23,3,82620101,3 诺克萨斯,https://game.gtimg.cn/images/lol/act/jkzlk/mode16s17/trait/s16_trait_icon_noxus.png,1,10.67,0.85,4.58,46.92,14.36,1,3,1,"{""id"":82620101,""name"":""3 诺克萨斯"",""img"":""https://game.gtimg.cn/images/lol/act/jkzlk/mode16s17/trait/s16_trait_icon_noxus.png"",""numList"":[""3"",""5"",""7"",""10""],""trend"":1,""extraData"":{""index"":1,""num"":3,""color"":1},""allPickRate"":[10.67,0.85],""avgRanking"":4.58,""pickRate_4"":46.92,""pickRate_1"":14.36}"
24,3,82640101,1 虚空之女,https://game.gtimg.cn/images/lol/act/jkzlk/mode16s17/trait/s16_trait_icon_assimilator.png,2,10.18,0.81,4.47,51.85,7.42,1,1,5,"{""id"":82640101,""name"":""1 虚空之女"",""img"":""https://game.gtimg.cn/images/lol/act/jkzlk/mode16s17/trait/s16_trait_icon_assimilator.png"",""numList"":[""1""],""trend"":2,""extraData"":{""index"":1,""num"":1,""color"":5},""allPickRate"":[10.18,0.81],""avgRanking"":4.47,""pickRate_4"":51.85,""pickRate_1"":7.42}"
25,3,82960102,5 德玛西亚,https://game.gtimg.cn/images/lol/act/jkzlk/mode16s17/trait/s16_trait_icon_demacia.png,2,10.06,0.8,3.57,71.44,13.25,2,5,2,"{""id"":82960102,""name"":""5 德玛西亚"",""img"":""https://game.gtimg.cn/images/lol/act/jkzlk/mode16s17/trait/s16_trait_icon_demacia.png"",""numList"":[""3"",""5"",""7"",""11""],""trend"":2,""extraData"":{""index"":2,""num"":5,""color"":2},""allPickRate"":[10.06,0.8],""avgRanking"":3.57,""pickRate_4"":71.44,""pickRate_1"":13.25}"
26,3,82800101,1 黑暗之女,https://game.gtimg.cn/images/lol/act/jkzlk/mode16s17/trait/s16_trait_icon_darkchild.png,2,9.16,0.73,4.3,52.63,19.47,1,1,5,"{""id"":82800101,""name"":""1 黑暗之女"",""img"":""https://game.gtimg.cn/images/lol/act/jkzlk/mode16s17/trait/s16_trait_icon_darkchild.png"",""numList"":[""1""],""trend"":2,""extraData"":{""index"":1,""num"":1,""color"":5},""allPickRate"":[9.16,0.73],""avgRanking"":4.3,""pickRate_4"":52.63,""pickRate_1"":19.47}"
27,3,82870101,2 狙神,https://game.gtimg.cn/images/lol/act/jkzlk/mode16s17/trait/s16_trait_icon_longshot.png,0,8.88,0.71,4.48,50.15,12.11,1,2,1,"{""id"":82870101,""name"":""2 狙神"",""img"":""https://game.gtimg.cn/images/lol/act/jkzlk/mode16s17/trait/s16_trait_icon_longshot.png"",""numList"":[""2"",""3"",""4"",""5""],""trend"":0,""extraData"":{""index"":1,""num"":2,""color"":1},""allPickRate"":[8.88,0.71],""avgRanking"":4.48,""pickRate_4"":50.15,""pickRate_1"":12.11}"
28,3,82520102,2 巨神峰,https://game.gtimg.cn/images/lol/act/jkzlk/mode16s17/trait/s16_trait_icon_targon.png,2,8.72,0.69,4.45,51.92,5.93,2,2,3,"{""id"":82520102,""name"":""2 巨神峰"",""img"":""https://game.gtimg.cn/images/lol/act/jkzlk/mode16s17/trait/s16_trait_icon_targon.png"",""numList"":[""1"",""2"",""3"",""4"",""5"",""6""],""trend"":2,""extraData"":{""index"":2,""num"":2,""color"":3},""allPickRate"":[8.72,0.69],""avgRanking"":4.45,""pickRate_4"":51.92,""pickRate_1"":5.93}"
29,3,83020101,3 比尔吉沃特,https://game.gtimg.cn/images/lol/act/jkzlk/mode16s17/trait/s16_trait_icon_bilgewater.png,0,8.63,0.69,4.05,57.79,18.13,1,3,1,"{""id"":83020101,""name"":""3 比尔吉沃特"",""img"":""https://game.gtimg.cn/images/lol/act/jkzlk/mode16s17/trait/s16_trait_icon_bilgewater.png"",""numList"":[""3"",""5"",""7"",""10""],""trend"":0,""extraData"":{""index"":1,""num"":3,""color"":1},""allPickRate"":[8.63,0.69],""avgRanking"":4.05,""pickRate_4"":57.79,""pickRate_1"":18.13}"
30,3,82870102,3 狙神,https://game.gtimg.cn/images/lol/act/jkzlk/mode16s17/trait/s16_trait_icon_longshot.png,2,8.48,0.67,4.36,53.92,8.59,2,3,2,"{""id"":82870102,""name"":""3 狙神"",""img"":""https://game.gtimg.cn/images/lol/act/jkzlk/mode16s17/trait/s16_trait_icon_longshot.png"",""numList"":[""2"",""3"",""4"",""5""],""trend"":2,""extraData"":{""index"":2,""num"":3,""color"":2},""allPickRate"":[8.48,0.67],""avgRanking"":4.36,""pickRate_4"":53.92,""pickRate_1"":8.59}"
31,3,82880101,2 神谕者,https://game.gtimg.cn/images/lol/act/jkzlk/mode16s17/trait/s16_trait_icon_invoker.png,0,8.41,0.67,4.92,40.8,16.71,1,2,1,"{""id"":82880101,""name"":""2 神谕者"",""img"":""https://game.gtimg.cn/images/lol/act/jkzlk/mode16s17/trait/s16_trait_icon_invoker.png"",""numList"":[""2"",""4""],""trend"":0,""extraData"":{""index"":1,""num"":2,""color"":1},""allPickRate"":[8.41,0.67],""avgRanking"":4.92,""pickRate_4"":40.8,""pickRate_1"":16.71}"
32,3,82770101,1 狂野女猎手,https://game.gtimg.cn/images/lol/act/jkzlk/mode16s17/trait/s16_trait_icon_huntress.png,2,8.41,0.67,5,38.6,20.66,1,1,5,"{""id"":82770101,""name"":""1 狂野女猎手"",""img"":""https://game.gtimg.cn/images/lol/act/jkzlk/mode16s17/trait/s16_trait_icon_huntress.png"",""numList"":[""1""],""trend"":2,""extraData"":{""index"":1,""num"":1,""color"":5},""allPickRate"":[8.41,0.67],""avgRanking"":5,""pickRate_4"":38.6,""pickRate_1"":20.66}"
33,3,82990101,1 暗裔,https://game.gtimg.cn/images/lol/act/jkzlk/mode16s17/trait/plus_trait_icon_darkin.png,0,8.19,0.65,4.05,56.82,19.39,1,1,1,"{""id"":82990101,""name"":""1 暗裔"",""img"":""https://game.gtimg.cn/images/lol/act/jkzlk/mode16s17/trait/plus_trait_icon_darkin.png"",""numList"":[""1"",""2"",""3""],""trend"":0,""extraData"":{""index"":1,""num"":1,""color"":1},""allPickRate"":[8.19,0.65],""avgRanking"":4.05,""pickRate_4"":56.82,""pickRate_1"":19.39}"
34,3,82930101,3 弗雷尔卓德,https://game.gtimg.cn/images/lol/act/jkzlk/mode16s17/trait/s16_trait_icon_freljord.png,2,7.26,0.58,4.44,51.31,9.2,1,3,1,"{""id"":82930101,""name"":""3 弗雷尔卓德"",""img"":""https://game.gtimg.cn/images/lol/act/jkzlk/mode16s17/trait/s16_trait_icon_freljord.png"",""numList"":[""3"",""5"",""7""],""trend"":2,""extraData"":{""index"":1,""num"":3,""color"":1},""allPickRate"":[7.26,0.58],""avgRanking"":4.44,""pickRate_4"":51.31,""pickRate_1"":9.2}"
35,3,83010102,5 以绪塔尔,https://game.gtimg.cn/images/lol/act/jkzlk/mode16s17/trait/s16_trait_icon_ixtal.png,2,6.03,0.48,5.49,30.23,15.62,2,5,2,"{""id"":83010102,""name"":""5 以绪塔尔"",""img"":""https://game.gtimg.cn/images/lol/act/jkzlk/mode16s17/trait/s16_trait_icon_ixtal.png"",""numList"":[""3"",""5"",""7""],""trend"":2,""extraData"":{""index"":2,""num"":5,""color"":2},""allPickRate"":[6.03,0.48],""avgRanking"":5.49,""pickRate_4"":30.23,""pickRate_1"":15.62}"
36,3,83020102,5 比尔吉沃特,https://game.gtimg.cn/images/lol/act/jkzlk/mode16s17/trait/s16_trait_icon_bilgewater.png,1,5.48,0.43,4.54,47.59,11.23,2,5,2,"{""id"":83020102,""name"":""5 比尔吉沃特"",""img"":""https://game.gtimg.cn/images/lol/act/jkzlk/mode16s17/trait/s16_trait_icon_bilgewater.png"",""numList"":[""3"",""5"",""7"",""10""],""trend"":1,""extraData"":{""index"":2,""num"":5,""color"":2},""allPickRate"":[5.48,0.43],""avgRanking"":4.54,""pickRate_4"":47.59,""pickRate_1"":11.23}"
37,3,82550101,3 祖安,https://game.gtimg.cn/images/lol/act/jkzlk/mode16s17/trait/s16_trait_icon_zaun.png,0,5.46,0.43,4.59,49.08,6.69,1,3,1,"{""id"":82550101,""name"":""3 祖安"",""img"":""https://game.gtimg.cn/images/lol/act/jkzlk/mode16s17/trait/s16_trait_icon_zaun.png"",""numList"":[""3"",""5"",""7""],""trend"":0,""extraData"":{""index"":1,""num"":3,""color"":1},""allPickRate"":[5.46,0.43],""avgRanking"":4.59,""pickRate_4"":49.08,""pickRate_1"":6.69}"
38,3,82890101,1 海克斯机甲,https://game.gtimg.cn/images/lol/act/jkzlk/mode16s17/trait/s16_trait_icon_hexmech.png,2,5.24,0.41,4.54,47.34,15.39,1,1,5,"{""id"":82890101,""name"":""1 海克斯机甲"",""img"":""https://game.gtimg.cn/images/lol/act/jkzlk/mode16s17/trait/s16_trait_icon_hexmech.png"",""numList"":[""1""],""trend"":2,""extraData"":{""index"":1,""num"":1,""color"":5},""allPickRate"":[5.24,0.41],""avgRanking"":4.54,""pickRate_4"":47.34,""pickRate_1"":15.39}"
39,3,82600102,4 枪手,https://game.gtimg.cn/images/lol/act/jkzlk/mode16s17/trait/s16_trait_icon_gunslinger.png,2,4.94,0.39,4.3,52.31,17.39,2,4,3,"{""id"":82600102,""name"":""4 枪手"",""img"":""https://game.gtimg.cn/images/lol/act/jkzlk/mode16s17/trait/s16_trait_icon_gunslinger.png"",""numList"":[""2"",""4""],""trend"":2,""extraData"":{""index"":2,""num"":4,""color"":3},""allPickRate"":[4.94,0.39],""avgRanking"":4.3,""pickRate_4"":52.31,""pickRate_1"":17.39}"
40,3,82570103,6 法师,https://game.gtimg.cn/images/lol/act/jkzlk/mode16s17/trait/s16_trait_icon_arcanist.png,2,4.8,0.38,3.93,59.72,21.08,3,6,3,"{""id"":82570103,""name"":""6 法师"",""img"":""https://game.gtimg.cn/images/lol/act/jkzlk/mode16s17/trait/s16_trait_icon_arcanist.png"",""numList"":[""2"",""4"",""6""],""trend"":2,""extraData"":{""index"":3,""num"":6,""color"":3},""allPickRate"":[4.8,0.38],""avgRanking"":3.93,""pickRate_4"":59.72,""pickRate_1"":21.08}"
41,3,82570102,4 法师,https://game.gtimg.cn/images/lol/act/jkzlk/mode16s17/trait/s16_trait_icon_arcanist.png,0,4.68,0.37,4.19,54.65,20.04,2,4,2,"{""id"":82570102,""name"":""4 法师"",""img"":""https://game.gtimg.cn/images/lol/act/jkzlk/mode16s17/trait/s16_trait_icon_arcanist.png"",""numList"":[""2"",""4"",""6""],""trend"":0,""extraData"":{""index"":2,""num"":4,""color"":2},""allPickRate"":[4.68,0.37],""avgRanking"":4.19,""pickRate_4"":54.65,""pickRate_1"":20.04}"
42,3,83010101,3 以绪塔尔,https://game.gtimg.cn/images/lol/act/jkzlk/mode16s17/trait/s16_trait_icon_ixtal.png,1,4.66,0.37,4.19,54.12,32.52,1,3,1,"{""id"":83010101,""name"":""3 以绪塔尔"",""img"":""https://game.gtimg.cn/images/lol/act/jkzlk/mode16s17/trait/s16_trait_icon_ixtal.png"",""numList"":[""3"",""5"",""7""],""trend"":1,""extraData"":{""index"":1,""num"":3,""color"":1},""allPickRate"":[4.66,0.37],""avgRanking"":4.19,""pickRate_4"":54.12,""pickRate_1"":32.52}"
43,3,82540101,2 裁决战士,https://game.gtimg.cn/images/lol/act/jkzlk/mode16s17/trait/s16_trait_icon_slayer.png,2,4.53,0.36,4.34,53.48,11.91,1,2,1,"{""id"":82540101,""name"":""2 裁决战士"",""img"":""https://game.gtimg.cn/images/lol/act/jkzlk/mode16s17/trait/s16_trait_icon_slayer.png"",""numList"":[""2"",""4"",""6""],""trend"":2,""extraData"":{""index"":1,""num"":2,""color"":1},""allPickRate"":[4.53,0.36],""avgRanking"":4.34,""pickRate_4"":53.48,""pickRate_1"":11.91}"
44,3,82840101,2 约德尔人,https://game.gtimg.cn/images/lol/act/jkzlk/mode16s17/trait/s16_trait_icon_yordle.png,2,4.23,0.33,4.3,53.9,13.25,1,2,1,"{""id"":82840101,""name"":""2 约德尔人"",""img"":""https://game.gtimg.cn/images/lol/act/jkzlk/mode16s17/trait/s16_trait_icon_yordle.png"",""numList"":[""2"",""4"",""6"",""8""],""trend"":2,""extraData"":{""index"":1,""num"":2,""color"":1},""allPickRate"":[4.23,0.33],""avgRanking"":4.3,""pickRate_4"":53.9,""pickRate_1"":13.25}"
45,3,82980101,1 腕豪,https://game.gtimg.cn/images/lol/act/jkzlk/mode16s17/trait/s16_trait_icon_theboss.png,0,3.97,0.31,3.78,64.82,14.95,1,1,5,"{""id"":82980101,""name"":""1 腕豪"",""img"":""https://game.gtimg.cn/images/lol/act/jkzlk/mode16s17/trait/s16_trait_icon_theboss.png"",""numList"":[""1""],""trend"":0,""extraData"":{""index"":1,""num"":1,""color"":5},""allPickRate"":[3.97,0.31],""avgRanking"":3.78,""pickRate_4"":64.82,""pickRate_1"":14.95}"
46,3,82940101,1 时光守护者,https://game.gtimg.cn/images/lol/act/jkzlk/mode16s17/trait/s16_trait_icon_chronokeeper.png,0,3.9,0.31,3.93,58,27.38,1,1,5,"{""id"":82940101,""name"":""1 时光守护者"",""img"":""https://game.gtimg.cn/images/lol/act/jkzlk/mode16s17/trait/s16_trait_icon_chronokeeper.png"",""numList"":[""1""],""trend"":0,""extraData"":{""index"":1,""num"":1,""color"":5},""allPickRate"":[3.9,0.31],""avgRanking"":3.93,""pickRate_4"":58,""pickRate_1"":27.38}"
47,3,82580102,3 神盾使,https://game.gtimg.cn/images/lol/act/jkzlk/mode16s17/trait/s16_trait_icon_warden.png,0,3.82,0.3,4.59,47.46,13.09,2,3,2,"{""id"":82580102,""name"":""3 神盾使"",""img"":""https://game.gtimg.cn/images/lol/act/jkzlk/mode16s17/trait/s16_trait_icon_warden.png"",""numList"":[""2"",""3"",""4"",""5""],""trend"":0,""extraData"":{""index"":2,""num"":3,""color"":2},""allPickRate"":[3.82,0.3],""avgRanking"":4.59,""pickRate_4"":47.46,""pickRate_1"":13.09}"
48,3,82580103,4 神盾使,https://game.gtimg.cn/images/lol/act/jkzlk/mode16s17/trait/s16_trait_icon_warden.png,2,3.43,0.27,4.28,52.47,17.44,3,4,2,"{""id"":82580103,""name"":""4 神盾使"",""img"":""https://game.gtimg.cn/images/lol/act/jkzlk/mode16s17/trait/s16_trait_icon_warden.png"",""numList"":[""2"",""3"",""4"",""5""],""trend"":2,""extraData"":{""index"":3,""num"":4,""color"":2},""allPickRate"":[3.43,0.27],""avgRanking"":4.28,""pickRate_4"":52.47,""pickRate_1"":17.44}"
49,3,82530101,2 征服者,https://game.gtimg.cn/images/lol/act/jkzlk/mode16s17/trait/s16_trait_icon_vanquisher.png,1,3.16,0.25,4.4,50.3,14.57,1,2,1,"{""id"":82530101,""name"":""2 征服者"",""img"":""https://game.gtimg.cn/images/lol/act/jkzlk/mode16s17/trait/s16_trait_icon_vanquisher.png"",""numList"":[""2"",""3"",""4"",""5""],""trend"":1,""extraData"":{""index"":1,""num"":2,""color"":1},""allPickRate"":[3.16,0.25],""avgRanking"":4.4,""pickRate_4"":50.3,""pickRate_1"":14.57}"
50,3,82520103,3 巨神峰,https://game.gtimg.cn/images/lol/act/jkzlk/mode16s17/trait/s16_trait_icon_targon.png,0,2.89,0.23,3.44,75.54,8.27,3,3,3,"{""id"":82520103,""name"":""3 巨神峰"",""img"":""https://game.gtimg.cn/images/lol/act/jkzlk/mode16s17/trait/s16_trait_icon_targon.png"",""numList"":[""1"",""2"",""3"",""4"",""5"",""6""],""trend"":0,""extraData"":{""index"":3,""num"":3,""color"":3},""allPickRate"":[2.89,0.23],""avgRanking"":3.44,""pickRate_4"":75.54,""pickRate_1"":8.27}"
51,3,82830101,1 符文法师,https://game.gtimg.cn/images/lol/act/jkzlk/mode16s17/trait/s16_trait_icon_runemage.png,2,2.54,0.2,4.21,54.58,13.88,1,1,5,"{""id"":82830101,""name"":""1 符文法师"",""img"":""https://game.gtimg.cn/images/lol/act/jkzlk/mode16s17/trait/s16_trait_icon_runemage.png"",""numList"":[""1""],""trend"":2,""extraData"":{""index"":1,""num"":1,""color"":5},""allPickRate"":[2.54,0.2],""avgRanking"":4.21,""pickRate_4"":54.58,""pickRate_1"":13.88}"
52,3,82950101,1 沙漠皇帝,https://game.gtimg.cn/images/lol/act/jkzlk/mode16s17/trait/s16_trait_icon_emperor.png,0,2.49,0.19,4.51,47.95,15.6,1,1,5,"{""id"":82950101,""name"":""1 沙漠皇帝"",""img"":""https://game.gtimg.cn/images/lol/act/jkzlk/mode16s17/trait/s16_trait_icon_emperor.png"",""numList"":[""1""],""trend"":0,""extraData"":{""index"":1,""num"":1,""color"":5},""allPickRate"":[2.49,0.19],""avgRanking"":4.51,""pickRate_4"":47.95,""pickRate_1"":15.6}"
53,3,82610102,4 斗士,https://game.gtimg.cn/images/lol/act/jkzlk/mode16s17/trait/s16_trait_icon_brawler.png,0,2.04,0.16,4.56,47.01,12.26,2,4,2,"{""id"":82610102,""name"":""4 斗士"",""img"":""https://game.gtimg.cn/images/lol/act/jkzlk/mode16s17/trait/s16_trait_icon_brawler.png"",""numList"":[""2"",""4"",""6""],""trend"":0,""extraData"":{""index"":2,""num"":4,""color"":2},""allPickRate"":[2.04,0.16],""avgRanking"":4.56,""pickRate_4"":47.01,""pickRate_1"":12.26}"
54,3,82960103,7 德玛西亚,https://game.gtimg.cn/images/lol/act/jkzlk/mode16s17/trait/s16_trait_icon_demacia.png,1,1.72,0.13,4.21,57.8,9.31,3,7,3,"{""id"":82960103,""name"":""7 德玛西亚"",""img"":""https://game.gtimg.cn/images/lol/act/jkzlk/mode16s17/trait/s16_trait_icon_demacia.png"",""numList"":[""3"",""5"",""7"",""11""],""trend"":1,""extraData"":{""index"":3,""num"":7,""color"":3},""allPickRate"":[1.72,0.13],""avgRanking"":4.21,""pickRate_4"":57.8,""pickRate_1"":9.31}"
55,3,82590102,3 迅击战士,https://game.gtimg.cn/images/lol/act/jkzlk/mode16s17/trait/s16_trait_icon_quickstriker.png,0,1.72,0.13,4.3,54.22,14.24,2,3,2,"{""id"":82590102,""name"":""3 迅击战士"",""img"":""https://game.gtimg.cn/images/lol/act/jkzlk/mode16s17/trait/s16_trait_icon_quickstriker.png"",""numList"":[""2"",""3"",""4"",""5""],""trend"":0,""extraData"":{""index"":2,""num"":3,""color"":2},""allPickRate"":[1.72,0.13],""avgRanking"":4.3,""pickRate_4"":54.22,""pickRate_1"":14.24}"
56,3,83020103,7 比尔吉沃特,https://game.gtimg.cn/images/lol/act/jkzlk/mode16s17/trait/s16_trait_icon_bilgewater.png,1,1.53,0.12,6.06,17.35,2.41,3,7,3,"{""id"":83020103,""name"":""7 比尔吉沃特"",""img"":""https://game.gtimg.cn/images/lol/act/jkzlk/mode16s17/trait/s16_trait_icon_bilgewater.png"",""numList"":[""3"",""5"",""7"",""10""],""trend"":1,""extraData"":{""index"":3,""num"":7,""color"":3},""allPickRate"":[1.53,0.12],""avgRanking"":6.06,""pickRate_4"":17.35,""pickRate_1"":2.41}"
57,3,82870103,4 狙神,https://game.gtimg.cn/images/lol/act/jkzlk/mode16s17/trait/s16_trait_icon_longshot.png,2,1.17,0.09,3.87,62.63,11.33,3,4,2,"{""id"":82870103,""name"":""4 狙神"",""img"":""https://game.gtimg.cn/images/lol/act/jkzlk/mode16s17/trait/s16_trait_icon_longshot.png"",""numList"":[""2"",""3"",""4"",""5""],""trend"":2,""extraData"":{""index"":3,""num"":4,""color"":2},""allPickRate"":[1.17,0.09],""avgRanking"":3.87,""pickRate_4"":62.63,""pickRate_1"":11.33}"
58,3,82750101,2 恕瑞玛,https://game.gtimg.cn/images/lol/act/jkzlk/mode16s17/trait/s16_trait_icon_shurima.png,1,1.1,0.08,4.89,39.44,10.25,1,2,1,"{""id"":82750101,""name"":""2 恕瑞玛"",""img"":""https://game.gtimg.cn/images/lol/act/jkzlk/mode16s17/trait/s16_trait_icon_shurima.png"",""numList"":[""2"",""3"",""4""],""trend"":1,""extraData"":{""index"":1,""num"":2,""color"":1},""allPickRate"":[1.1,0.08],""avgRanking"":4.89,""pickRate_4"":39.44,""pickRate_1"":10.25}"
59,3,82900102,4 皮尔特沃夫,https://game.gtimg.cn/images/lol/act/jkzlk/mode16s17/trait/s16_trait_icon_piltover.png,1,1.1,0.08,5.39,34.91,6.5,2,4,2,"{""id"":82900102,""name"":""4 皮尔特沃夫"",""img"":""https://game.gtimg.cn/images/lol/act/jkzlk/mode16s17/trait/s16_trait_icon_piltover.png"",""numList"":[""2"",""4"",""6""],""trend"":1,""extraData"":{""index"":2,""num"":4,""color"":2},""allPickRate"":[1.1,0.08],""avgRanking"":5.39,""pickRate_4"":34.91,""pickRate_1"":6.5}"
60,3,82840102,4 约德尔人,https://game.gtimg.cn/images/lol/act/jkzlk/mode16s17/trait/s16_trait_icon_yordle.png,1,0.95,0.07,3.79,63.92,15.75,2,4,2,"{""id"":82840102,""name"":""4 约德尔人"",""img"":""https://game.gtimg.cn/images/lol/act/jkzlk/mode16s17/trait/s16_trait_icon_yordle.png"",""numList"":[""2"",""4"",""6"",""8""],""trend"":1,""extraData"":{""index"":2,""num"":4,""color"":2},""allPickRate"":[0.95,0.07],""avgRanking"":3.79,""pickRate_4"":63.92,""pickRate_1"":15.75}"
61,3,82840104,8 约德尔人,https://game.gtimg.cn/images/lol/act/jkzlk/mode16s17/trait/s16_trait_icon_yordle.png,1,0.93,0.07,5.59,27.86,6.08,4,8,3,"{""id"":82840104,""name"":""8 约德尔人"",""img"":""https://game.gtimg.cn/images/lol/act/jkzlk/mode16s17/trait/s16_trait_icon_yordle.png"",""numList"":[""2"",""4"",""6"",""8""],""trend"":1,""extraData"":{""index"":4,""num"":8,""color"":3},""allPickRate"":[0.93,0.07],""avgRanking"":5.59,""pickRate_4"":27.86,""pickRate_1"":6.08}"
62,3,82610103,6 斗士,https://game.gtimg.cn/images/lol/act/jkzlk/mode16s17/trait/s16_trait_icon_brawler.png,1,0.92,0.07,3.86,66.98,5.42,3,6,3,"{""id"":82610103,""name"":""6 斗士"",""img"":""https://game.gtimg.cn/images/lol/act/jkzlk/mode16s17/trait/s16_trait_icon_brawler.png"",""numList"":[""2"",""4"",""6""],""trend"":1,""extraData"":{""index"":3,""num"":6,""color"":3},""allPickRate"":[0.92,0.07],""avgRanking"":3.86,""pickRate_4"":66.98,""pickRate_1"":5.42}"
63,3,82930102,5 弗雷尔卓德,https://game.gtimg.cn/images/lol/act/jkzlk/mode16s17/trait/s16_trait_icon_freljord.png,2,0.9,0.07,4.12,56.97,15.14,2,5,2,"{""id"":82930102,""name"":""5 弗雷尔卓德"",""img"":""https://game.gtimg.cn/images/lol/act/jkzlk/mode16s17/trait/s16_trait_icon_freljord.png"",""numList"":[""3"",""5"",""7""],""trend"":2,""extraData"":{""index"":2,""num"":5,""color"":2},""allPickRate"":[0.9,0.07],""avgRanking"":4.12,""pickRate_4"":56.97,""pickRate_1"":15.14}"
64,3,82880102,4 神谕者,https://game.gtimg.cn/images/lol/act/jkzlk/mode16s17/trait/s16_trait_icon_invoker.png,2,0.89,0.07,4.35,51.57,12.83,2,4,3,"{""id"":82880102,""name"":""4 神谕者"",""img"":""https://game.gtimg.cn/images/lol/act/jkzlk/mode16s17/trait/s16_trait_icon_invoker.png"",""numList"":[""2"",""4""],""trend"":2,""extraData"":{""index"":2,""num"":4,""color"":3},""allPickRate"":[0.89,0.07],""avgRanking"":4.35,""pickRate_4"":51.57,""pickRate_1"":12.83}"
65,3,82840103,6 约德尔人,https://game.gtimg.cn/images/lol/act/jkzlk/mode16s17/trait/s16_trait_icon_yordle.png,1,0.87,0.06,4.31,53.46,10.89,3,6,3,"{""id"":82840103,""name"":""6 约德尔人"",""img"":""https://game.gtimg.cn/images/lol/act/jkzlk/mode16s17/trait/s16_trait_icon_yordle.png"",""numList"":[""2"",""4"",""6"",""8""],""trend"":1,""extraData"":{""index"":3,""num"":6,""color"":3},""allPickRate"":[0.87,0.06],""avgRanking"":4.31,""pickRate_4"":53.46,""pickRate_1"":10.89}"
66,3,82990102,2 暗裔,https://game.gtimg.cn/images/lol/act/jkzlk/mode16s17/trait/plus_trait_icon_darkin.png,1,0.78,0.06,3.62,64.91,22.92,2,2,2,"{""id"":82990102,""name"":""2 暗裔"",""img"":""https://game.gtimg.cn/images/lol/act/jkzlk/mode16s17/trait/plus_trait_icon_darkin.png"",""numList"":[""1"",""2"",""3""],""trend"":1,""extraData"":{""index"":2,""num"":2,""color"":2},""allPickRate"":[0.78,0.06],""avgRanking"":3.62,""pickRate_4"":64.91,""pickRate_1"":22.92}"
67,3,82510103,6 护卫,https://game.gtimg.cn/images/lol/act/jkzlk/mode16s17/trait/s16_trait_icon_defender.png,2,0.75,0.06,3.46,71.96,16.18,3,6,3,"{""id"":82510103,""name"":""6 护卫"",""img"":""https://game.gtimg.cn/images/lol/act/jkzlk/mode16s17/trait/s16_trait_icon_defender.png"",""numList"":[""2"",""4"",""6""],""trend"":2,""extraData"":{""index"":3,""num"":6,""color"":3},""allPickRate"":[0.75,0.06],""avgRanking"":3.46,""pickRate_4"":71.96,""pickRate_1"":16.18}"
68,3,82560102,4 主宰,https://game.gtimg.cn/images/lol/act/jkzlk/mode16s17/trait/s16_trait_icon_juggernaut.png,1,0.74,0.05,3.79,59.88,19.18,2,4,2,"{""id"":82560102,""name"":""4 主宰"",""img"":""https://game.gtimg.cn/images/lol/act/jkzlk/mode16s17/trait/s16_trait_icon_juggernaut.png"",""numList"":[""2"",""4"",""6""],""trend"":1,""extraData"":{""index"":2,""num"":4,""color"":2},""allPickRate"":[0.74,0.05],""avgRanking"":3.79,""pickRate_4"":59.88,""pickRate_1"":19.18}"
69,3,82790101,1 远古巫灵,https://game.gtimg.cn/images/lol/act/jkzlk/mode16s17/trait/s16_trait_icon_ascendant.png,1,0.72,0.05,4.02,55.82,19.7,1,1,5,"{""id"":82790101,""name"":""1 远古巫灵"",""img"":""https://game.gtimg.cn/images/lol/act/jkzlk/mode16s17/trait/s16_trait_icon_ascendant.png"",""numList"":[""1""],""trend"":1,""extraData"":{""index"":1,""num"":1,""color"":5},""allPickRate"":[0.72,0.05],""avgRanking"":4.02,""pickRate_4"":55.82,""pickRate_1"":19.7}"
70,3,82970101,1 不落魔锋,https://game.gtimg.cn/images/lol/act/jkzlk/mode16s17/trait/s16_trait_icon_immortal.png,1,0.72,0.05,4.27,58.38,6.88,1,1,5,"{""id"":82970101,""name"":""1 不落魔锋"",""img"":""https://game.gtimg.cn/images/lol/act/jkzlk/mode16s17/trait/s16_trait_icon_immortal.png"",""numList"":[""1""],""trend"":1,""extraData"":{""index"":1,""num"":1,""color"":5},""allPickRate"":[0.72,0.05],""avgRanking"":4.27,""pickRate_4"":58.38,""pickRate_1"":6.88}"
71,3,83080101,1 暗裔剑魔,https://game.gtimg.cn/images/lol/act/jkzlk/mode16s17/trait/s16_trait_icon_worldender.png,0,0.69,0.05,3.7,64.03,21.13,1,1,5,"{""id"":83080101,""name"":""1 暗裔剑魔"",""img"":""https://game.gtimg.cn/images/lol/act/jkzlk/mode16s17/trait/s16_trait_icon_worldender.png"",""numList"":[""1""],""trend"":0,""extraData"":{""index"":1,""num"":1,""color"":5},""allPickRate"":[0.69,0.05],""avgRanking"":3.7,""pickRate_4"":64.03,""pickRate_1"":21.13}"
72,3,82620102,5 诺克萨斯,https://game.gtimg.cn/images/lol/act/jkzlk/mode16s17/trait/s16_trait_icon_noxus.png,0,0.59,0.04,5.23,34.67,8.02,2,5,2,"{""id"":82620102,""name"":""5 诺克萨斯"",""img"":""https://game.gtimg.cn/images/lol/act/jkzlk/mode16s17/trait/s16_trait_icon_noxus.png"",""numList"":[""3"",""5"",""7"",""10""],""trend"":0,""extraData"":{""index"":2,""num"":5,""color"":2},""allPickRate"":[0.59,0.04],""avgRanking"":5.23,""pickRate_4"":34.67,""pickRate_1"":8.02}"
73,3,82630101,2 暗影岛,https://game.gtimg.cn/images/lol/act/jkzlk/mode16s17/trait/s16_trait_icon_shadowisles.png,2,0.59,0.04,4.34,51.1,8.82,1,2,1,"{""id"":82630101,""name"":""2 暗影岛"",""img"":""https://game.gtimg.cn/images/lol/act/jkzlk/mode16s17/trait/s16_trait_icon_shadowisles.png"",""numList"":[""2"",""3"",""4"",""5""],""trend"":2,""extraData"":{""index"":1,""num"":2,""color"":1},""allPickRate"":[0.59,0.04],""avgRanking"":4.34,""pickRate_4"":51.1,""pickRate_1"":8.82}"
74,3,82550102,5 祖安,https://game.gtimg.cn/images/lol/act/jkzlk/mode16s17/trait/s16_trait_icon_zaun.png,2,0.56,0.04,4.31,56.92,6.53,2,5,2,"{""id"":82550102,""name"":""5 祖安"",""img"":""https://game.gtimg.cn/images/lol/act/jkzlk/mode16s17/trait/s16_trait_icon_zaun.png"",""numList"":[""3"",""5"",""7""],""trend"":2,""extraData"":{""index"":2,""num"":5,""color"":2},""allPickRate"":[0.56,0.04],""avgRanking"":4.31,""pickRate_4"":56.92,""pickRate_1"":6.53}"
75,3,83010103,7 以绪塔尔,https://game.gtimg.cn/images/lol/act/jkzlk/mode16s17/trait/s16_trait_icon_ixtal.png,0,0.52,0.04,4.04,53.52,37.34,3,7,3,"{""id"":83010103,""name"":""7 以绪塔尔"",""img"":""https://game.gtimg.cn/images/lol/act/jkzlk/mode16s17/trait/s16_trait_icon_ixtal.png"",""numList"":[""3"",""5"",""7""],""trend"":0,""extraData"":{""index"":3,""num"":7,""color"":3},""allPickRate"":[0.52,0.04],""avgRanking"":4.04,""pickRate_4"":53.52,""pickRate_1"":37.34}"
76,3,83020104,10 比尔吉沃特,https://game.gtimg.cn/images/lol/act/jkzlk/mode16s17/trait/s16_trait_icon_bilgewater.png,0,0.48,0.03,1.88,88.34,73.09,4,10,4,"{""id"":83020104,""name"":""10 比尔吉沃特"",""img"":""https://game.gtimg.cn/images/lol/act/jkzlk/mode16s17/trait/s16_trait_icon_bilgewater.png"",""numList"":[""3"",""5"",""7"",""10""],""trend"":0,""extraData"":{""index"":4,""num"":10,""color"":4},""allPickRate"":[0.48,0.03],""avgRanking"":1.88,""pickRate_4"":88.34,""pickRate_1"":73.09}"
77,3,82580104,5 神盾使,https://game.gtimg.cn/images/lol/act/jkzlk/mode16s17/trait/s16_trait_icon_warden.png,2,0.43,0.03,4.69,44.22,9.54,4,5,3,"{""id"":82580104,""name"":""5 神盾使"",""img"":""https://game.gtimg.cn/images/lol/act/jkzlk/mode16s17/trait/s16_trait_icon_warden.png"",""numList"":[""2"",""3"",""4"",""5""],""trend"":2,""extraData"":{""index"":4,""num"":5,""color"":3},""allPickRate"":[0.43,0.03],""avgRanking"":4.69,""pickRate_4"":44.22,""pickRate_1"":9.54}"
78,3,82620103,7 诺克萨斯,https://game.gtimg.cn/images/lol/act/jkzlk/mode16s17/trait/s16_trait_icon_noxus.png,0,0.39,0.03,5.43,31.49,5.52,3,7,3,"{""id"":82620103,""name"":""7 诺克萨斯"",""img"":""https://game.gtimg.cn/images/lol/act/jkzlk/mode16s17/trait/s16_trait_icon_noxus.png"",""numList"":[""3"",""5"",""7"",""10""],""trend"":0,""extraData"":{""index"":3,""num"":7,""color"":3},""allPickRate"":[0.39,0.03],""avgRanking"":5.43,""pickRate_4"":31.49,""pickRate_1"":5.52}"
79,3,83000101,1 纳什男爵,https://game.gtimg.cn/images/lol/act/jkzlk/mode16s17/trait/s16_trait_icon_riftscourge.png,2,0.38,0.03,4.03,58.98,14.04,1,1,5,"{""id"":83000101,""name"":""1 纳什男爵"",""img"":""https://game.gtimg.cn/images/lol/act/jkzlk/mode16s17/trait/s16_trait_icon_riftscourge.png"",""numList"":[""1""],""trend"":2,""extraData"":{""index"":1,""num"":1,""color"":5},""allPickRate"":[0.38,0.03],""avgRanking"":4.03,""pickRate_4"":58.98,""pickRate_1"":14.04}"
80,3,82500103,6 虚空,https://game.gtimg.cn/images/lol/act/jkzlk/mode16s17/trait/s16_trait_icon_void.png,0,0.36,0.02,4.71,45.18,10.84,3,6,3,"{""id"":82500103,""name"":""6 虚空"",""img"":""https://game.gtimg.cn/images/lol/act/jkzlk/mode16s17/trait/s16_trait_icon_void.png"",""numList"":[""2"",""4"",""6"",""9""],""trend"":0,""extraData"":{""index"":3,""num"":6,""color"":3},""allPickRate"":[0.36,0.02],""avgRanking"":4.71,""pickRate_4"":45.18,""pickRate_1"":10.84}"
81,3,82530102,3 征服者,https://game.gtimg.cn/images/lol/act/jkzlk/mode16s17/trait/s16_trait_icon_vanquisher.png,0,0.33,0.02,4.55,46.1,14.93,2,3,2,"{""id"":82530102,""name"":""3 征服者"",""img"":""https://game.gtimg.cn/images/lol/act/jkzlk/mode16s17/trait/s16_trait_icon_vanquisher.png"",""numList"":[""2"",""3"",""4"",""5""],""trend"":0,""extraData"":{""index"":2,""num"":3,""color"":2},""allPickRate"":[0.33,0.02],""avgRanking"":4.55,""pickRate_4"":46.1,""pickRate_1"":14.93}"
82,3,82630102,3 暗影岛,https://game.gtimg.cn/images/lol/act/jkzlk/mode16s17/trait/s16_trait_icon_shadowisles.png,2,0.33,0.02,5.14,38.56,3.92,2,3,2,"{""id"":82630102,""name"":""3 暗影岛"",""img"":""https://game.gtimg.cn/images/lol/act/jkzlk/mode16s17/trait/s16_trait_icon_shadowisles.png"",""numList"":[""2"",""3"",""4"",""5""],""trend"":2,""extraData"":{""index"":2,""num"":3,""color"":2},""allPickRate"":[0.33,0.02],""avgRanking"":5.14,""pickRate_4"":38.56,""pickRate_1"":3.92}"
83,3,82810101,1 铸星龙王,https://game.gtimg.cn/images/lol/act/jkzlk/mode16s17/trait/s16_trait_icon_starforger.png,1,0.31,0.02,4.9,39.31,8.27,1,1,5,"{""id"":82810101,""name"":""1 铸星龙王"",""img"":""https://game.gtimg.cn/images/lol/act/jkzlk/mode16s17/trait/s16_trait_icon_starforger.png"",""numList"":[""1""],""trend"":1,""extraData"":{""index"":1,""num"":1,""color"":5},""allPickRate"":[0.31,0.02],""avgRanking"":4.9,""pickRate_4"":39.31,""pickRate_1"":8.27}"
84,3,82750102,3 恕瑞玛,https://game.gtimg.cn/images/lol/act/jkzlk/mode16s17/trait/s16_trait_icon_shurima.png,0,0.29,0.02,3.8,63.43,17.91,2,3,2,"{""id"":82750102,""name"":""3 恕瑞玛"",""img"":""https://game.gtimg.cn/images/lol/act/jkzlk/mode16s17/trait/s16_trait_icon_shurima.png"",""numList"":[""2"",""3"",""4""],""trend"":0,""extraData"":{""index"":2,""num"":3,""color"":2},""allPickRate"":[0.29,0.02],""avgRanking"":3.8,""pickRate_4"":63.43,""pickRate_1"":17.91}"
85,3,82500102,4 虚空,https://game.gtimg.cn/images/lol/act/jkzlk/mode16s17/trait/s16_trait_icon_void.png,0,0.27,0.02,4.6,50,4.76,2,4,2,"{""id"":82500102,""name"":""4 虚空"",""img"":""https://game.gtimg.cn/images/lol/act/jkzlk/mode16s17/trait/s16_trait_icon_void.png"",""numList"":[""2"",""4"",""6"",""9""],""trend"":0,""extraData"":{""index"":2,""num"":4,""color"":2},""allPickRate"":[0.27,0.02],""avgRanking"":4.6,""pickRate_4"":50,""pickRate_1"":4.76}"
86,3,82550103,7 祖安,https://game.gtimg.cn/images/lol/act/jkzlk/mode16s17/trait/s16_trait_icon_zaun.png,2,0.23,0.01,4.29,59.81,6.54,3,7,3,"{""id"":82550103,""name"":""7 祖安"",""img"":""https://game.gtimg.cn/images/lol/act/jkzlk/mode16s17/trait/s16_trait_icon_zaun.png"",""numList"":[""3"",""5"",""7""],""trend"":2,""extraData"":{""index"":3,""num"":7,""color"":3},""allPickRate"":[0.23,0.01],""avgRanking"":4.29,""pickRate_4"":59.81,""pickRate_1"":6.54}"
87,3,82630103,4 暗影岛,https://game.gtimg.cn/images/lol/act/jkzlk/mode16s17/trait/s16_trait_icon_shadowisles.png,1,0.22,0.01,5.44,30.76,1.92,3,4,3,"{""id"":82630103,""name"":""4 暗影岛"",""img"":""https://game.gtimg.cn/images/lol/act/jkzlk/mode16s17/trait/s16_trait_icon_shadowisles.png"",""numList"":[""2"",""3"",""4"",""5""],""trend"":1,""extraData"":{""index"":3,""num"":4,""color"":3},""allPickRate"":[0.22,0.01],""avgRanking"":5.44,""pickRate_4"":30.76,""pickRate_1"":1.92}"
88,3,82930103,7 弗雷尔卓德,https://game.gtimg.cn/images/lol/act/jkzlk/mode16s17/trait/s16_trait_icon_freljord.png,2,0.22,0.01,4.1,58.82,10.78,3,7,3,"{""id"":82930103,""name"":""7 弗雷尔卓德"",""img"":""https://game.gtimg.cn/images/lol/act/jkzlk/mode16s17/trait/s16_trait_icon_freljord.png"",""numList"":[""3"",""5"",""7""],""trend"":2,""extraData"":{""index"":3,""num"":7,""color"":3},""allPickRate"":[0.22,0.01],""avgRanking"":4.1,""pickRate_4"":58.82,""pickRate_1"":10.78}"
89,3,82620104,10 诺克萨斯,https://game.gtimg.cn/images/lol/act/jkzlk/mode16s17/trait/s16_trait_icon_noxus.png,2,0.2,0.01,1.19,98.93,90.42,4,10,4,"{""id"":82620104,""name"":""10 诺克萨斯"",""img"":""https://game.gtimg.cn/images/lol/act/jkzlk/mode16s17/trait/s16_trait_icon_noxus.png"",""numList"":[""3"",""5"",""7"",""10""],""trend"":2,""extraData"":{""index"":4,""num"":10,""color"":4},""allPickRate"":[0.2,0.01],""avgRanking"":1.19,""pickRate_4"":98.93,""pickRate_1"":90.42}"
90,3,82850102,4 耀光使,https://game.gtimg.cn/images/lol/act/jkzlk/mode16s17/trait/s16_trait_icon_disruptor.png,0,0.2,0.01,3.53,66.3,13.04,2,4,2,"{""id"":82850102,""name"":""4 耀光使"",""img"":""https://game.gtimg.cn/images/lol/act/jkzlk/mode16s17/trait/s16_trait_icon_disruptor.png"",""numList"":[""2"",""4""],""trend"":0,""extraData"":{""index"":2,""num"":4,""color"":2},""allPickRate"":[0.2,0.01],""avgRanking"":3.53,""pickRate_4"":66.3,""pickRate_1"":13.04}"
91,3,82520104,4 巨神峰,https://game.gtimg.cn/images/lol/act/jkzlk/mode16s17/trait/s16_trait_icon_targon.png,1,0.16,0.01,4.21,55.26,7.89,4,4,3,"{""id"":82520104,""name"":""4 巨神峰"",""img"":""https://game.gtimg.cn/images/lol/act/jkzlk/mode16s17/trait/s16_trait_icon_targon.png"",""numList"":[""1"",""2"",""3"",""4"",""5"",""6""],""trend"":1,""extraData"":{""index"":4,""num"":4,""color"":3},""allPickRate"":[0.16,0.01],""avgRanking"":4.21,""pickRate_4"":55.26,""pickRate_1"":7.89}"
92,3,82990103,3 暗裔,https://game.gtimg.cn/images/lol/act/jkzlk/mode16s17/trait/plus_trait_icon_darkin.png,0,0.13,0.01,2.8,80.95,31.74,3,3,3,"{""id"":82990103,""name"":""3 暗裔"",""img"":""https://game.gtimg.cn/images/lol/act/jkzlk/mode16s17/trait/plus_trait_icon_darkin.png"",""numList"":[""1"",""2"",""3""],""trend"":0,""extraData"":{""index"":3,""num"":3,""color"":3},""allPickRate"":[0.13,0.01],""avgRanking"":2.8,""pickRate_4"":80.95,""pickRate_1"":31.74}"
93,3,82590103,4 迅击战士,https://game.gtimg.cn/images/lol/act/jkzlk/mode16s17/trait/s16_trait_icon_quickstriker.png,2,0.12,0,4.15,61.4,8.77,3,4,2,"{""id"":82590103,""name"":""4 迅击战士"",""img"":""https://game.gtimg.cn/images/lol/act/jkzlk/mode16s17/trait/s16_trait_icon_quickstriker.png"",""numList"":[""2"",""3"",""4"",""5""],""trend"":2,""extraData"":{""index"":3,""num"":4,""color"":2},""allPickRate"":[0.12,0],""avgRanking"":4.15,""pickRate_4"":61.4,""pickRate_1"":8.77}"
94,3,82900103,6 皮尔特沃夫,https://game.gtimg.cn/images/lol/act/jkzlk/mode16s17/trait/s16_trait_icon_piltover.png,1,0.11,0,5.94,20.37,3.7,3,6,3,"{""id"":82900103,""name"":""6 皮尔特沃夫"",""img"":""https://game.gtimg.cn/images/lol/act/jkzlk/mode16s17/trait/s16_trait_icon_piltover.png"",""numList"":[""2"",""4"",""6""],""trend"":1,""extraData"":{""index"":3,""num"":6,""color"":3},""allPickRate"":[0.11,0],""avgRanking"":5.94,""pickRate_4"":20.37,""pickRate_1"":3.7}"
95,3,82540102,4 裁决战士,https://game.gtimg.cn/images/lol/act/jkzlk/mode16s17/trait/s16_trait_icon_slayer.png,1,0.1,0,4.72,44.68,10.63,2,4,2,"{""id"":82540102,""name"":""4 裁决战士"",""img"":""https://game.gtimg.cn/images/lol/act/jkzlk/mode16s17/trait/s16_trait_icon_slayer.png"",""numList"":[""2"",""4"",""6""],""trend"":1,""extraData"":{""index"":2,""num"":4,""color"":2},""allPickRate"":[0.1,0],""avgRanking"":4.72,""pickRate_4"":44.68,""pickRate_1"":10.63}"
96,3,82870104,5 狙神,https://game.gtimg.cn/images/lol/act/jkzlk/mode16s17/trait/s16_trait_icon_longshot.png,2,0.08,0,3.32,82.5,7.5,4,5,3,"{""id"":82870104,""name"":""5 狙神"",""img"":""https://game.gtimg.cn/images/lol/act/jkzlk/mode16s17/trait/s16_trait_icon_longshot.png"",""numList"":[""2"",""3"",""4"",""5""],""trend"":2,""extraData"":{""index"":4,""num"":5,""color"":3},""allPickRate"":[0.08,0],""avgRanking"":3.32,""pickRate_4"":82.5,""pickRate_1"":7.5}"
97,3,82520105,5 巨神峰,https://game.gtimg.cn/images/lol/act/jkzlk/mode16s17/trait/s16_trait_icon_targon.png,0,0.06,0,5.83,19.35,0,5,5,3,"{""id"":82520105,""name"":""5 巨神峰"",""img"":""https://game.gtimg.cn/images/lol/act/jkzlk/mode16s17/trait/s16_trait_icon_targon.png"",""numList"":[""1"",""2"",""3"",""4"",""5"",""6""],""trend"":0,""extraData"":{""index"":5,""num"":5,""color"":3},""allPickRate"":[0.06,0],""avgRanking"":5.83,""pickRate_4"":19.35,""pickRate_1"":0}"
98,3,82630104,5 暗影岛,https://game.gtimg.cn/images/lol/act/jkzlk/mode16s17/trait/s16_trait_icon_shadowisles.png,1,0.05,0,6.04,16.66,0,4,5,3,"{""id"":82630104,""name"":""5 暗影岛"",""img"":""https://game.gtimg.cn/images/lol/act/jkzlk/mode16s17/trait/s16_trait_icon_shadowisles.png"",""numList"":[""2"",""3"",""4"",""5""],""trend"":1,""extraData"":{""index"":4,""num"":5,""color"":3},""allPickRate"":[0.05,0],""avgRanking"":6.04,""pickRate_4"":16.66,""pickRate_1"":0}"
99,3,82530103,4 征服者,https://game.gtimg.cn/images/lol/act/jkzlk/mode16s17/trait/s16_trait_icon_vanquisher.png,0,0.04,0,3.86,59.09,13.63,3,4,2,"{""id"":82530103,""name"":""4 征服者"",""img"":""https://game.gtimg.cn/images/lol/act/jkzlk/mode16s17/trait/s16_trait_icon_vanquisher.png"",""numList"":[""2"",""3"",""4"",""5""],""trend"":0,""extraData"":{""index"":3,""num"":4,""color"":2},""allPickRate"":[0.04,0],""avgRanking"":3.86,""pickRate_4"":59.09,""pickRate_1"":13.63}"
100,3,82500104,9 虚空,https://game.gtimg.cn/images/lol/act/jkzlk/mode16s17/trait/s16_trait_icon_void.png,1,0.04,0,4.25,60,0,4,9,3,"{""id"":82500104,""name"":""9 虚空"",""img"":""https://game.gtimg.cn/images/lol/act/jkzlk/mode16s17/trait/s16_trait_icon_void.png"",""numList"":[""2"",""4"",""6"",""9""],""trend"":1,""extraData"":{""index"":4,""num"":9,""color"":3},""allPickRate"":[0.04,0],""avgRanking"":4.25,""pickRate_4"":60,""pickRate_1"":0}"
101,3,82750103,4 恕瑞玛,https://game.gtimg.cn/images/lol/act/jkzlk/mode16s17/trait/s16_trait_icon_shurima.png,0,0.04,0,1,100,100,3,4,4,"{""id"":82750103,""name"":""4 恕瑞玛"",""img"":""https://game.gtimg.cn/images/lol/act/jkzlk/mode16s17/trait/s16_trait_icon_shurima.png"",""numList"":[""2"",""3"",""4""],""trend"":0,""extraData"":{""index"":3,""num"":4,""color"":4},""allPickRate"":[0.04,0],""avgRanking"":1,""pickRate_4"":100,""pickRate_1"":100}"
102,3,82520106,6 巨神峰,https://game.gtimg.cn/images/lol/act/jkzlk/mode16s17/trait/s16_trait_icon_targon.png,1,0.02,0,6.5,16.66,0,6,6,3,"{""id"":82520106,""name"":""6 巨神峰"",""img"":""https://game.gtimg.cn/images/lol/act/jkzlk/mode16s17/trait/s16_trait_icon_targon.png"",""numList"":[""1"",""2"",""3"",""4"",""5"",""6""],""trend"":1,""extraData"":{""index"":6,""num"":6,""color"":3},""allPickRate"":[0.02,0],""avgRanking"":6.5,""pickRate_4"":16.66,""pickRate_1"":0}"
103,3,82560103,6 主宰,https://game.gtimg.cn/images/lol/act/jkzlk/mode16s17/trait/s16_trait_icon_juggernaut.png,1,0.01,0,5.22,33.33,11.11,3,6,3,"{""id"":82560103,""name"":""6 主宰"",""img"":""https://game.gtimg.cn/images/lol/act/jkzlk/mode16s17/trait/s16_trait_icon_juggernaut.png"",""numList"":[""2"",""4"",""6""],""trend"":1,""extraData"":{""index"":3,""num"":6,""color"":3},""allPickRate"":[0.01,0],""avgRanking"":5.22,""pickRate_4"":33.33,""pickRate_1"":11.11}"
104,3,82960104,11 德玛西亚,https://game.gtimg.cn/images/lol/act/jkzlk/mode16s17/trait/s16_trait_icon_demacia.png,2,0.01,0,1,100,100,4,11,4,"{""id"":82960104,""name"":""11 德玛西亚"",""img"":""https://game.gtimg.cn/images/lol/act/jkzlk/mode16s17/trait/s16_trait_icon_demacia.png"",""numList"":[""3"",""5"",""7"",""11""],""trend"":2,""extraData"":{""index"":4,""num"":11,""color"":4},""allPickRate"":[0.01,0],""avgRanking"":1,""pickRate_4"":100,""pickRate_1"":100}"
105,3,82530104,5 征服者,https://game.gtimg.cn/images/lol/act/jkzlk/mode16s17/trait/s16_trait_icon_vanquisher.png,0,0,0,2,100,33.33,4,5,3,"{""id"":82530104,""name"":""5 征服者"",""img"":""https://game.gtimg.cn/images/lol/act/jkzlk/mode16s17/trait/s16_trait_icon_vanquisher.png"",""numList"":[""2"",""3"",""4"",""5""],""trend"":0,""extraData"":{""index"":4,""num"":5,""color"":3},""allPickRate"":[0,0],""avgRanking"":2,""pickRate_4"":100,""pickRate_1"":33.33}"
106,3,82540103,6 裁决战士,https://game.gtimg.cn/images/lol/act/jkzlk/mode16s17/trait/s16_trait_icon_slayer.png,1,0,0,4,50,0,3,6,3,"{""id"":82540103,""name"":""6 裁决战士"",""img"":""https://game.gtimg.cn/images/lol/act/jkzlk/mode16s17/trait/s16_trait_icon_slayer.png"",""numList"":[""2"",""4"",""6""],""trend"":1,""extraData"":{""index"":3,""num"":6,""color"":3},""allPickRate"":[0,0],""avgRanking"":4,""pickRate_4"":50,""pickRate_1"":0}"
107,3,82590104,5 迅击战士,https://game.gtimg.cn/images/lol/act/jkzlk/mode16s17/trait/s16_trait_icon_quickstriker.png,1,0,0,0,0,0,4,5,3,"{""id"":82590104,""name"":""5 迅击战士"",""img"":""https://game.gtimg.cn/images/lol/act/jkzlk/mode16s17/trait/s16_trait_icon_quickstriker.png"",""numList"":[""2"",""3"",""4"",""5""],""trend"":1,""extraData"":{""index"":4,""num"":5,""color"":3},""allPickRate"":[0,0],""avgRanking"":0,""pickRate_4"":0,""pickRate_1"":0}"
108,3,82680101,3 艾欧尼亚,https://game.gtimg.cn/images/lol/act/jkzlk/mode16s17/trait/s16_trait_icon_ionia.png,0,0,0,0,0,0,1,3,1,"{""id"":82680101,""name"":""3 艾欧尼亚"",""img"":""https://game.gtimg.cn/images/lol/act/jkzlk/mode16s17/trait/s16_trait_icon_ionia.png"",""numList"":[""3"",""5"",""7""],""trend"":0,""extraData"":{""index"":1,""num"":3,""color"":1},""allPickRate"":[0,0],""avgRanking"":0,""pickRate_4"":0,""pickRate_1"":0}"
109,3,82680102,5 艾欧尼亚,https://game.gtimg.cn/images/lol/act/jkzlk/mode16s17/trait/s16_trait_icon_ionia.png,0,0,0,0,0,0,2,5,2,"{""id"":82680102,""name"":""5 艾欧尼亚"",""img"":""https://game.gtimg.cn/images/lol/act/jkzlk/mode16s17/trait/s16_trait_icon_ionia.png"",""numList"":[""3"",""5"",""7""],""trend"":0,""extraData"":{""index"":2,""num"":5,""color"":2},""allPickRate"":[0,0],""avgRanking"":0,""pickRate_4"":0,""pickRate_1"":0}"
110,3,82680103,7 艾欧尼亚,https://game.gtimg.cn/images/lol/act/jkzlk/mode16s17/trait/s16_trait_icon_ionia.png,0,0,0,0,0,0,3,7,3,"{""id"":82680103,""name"":""7 艾欧尼亚"",""img"":""https://game.gtimg.cn/images/lol/act/jkzlk/mode16s17/trait/s16_trait_icon_ionia.png"",""numList"":[""3"",""5"",""7""],""trend"":0,""extraData"":{""index"":3,""num"":7,""color"":3},""allPickRate"":[0,0],""avgRanking"":0,""pickRate_4"":0,""pickRate_1"":0}"
111,3,82680104,10 艾欧尼亚,https://game.gtimg.cn/images/lol/act/jkzlk/mode16s17/trait/s16_trait_icon_ionia.png,0,0,0,0,0,0,4,10,0,"{""id"":82680104,""name"":""10 艾欧尼亚"",""img"":""https://game.gtimg.cn/images/lol/act/jkzlk/mode16s17/trait/s16_trait_icon_ionia.png"",""numList"":[""3"",""5"",""7"",""10""],""trend"":0,""extraData"":{""index"":4,""num"":10,""color"":0},""allPickRate"":[0,0],""avgRanking"":0,""pickRate_4"":0,""pickRate_1"":0}"
112,3,82840105,10 约德尔人,https://game.gtimg.cn/images/lol/act/jkzlk/mode16s17/trait/s16_trait_icon_yordle.png,0,0,0,0,0,0,5,10,0,"{""id"":82840105,""name"":""10 约德尔人"",""img"":""https://game.gtimg.cn/images/lol/act/jkzlk/mode16s17/trait/s16_trait_icon_yordle.png"",""numList"":[""2"",""4"",""6"",""8"",""10""],""trend"":0,""extraData"":{""index"":5,""num"":10,""color"":0},""allPickRate"":[0,0],""avgRanking"":0,""pickRate_4"":0,""pickRate_1"":0}"
113,3,83060101,2 光明哨兵,https://game.gtimg.cn/images/lol/act/jkzlk/mode16s17/trait/s16_trait_icon_sentinelsoflight.png,0,0,0,0,0,0,1,2,5,"{""id"":83060101,""name"":""2 光明哨兵"",""img"":""https://game.gtimg.cn/images/lol/act/jkzlk/mode16s17/trait/s16_trait_icon_sentinelsoflight.png"",""numList"":[""2""],""trend"":0,""extraData"":{""index"":1,""num"":2,""color"":5},""allPickRate"":[0,0],""avgRanking"":0,""pickRate_4"":0,""pickRate_1"":0}"
