_row_id,unit_ranking_row_id,equipment_order,equipment_id,equipment_img,raw_json
1,1,1,2044,https://game.gtimg.cn/images/lol/act/jkzlk/gamedata/equip/2044.png,"{""equipmentId"":2044,""img"":""https://game.gtimg.cn/images/lol/act/jkzlk/gamedata/equip/2044.png""}"
2,1,2,2029,https://game.gtimg.cn/images/lol/act/jkzlk/gamedata/equip/2329.png,"{""equipmentId"":2029,""img"":""https://game.gtimg.cn/images/lol/act/jkzlk/gamedata/equip/2329.png""}"
3,1,3,2007,https://game.gtimg.cn/images/lol/act/jkzlk/gamedata/equip/steraksgage.png,"{""equipmentId"":2007,""img"":""https://game.gtimg.cn/images/lol/act/jkzlk/gamedata/equip/steraksgage.png""}"
4,1,4,41605,https://game.gtimg.cn/images/lol/act/jkzlk/gamedata/equip/41605.png,"{""equipmentId"":41605,""img"":""https://game.gtimg.cn/images/lol/act/jkzlk/gamedata/equip/41605.png""}"
5,1,5,41602,https://game.gtimg.cn/images/lol/act/jkzlk/gamedata/equip/41602.png,"{""equipmentId"":41602,""img"":""https://game.gtimg.cn/images/lol/act/jkzlk/gamedata/equip/41602.png""}"
6,2,1,2044,https://game.gtimg.cn/images/lol/act/jkzlk/gamedata/equip/2044.png,"{""equipmentId"":2044,""img"":""https://game.gtimg.cn/images/lol/act/jkzlk/gamedata/equip/2044.png""}"
7,2,2,2007,https://game.gtimg.cn/images/lol/act/jkzlk/gamedata/equip/steraksgage.png,"{""equipmentId"":2007,""img"":""https://game.gtimg.cn/images/lol/act/jkzlk/gamedata/equip/steraksgage.png""}"
8,2,3,2006,https://game.gtimg.cn/images/lol/act/jkzlk/gamedata/equip/2006.png,"{""equipmentId"":2006,""img"":""https://game.gtimg.cn/images/lol/act/jkzlk/gamedata/equip/2006.png""}"
9,2,4,2012,https://game.gtimg.cn/images/lol/act/jkzlk/gamedata/equip/2052.png,"{""equipmentId"":2012,""img"":""https://game.gtimg.cn/images/lol/act/jkzlk/gamedata/equip/2052.png""}"
10,2,5,2039,https://game.gtimg.cn/images/lol/act/jkzlk/gamedata/equip/2039.png,"{""equipmentId"":2039,""img"":""https://game.gtimg.cn/images/lol/act/jkzlk/gamedata/equip/2039.png""}"
11,3,1,2004,https://game.gtimg.cn/images/lol/act/jkzlk/gamedata/equip/2004.png,"{""equipmentId"":2004,""img"":""https://game.gtimg.cn/images/lol/act/jkzlk/gamedata/equip/2004.png""}"
12,3,2,2001,https://game.gtimg.cn/images/lol/act/jkzlk/gamedata/equip/2001.png,"{""equipmentId"":2001,""img"":""https://game.gtimg.cn/images/lol/act/jkzlk/gamedata/equip/2001.png""}"
13,3,3,2010,https://game.gtimg.cn/images/lol/act/jkzlk/gamedata/equip/2010.png,"{""equipmentId"":2010,""img"":""https://game.gtimg.cn/images/lol/act/jkzlk/gamedata/equip/2010.png""}"
14,3,4,2037,https://game.gtimg.cn/images/lol/act/jkzlk/gamedata/equip/2053.png,"{""equipmentId"":2037,""img"":""https://game.gtimg.cn/images/lol/act/jkzlk/gamedata/equip/2053.png""}"
15,3,5,2009,https://game.gtimg.cn/images/lol/act/jkzlk/gamedata/equip/2009.png,"{""equipmentId"":2009,""img"":""https://game.gtimg.cn/images/lol/act/jkzlk/gamedata/equip/2009.png""}"
16,4,1,2028,https://game.gtimg.cn/images/lol/act/jkzlk/gamedata/equip/2248.png,"{""equipmentId"":2028,""img"":""https://game.gtimg.cn/images/lol/act/jkzlk/gamedata/equip/2248.png""}"
17,4,2,2044,https://game.gtimg.cn/images/lol/act/jkzlk/gamedata/equip/2044.png,"{""equipmentId"":2044,""img"":""https://game.gtimg.cn/images/lol/act/jkzlk/gamedata/equip/2044.png""}"
18,4,3,2029,https://game.gtimg.cn/images/lol/act/jkzlk/gamedata/equip/2329.png,"{""equipmentId"":2029,""img"":""https://game.gtimg.cn/images/lol/act/jkzlk/gamedata/equip/2329.png""}"
19,4,4,2036,https://game.gtimg.cn/images/lol/act/jkzlk/gamedata/equip/2036.png,"{""equipmentId"":2036,""img"":""https://game.gtimg.cn/images/lol/act/jkzlk/gamedata/equip/2036.png""}"
20,4,5,2025,https://game.gtimg.cn/images/lol/act/jkzlk/gamedata/equip/spiritvisage.png,"{""equipmentId"":2025,""img"":""https://game.gtimg.cn/images/lol/act/jkzlk/gamedata/equip/spiritvisage.png""}"
21,5,1,2029,https://game.gtimg.cn/images/lol/act/jkzlk/gamedata/equip/2329.png,"{""equipmentId"":2029,""img"":""https://game.gtimg.cn/images/lol/act/jkzlk/gamedata/equip/2329.png""}"
22,5,2,2023,https://game.gtimg.cn/images/lol/act/jkzlk/gamedata/equip/2023.png,"{""equipmentId"":2023,""img"":""https://game.gtimg.cn/images/lol/act/jkzlk/gamedata/equip/2023.png""}"
23,5,3,2028,https://game.gtimg.cn/images/lol/act/jkzlk/gamedata/equip/2248.png,"{""equipmentId"":2028,""img"":""https://game.gtimg.cn/images/lol/act/jkzlk/gamedata/equip/2248.png""}"
24,5,4,2025,https://game.gtimg.cn/images/lol/act/jkzlk/gamedata/equip/spiritvisage.png,"{""equipmentId"":2025,""img"":""https://game.gtimg.cn/images/lol/act/jkzlk/gamedata/equip/spiritvisage.png""}"
25,5,5,2032,https://game.gtimg.cn/images/lol/act/jkzlk/gamedata/equip/evenshroud.png,"{""equipmentId"":2032,""img"":""https://game.gtimg.cn/images/lol/act/jkzlk/gamedata/equip/evenshroud.png""}"
26,6,1,2038,https://game.gtimg.cn/images/lol/act/jkzlk/gamedata/equip/2038.png,"{""equipmentId"":2038,""img"":""https://game.gtimg.cn/images/lol/act/jkzlk/gamedata/equip/2038.png""}"
27,6,2,2006,https://game.gtimg.cn/images/lol/act/jkzlk/gamedata/equip/2006.png,"{""equipmentId"":2006,""img"":""https://game.gtimg.cn/images/lol/act/jkzlk/gamedata/equip/2006.png""}"
28,6,3,2039,https://game.gtimg.cn/images/lol/act/jkzlk/gamedata/equip/2039.png,"{""equipmentId"":2039,""img"":""https://game.gtimg.cn/images/lol/act/jkzlk/gamedata/equip/2039.png""}"
29,6,4,2044,https://game.gtimg.cn/images/lol/act/jkzlk/gamedata/equip/2044.png,"{""equipmentId"":2044,""img"":""https://game.gtimg.cn/images/lol/act/jkzlk/gamedata/equip/2044.png""}"
30,6,5,2024,https://game.gtimg.cn/images/lol/act/jkzlk/gamedata/equip/adaptivehelm.png,"{""equipmentId"":2024,""img"":""https://game.gtimg.cn/images/lol/act/jkzlk/gamedata/equip/adaptivehelm.png""}"
31,7,1,2029,https://game.gtimg.cn/images/lol/act/jkzlk/gamedata/equip/2329.png,"{""equipmentId"":2029,""img"":""https://game.gtimg.cn/images/lol/act/jkzlk/gamedata/equip/2329.png""}"
32,7,2,2032,https://game.gtimg.cn/images/lol/act/jkzlk/gamedata/equip/evenshroud.png,"{""equipmentId"":2032,""img"":""https://game.gtimg.cn/images/lol/act/jkzlk/gamedata/equip/evenshroud.png""}"
33,7,3,2025,https://game.gtimg.cn/images/lol/act/jkzlk/gamedata/equip/spiritvisage.png,"{""equipmentId"":2025,""img"":""https://game.gtimg.cn/images/lol/act/jkzlk/gamedata/equip/spiritvisage.png""}"
34,7,4,2028,https://game.gtimg.cn/images/lol/act/jkzlk/gamedata/equip/2248.png,"{""equipmentId"":2028,""img"":""https://game.gtimg.cn/images/lol/act/jkzlk/gamedata/equip/2248.png""}"
35,7,5,2007,https://game.gtimg.cn/images/lol/act/jkzlk/gamedata/equip/steraksgage.png,"{""equipmentId"":2007,""img"":""https://game.gtimg.cn/images/lol/act/jkzlk/gamedata/equip/steraksgage.png""}"
36,8,1,2012,https://game.gtimg.cn/images/lol/act/jkzlk/gamedata/equip/2052.png,"{""equipmentId"":2012,""img"":""https://game.gtimg.cn/images/lol/act/jkzlk/gamedata/equip/2052.png""}"
37,8,2,2024,https://game.gtimg.cn/images/lol/act/jkzlk/gamedata/equip/adaptivehelm.png,"{""equipmentId"":2024,""img"":""https://game.gtimg.cn/images/lol/act/jkzlk/gamedata/equip/adaptivehelm.png""}"
38,8,3,2007,https://game.gtimg.cn/images/lol/act/jkzlk/gamedata/equip/steraksgage.png,"{""equipmentId"":2007,""img"":""https://game.gtimg.cn/images/lol/act/jkzlk/gamedata/equip/steraksgage.png""}"
39,8,4,2028,https://game.gtimg.cn/images/lol/act/jkzlk/gamedata/equip/2248.png,"{""equipmentId"":2028,""img"":""https://game.gtimg.cn/images/lol/act/jkzlk/gamedata/equip/2248.png""}"
40,8,5,41602,https://game.gtimg.cn/images/lol/act/jkzlk/gamedata/equip/41602.png,"{""equipmentId"":41602,""img"":""https://game.gtimg.cn/images/lol/act/jkzlk/gamedata/equip/41602.png""}"
41,9,1,2029,https://game.gtimg.cn/images/lol/act/jkzlk/gamedata/equip/2329.png,"{""equipmentId"":2029,""img"":""https://game.gtimg.cn/images/lol/act/jkzlk/gamedata/equip/2329.png""}"
42,9,2,2044,https://game.gtimg.cn/images/lol/act/jkzlk/gamedata/equip/2044.png,"{""equipmentId"":2044,""img"":""https://game.gtimg.cn/images/lol/act/jkzlk/gamedata/equip/2044.png""}"
43,9,3,2023,https://game.gtimg.cn/images/lol/act/jkzlk/gamedata/equip/2023.png,"{""equipmentId"":2023,""img"":""https://game.gtimg.cn/images/lol/act/jkzlk/gamedata/equip/2023.png""}"
44,9,4,2025,https://game.gtimg.cn/images/lol/act/jkzlk/gamedata/equip/spiritvisage.png,"{""equipmentId"":2025,""img"":""https://game.gtimg.cn/images/lol/act/jkzlk/gamedata/equip/spiritvisage.png""}"
45,9,5,2028,https://game.gtimg.cn/images/lol/act/jkzlk/gamedata/equip/2248.png,"{""equipmentId"":2028,""img"":""https://game.gtimg.cn/images/lol/act/jkzlk/gamedata/equip/2248.png""}"
46,10,1,2029,https://game.gtimg.cn/images/lol/act/jkzlk/gamedata/equip/2329.png,"{""equipmentId"":2029,""img"":""https://game.gtimg.cn/images/lol/act/jkzlk/gamedata/equip/2329.png""}"
47,10,2,2032,https://game.gtimg.cn/images/lol/act/jkzlk/gamedata/equip/evenshroud.png,"{""equipmentId"":2032,""img"":""https://game.gtimg.cn/images/lol/act/jkzlk/gamedata/equip/evenshroud.png""}"
48,10,3,2025,https://game.gtimg.cn/images/lol/act/jkzlk/gamedata/equip/spiritvisage.png,"{""equipmentId"":2025,""img"":""https://game.gtimg.cn/images/lol/act/jkzlk/gamedata/equip/spiritvisage.png""}"
49,10,4,2028,https://game.gtimg.cn/images/lol/act/jkzlk/gamedata/equip/2248.png,"{""equipmentId"":2028,""img"":""https://game.gtimg.cn/images/lol/act/jkzlk/gamedata/equip/2248.png""}"
50,10,5,2023,https://game.gtimg.cn/images/lol/act/jkzlk/gamedata/equip/2023.png,"{""equipmentId"":2023,""img"":""https://game.gtimg.cn/images/lol/act/jkzlk/gamedata/equip/2023.png""}"
51,11,1,2010,https://game.gtimg.cn/images/lol/act/jkzlk/gamedata/equip/2010.png,"{""equipmentId"":2010,""img"":""https://game.gtimg.cn/images/lol/act/jkzlk/gamedata/equip/2010.png""}"
52,11,2,2013,https://game.gtimg.cn/images/lol/act/jkzlk/gamedata/equip/krakensfury.png,"{""equipmentId"":2013,""img"":""https://game.gtimg.cn/images/lol/act/jkzlk/gamedata/equip/krakensfury.png""}"
53,11,3,2045,https://game.gtimg.cn/images/lol/act/jkzlk/gamedata/equip/2045.png,"{""equipmentId"":2045,""img"":""https://game.gtimg.cn/images/lol/act/jkzlk/gamedata/equip/2045.png""}"
54,11,4,2046,https://game.gtimg.cn/images/lol/act/jkzlk/gamedata/equip/2046.png,"{""equipmentId"":2046,""img"":""https://game.gtimg.cn/images/lol/act/jkzlk/gamedata/equip/2046.png""}"
55,11,5,2041,https://game.gtimg.cn/images/lol/act/jkzlk/gamedata/equip/2041.png,"{""equipmentId"":2041,""img"":""https://game.gtimg.cn/images/lol/act/jkzlk/gamedata/equip/2041.png""}"
56,12,1,2029,https://game.gtimg.cn/images/lol/act/jkzlk/gamedata/equip/2329.png,"{""equipmentId"":2029,""img"":""https://game.gtimg.cn/images/lol/act/jkzlk/gamedata/equip/2329.png""}"
57,12,2,2028,https://game.gtimg.cn/images/lol/act/jkzlk/gamedata/equip/2248.png,"{""equipmentId"":2028,""img"":""https://game.gtimg.cn/images/lol/act/jkzlk/gamedata/equip/2248.png""}"
58,12,3,2025,https://game.gtimg.cn/images/lol/act/jkzlk/gamedata/equip/spiritvisage.png,"{""equipmentId"":2025,""img"":""https://game.gtimg.cn/images/lol/act/jkzlk/gamedata/equip/spiritvisage.png""}"
59,12,4,2032,https://game.gtimg.cn/images/lol/act/jkzlk/gamedata/equip/evenshroud.png,"{""equipmentId"":2032,""img"":""https://game.gtimg.cn/images/lol/act/jkzlk/gamedata/equip/evenshroud.png""}"
60,12,5,2023,https://game.gtimg.cn/images/lol/act/jkzlk/gamedata/equip/2023.png,"{""equipmentId"":2023,""img"":""https://game.gtimg.cn/images/lol/act/jkzlk/gamedata/equip/2023.png""}"
61,13,1,2029,https://game.gtimg.cn/images/lol/act/jkzlk/gamedata/equip/2329.png,"{""equipmentId"":2029,""img"":""https://game.gtimg.cn/images/lol/act/jkzlk/gamedata/equip/2329.png""}"
62,13,2,2044,https://game.gtimg.cn/images/lol/act/jkzlk/gamedata/equip/2044.png,"{""equipmentId"":2044,""img"":""https://game.gtimg.cn/images/lol/act/jkzlk/gamedata/equip/2044.png""}"
63,13,3,2025,https://game.gtimg.cn/images/lol/act/jkzlk/gamedata/equip/spiritvisage.png,"{""equipmentId"":2025,""img"":""https://game.gtimg.cn/images/lol/act/jkzlk/gamedata/equip/spiritvisage.png""}"
64,13,4,2032,https://game.gtimg.cn/images/lol/act/jkzlk/gamedata/equip/evenshroud.png,"{""equipmentId"":2032,""img"":""https://game.gtimg.cn/images/lol/act/jkzlk/gamedata/equip/evenshroud.png""}"
65,13,5,2023,https://game.gtimg.cn/images/lol/act/jkzlk/gamedata/equip/2023.png,"{""equipmentId"":2023,""img"":""https://game.gtimg.cn/images/lol/act/jkzlk/gamedata/equip/2023.png""}"
66,14,1,2001,https://game.gtimg.cn/images/lol/act/jkzlk/gamedata/equip/2001.png,"{""equipmentId"":2001,""img"":""https://game.gtimg.cn/images/lol/act/jkzlk/gamedata/equip/2001.png""}"
67,14,2,2010,https://game.gtimg.cn/images/lol/act/jkzlk/gamedata/equip/2010.png,"{""equipmentId"":2010,""img"":""https://game.gtimg.cn/images/lol/act/jkzlk/gamedata/equip/2010.png""}"
68,14,3,9181,https://game.gtimg.cn/images/lol/act/jkzlk/gamedata/equip/deadmansdagger.png,"{""equipmentId"":9181,""img"":""https://game.gtimg.cn/images/lol/act/jkzlk/gamedata/equip/deadmansdagger.png""}"
69,14,4,2004,https://game.gtimg.cn/images/lol/act/jkzlk/gamedata/equip/2004.png,"{""equipmentId"":2004,""img"":""https://game.gtimg.cn/images/lol/act/jkzlk/gamedata/equip/2004.png""}"
70,14,5,9182,https://game.gtimg.cn/images/lol/act/jkzlk/gamedata/equip/firstmatesflintlock.png,"{""equipmentId"":9182,""img"":""https://game.gtimg.cn/images/lol/act/jkzlk/gamedata/equip/firstmatesflintlock.png""}"
71,15,1,2029,https://game.gtimg.cn/images/lol/act/jkzlk/gamedata/equip/2329.png,"{""equipmentId"":2029,""img"":""https://game.gtimg.cn/images/lol/act/jkzlk/gamedata/equip/2329.png""}"
72,15,2,2032,https://game.gtimg.cn/images/lol/act/jkzlk/gamedata/equip/evenshroud.png,"{""equipmentId"":2032,""img"":""https://game.gtimg.cn/images/lol/act/jkzlk/gamedata/equip/evenshroud.png""}"
73,15,3,2028,https://game.gtimg.cn/images/lol/act/jkzlk/gamedata/equip/2248.png,"{""equipmentId"":2028,""img"":""https://game.gtimg.cn/images/lol/act/jkzlk/gamedata/equip/2248.png""}"
74,15,4,2025,https://game.gtimg.cn/images/lol/act/jkzlk/gamedata/equip/spiritvisage.png,"{""equipmentId"":2025,""img"":""https://game.gtimg.cn/images/lol/act/jkzlk/gamedata/equip/spiritvisage.png""}"
75,15,5,2023,https://game.gtimg.cn/images/lol/act/jkzlk/gamedata/equip/2023.png,"{""equipmentId"":2023,""img"":""https://game.gtimg.cn/images/lol/act/jkzlk/gamedata/equip/2023.png""}"
76,16,1,2028,https://game.gtimg.cn/images/lol/act/jkzlk/gamedata/equip/2248.png,"{""equipmentId"":2028,""img"":""https://game.gtimg.cn/images/lol/act/jkzlk/gamedata/equip/2248.png""}"
77,16,2,2029,https://game.gtimg.cn/images/lol/act/jkzlk/gamedata/equip/2329.png,"{""equipmentId"":2029,""img"":""https://game.gtimg.cn/images/lol/act/jkzlk/gamedata/equip/2329.png""}"
78,16,3,2025,https://game.gtimg.cn/images/lol/act/jkzlk/gamedata/equip/spiritvisage.png,"{""equipmentId"":2025,""img"":""https://game.gtimg.cn/images/lol/act/jkzlk/gamedata/equip/spiritvisage.png""}"
79,16,4,2032,https://game.gtimg.cn/images/lol/act/jkzlk/gamedata/equip/evenshroud.png,"{""equipmentId"":2032,""img"":""https://game.gtimg.cn/images/lol/act/jkzlk/gamedata/equip/evenshroud.png""}"
80,16,5,2023,https://game.gtimg.cn/images/lol/act/jkzlk/gamedata/equip/2023.png,"{""equipmentId"":2023,""img"":""https://game.gtimg.cn/images/lol/act/jkzlk/gamedata/equip/2023.png""}"
81,17,1,2029,https://game.gtimg.cn/images/lol/act/jkzlk/gamedata/equip/2329.png,"{""equipmentId"":2029,""img"":""https://game.gtimg.cn/images/lol/act/jkzlk/gamedata/equip/2329.png""}"
82,17,2,2032,https://game.gtimg.cn/images/lol/act/jkzlk/gamedata/equip/evenshroud.png,"{""equipmentId"":2032,""img"":""https://game.gtimg.cn/images/lol/act/jkzlk/gamedata/equip/evenshroud.png""}"
83,17,3,2025,https://game.gtimg.cn/images/lol/act/jkzlk/gamedata/equip/spiritvisage.png,"{""equipmentId"":2025,""img"":""https://game.gtimg.cn/images/lol/act/jkzlk/gamedata/equip/spiritvisage.png""}"
84,17,4,2028,https://game.gtimg.cn/images/lol/act/jkzlk/gamedata/equip/2248.png,"{""equipmentId"":2028,""img"":""https://game.gtimg.cn/images/lol/act/jkzlk/gamedata/equip/2248.png""}"
85,17,5,2023,https://game.gtimg.cn/images/lol/act/jkzlk/gamedata/equip/2023.png,"{""equipmentId"":2023,""img"":""https://game.gtimg.cn/images/lol/act/jkzlk/gamedata/equip/2023.png""}"
86,18,1,2010,https://game.gtimg.cn/images/lol/act/jkzlk/gamedata/equip/2010.png,"{""equipmentId"":2010,""img"":""https://game.gtimg.cn/images/lol/act/jkzlk/gamedata/equip/2010.png""}"
87,18,2,2001,https://game.gtimg.cn/images/lol/act/jkzlk/gamedata/equip/2001.png,"{""equipmentId"":2001,""img"":""https://game.gtimg.cn/images/lol/act/jkzlk/gamedata/equip/2001.png""}"
88,18,3,2045,https://game.gtimg.cn/images/lol/act/jkzlk/gamedata/equip/2045.png,"{""equipmentId"":2045,""img"":""https://game.gtimg.cn/images/lol/act/jkzlk/gamedata/equip/2045.png""}"
89,18,4,2003,https://game.gtimg.cn/images/lol/act/jkzlk/gamedata/equip/2003.png,"{""equipmentId"":2003,""img"":""https://game.gtimg.cn/images/lol/act/jkzlk/gamedata/equip/2003.png""}"
90,18,5,2013,https://game.gtimg.cn/images/lol/act/jkzlk/gamedata/equip/krakensfury.png,"{""equipmentId"":2013,""img"":""https://game.gtimg.cn/images/lol/act/jkzlk/gamedata/equip/krakensfury.png""}"
91,19,1,2044,https://game.gtimg.cn/images/lol/act/jkzlk/gamedata/equip/2044.png,"{""equipmentId"":2044,""img"":""https://game.gtimg.cn/images/lol/act/jkzlk/gamedata/equip/2044.png""}"
92,19,2,2024,https://game.gtimg.cn/images/lol/act/jkzlk/gamedata/equip/adaptivehelm.png,"{""equipmentId"":2024,""img"":""https://game.gtimg.cn/images/lol/act/jkzlk/gamedata/equip/adaptivehelm.png""}"
93,19,3,2031,https://game.gtimg.cn/images/lol/act/jkzlk/gamedata/equip/2031.png,"{""equipmentId"":2031,""img"":""https://game.gtimg.cn/images/lol/act/jkzlk/gamedata/equip/2031.png""}"
94,19,4,2023,https://game.gtimg.cn/images/lol/act/jkzlk/gamedata/equip/2023.png,"{""equipmentId"":2023,""img"":""https://game.gtimg.cn/images/lol/act/jkzlk/gamedata/equip/2023.png""}"
95,19,5,41616,https://game.gtimg.cn/images/lol/act/jkzlk/gamedata/equip/41616.png,"{""equipmentId"":41616,""img"":""https://game.gtimg.cn/images/lol/act/jkzlk/gamedata/equip/41616.png""}"
96,20,1,1002,https://game.gtimg.cn/images/lol/act/jkzlk/gamedata/equip/1002.png,"{""equipmentId"":1002,""img"":""https://game.gtimg.cn/images/lol/act/jkzlk/gamedata/equip/1002.png""}"
97,20,2,2036,https://game.gtimg.cn/images/lol/act/jkzlk/gamedata/equip/2036.png,"{""equipmentId"":2036,""img"":""https://game.gtimg.cn/images/lol/act/jkzlk/gamedata/equip/2036.png""}"
98,20,3,2048,https://game.gtimg.cn/images/lol/act/jkzlk/gamedata/equip/tactician_s_cape.png,"{""equipmentId"":2048,""img"":""https://game.gtimg.cn/images/lol/act/jkzlk/gamedata/equip/tactician_s_cape.png""}"
99,20,4,1003,https://game.gtimg.cn/images/lol/act/jkzlk/gamedata/equip/1003.png,"{""equipmentId"":1003,""img"":""https://game.gtimg.cn/images/lol/act/jkzlk/gamedata/equip/1003.png""}"
100,20,5,1009,https://game.gtimg.cn/images/lol/act/jkzlk/gamedata/equip/1009.png,"{""equipmentId"":1009,""img"":""https://game.gtimg.cn/images/lol/act/jkzlk/gamedata/equip/1009.png""}"
101,21,1,2010,https://game.gtimg.cn/images/lol/act/jkzlk/gamedata/equip/2010.png,"{""equipmentId"":2010,""img"":""https://game.gtimg.cn/images/lol/act/jkzlk/gamedata/equip/2010.png""}"
102,21,2,2037,https://game.gtimg.cn/images/lol/act/jkzlk/gamedata/equip/2053.png,"{""equipmentId"":2037,""img"":""https://game.gtimg.cn/images/lol/act/jkzlk/gamedata/equip/2053.png""}"
103,21,3,1002,https://game.gtimg.cn/images/lol/act/jkzlk/gamedata/equip/1002.png,"{""equipmentId"":1002,""img"":""https://game.gtimg.cn/images/lol/act/jkzlk/gamedata/equip/1002.png""}"
104,21,4,2001,https://game.gtimg.cn/images/lol/act/jkzlk/gamedata/equip/2001.png,"{""equipmentId"":2001,""img"":""https://game.gtimg.cn/images/lol/act/jkzlk/gamedata/equip/2001.png""}"
105,21,5,2009,https://game.gtimg.cn/images/lol/act/jkzlk/gamedata/equip/2009.png,"{""equipmentId"":2009,""img"":""https://game.gtimg.cn/images/lol/act/jkzlk/gamedata/equip/2009.png""}"
106,22,1,2038,https://game.gtimg.cn/images/lol/act/jkzlk/gamedata/equip/2038.png,"{""equipmentId"":2038,""img"":""https://game.gtimg.cn/images/lol/act/jkzlk/gamedata/equip/2038.png""}"
107,22,2,2004,https://game.gtimg.cn/images/lol/act/jkzlk/gamedata/equip/2004.png,"{""equipmentId"":2004,""img"":""https://game.gtimg.cn/images/lol/act/jkzlk/gamedata/equip/2004.png""}"
108,22,3,2011,https://game.gtimg.cn/images/lol/act/jkzlk/gamedata/equip/voidstaff.png,"{""equipmentId"":2011,""img"":""https://game.gtimg.cn/images/lol/act/jkzlk/gamedata/equip/voidstaff.png""}"
109,22,4,2017,https://game.gtimg.cn/images/lol/act/jkzlk/gamedata/equip/2017.png,"{""equipmentId"":2017,""img"":""https://game.gtimg.cn/images/lol/act/jkzlk/gamedata/equip/2017.png""}"
110,22,5,2014,https://game.gtimg.cn/images/lol/act/jkzlk/gamedata/equip/nashorstooth.png,"{""equipmentId"":2014,""img"":""https://game.gtimg.cn/images/lol/act/jkzlk/gamedata/equip/nashorstooth.png""}"
111,23,1,2004,https://game.gtimg.cn/images/lol/act/jkzlk/gamedata/equip/2004.png,"{""equipmentId"":2004,""img"":""https://game.gtimg.cn/images/lol/act/jkzlk/gamedata/equip/2004.png""}"
112,23,2,2038,https://game.gtimg.cn/images/lol/act/jkzlk/gamedata/equip/2038.png,"{""equipmentId"":2038,""img"":""https://game.gtimg.cn/images/lol/act/jkzlk/gamedata/equip/2038.png""}"
113,23,3,2044,https://game.gtimg.cn/images/lol/act/jkzlk/gamedata/equip/2044.png,"{""equipmentId"":2044,""img"":""https://game.gtimg.cn/images/lol/act/jkzlk/gamedata/equip/2044.png""}"
114,23,4,2011,https://game.gtimg.cn/images/lol/act/jkzlk/gamedata/equip/voidstaff.png,"{""equipmentId"":2011,""img"":""https://game.gtimg.cn/images/lol/act/jkzlk/gamedata/equip/voidstaff.png""}"
115,23,5,2009,https://game.gtimg.cn/images/lol/act/jkzlk/gamedata/equip/2009.png,"{""equipmentId"":2009,""img"":""https://game.gtimg.cn/images/lol/act/jkzlk/gamedata/equip/2009.png""}"
116,24,1,2029,https://game.gtimg.cn/images/lol/act/jkzlk/gamedata/equip/2329.png,"{""equipmentId"":2029,""img"":""https://game.gtimg.cn/images/lol/act/jkzlk/gamedata/equip/2329.png""}"
117,24,2,2025,https://game.gtimg.cn/images/lol/act/jkzlk/gamedata/equip/spiritvisage.png,"{""equipmentId"":2025,""img"":""https://game.gtimg.cn/images/lol/act/jkzlk/gamedata/equip/spiritvisage.png""}"
118,24,3,2028,https://game.gtimg.cn/images/lol/act/jkzlk/gamedata/equip/2248.png,"{""equipmentId"":2028,""img"":""https://game.gtimg.cn/images/lol/act/jkzlk/gamedata/equip/2248.png""}"
119,24,4,2032,https://game.gtimg.cn/images/lol/act/jkzlk/gamedata/equip/evenshroud.png,"{""equipmentId"":2032,""img"":""https://game.gtimg.cn/images/lol/act/jkzlk/gamedata/equip/evenshroud.png""}"
120,24,5,2019,https://game.gtimg.cn/images/lol/act/jkzlk/gamedata/equip/2019.png,"{""equipmentId"":2019,""img"":""https://game.gtimg.cn/images/lol/act/jkzlk/gamedata/equip/2019.png""}"
121,25,1,2044,https://game.gtimg.cn/images/lol/act/jkzlk/gamedata/equip/2044.png,"{""equipmentId"":2044,""img"":""https://game.gtimg.cn/images/lol/act/jkzlk/gamedata/equip/2044.png""}"
122,25,2,2038,https://game.gtimg.cn/images/lol/act/jkzlk/gamedata/equip/2038.png,"{""equipmentId"":2038,""img"":""https://game.gtimg.cn/images/lol/act/jkzlk/gamedata/equip/2038.png""}"
123,25,3,2019,https://game.gtimg.cn/images/lol/act/jkzlk/gamedata/equip/2019.png,"{""equipmentId"":2019,""img"":""https://game.gtimg.cn/images/lol/act/jkzlk/gamedata/equip/2019.png""}"
124,25,4,2011,https://game.gtimg.cn/images/lol/act/jkzlk/gamedata/equip/voidstaff.png,"{""equipmentId"":2011,""img"":""https://game.gtimg.cn/images/lol/act/jkzlk/gamedata/equip/voidstaff.png""}"
125,25,5,2016,https://game.gtimg.cn/images/lol/act/jkzlk/gamedata/equip/2016.png,"{""equipmentId"":2016,""img"":""https://game.gtimg.cn/images/lol/act/jkzlk/gamedata/equip/2016.png""}"
126,26,1,2038,https://game.gtimg.cn/images/lol/act/jkzlk/gamedata/equip/2038.png,"{""equipmentId"":2038,""img"":""https://game.gtimg.cn/images/lol/act/jkzlk/gamedata/equip/2038.png""}"
127,26,2,2004,https://game.gtimg.cn/images/lol/act/jkzlk/gamedata/equip/2004.png,"{""equipmentId"":2004,""img"":""https://game.gtimg.cn/images/lol/act/jkzlk/gamedata/equip/2004.png""}"
128,26,3,2014,https://game.gtimg.cn/images/lol/act/jkzlk/gamedata/equip/nashorstooth.png,"{""equipmentId"":2014,""img"":""https://game.gtimg.cn/images/lol/act/jkzlk/gamedata/equip/nashorstooth.png""}"
129,26,4,2016,https://game.gtimg.cn/images/lol/act/jkzlk/gamedata/equip/2016.png,"{""equipmentId"":2016,""img"":""https://game.gtimg.cn/images/lol/act/jkzlk/gamedata/equip/2016.png""}"
130,26,5,2046,https://game.gtimg.cn/images/lol/act/jkzlk/gamedata/equip/2046.png,"{""equipmentId"":2046,""img"":""https://game.gtimg.cn/images/lol/act/jkzlk/gamedata/equip/2046.png""}"
131,27,1,2028,https://game.gtimg.cn/images/lol/act/jkzlk/gamedata/equip/2248.png,"{""equipmentId"":2028,""img"":""https://game.gtimg.cn/images/lol/act/jkzlk/gamedata/equip/2248.png""}"
132,27,2,2025,https://game.gtimg.cn/images/lol/act/jkzlk/gamedata/equip/spiritvisage.png,"{""equipmentId"":2025,""img"":""https://game.gtimg.cn/images/lol/act/jkzlk/gamedata/equip/spiritvisage.png""}"
133,27,3,2040,https://game.gtimg.cn/images/lol/act/jkzlk/gamedata/equip/nightharvester.png,"{""equipmentId"":2040,""img"":""https://game.gtimg.cn/images/lol/act/jkzlk/gamedata/equip/nightharvester.png""}"
134,27,4,2027,https://game.gtimg.cn/images/lol/act/jkzlk/gamedata/equip/2054.png,"{""equipmentId"":2027,""img"":""https://game.gtimg.cn/images/lol/act/jkzlk/gamedata/equip/2054.png""}"
135,27,5,2018,https://game.gtimg.cn/images/lol/act/jkzlk/gamedata/equip/crownguard.png,"{""equipmentId"":2018,""img"":""https://game.gtimg.cn/images/lol/act/jkzlk/gamedata/equip/crownguard.png""}"
136,28,1,2023,https://game.gtimg.cn/images/lol/act/jkzlk/gamedata/equip/2023.png,"{""equipmentId"":2023,""img"":""https://game.gtimg.cn/images/lol/act/jkzlk/gamedata/equip/2023.png""}"
137,28,2,9184,https://game.gtimg.cn/images/lol/act/jkzlk/gamedata/equip/pileocitrus.png,"{""equipmentId"":9184,""img"":""https://game.gtimg.cn/images/lol/act/jkzlk/gamedata/equip/pileocitrus.png""}"
138,28,3,2025,https://game.gtimg.cn/images/lol/act/jkzlk/gamedata/equip/spiritvisage.png,"{""equipmentId"":2025,""img"":""https://game.gtimg.cn/images/lol/act/jkzlk/gamedata/equip/spiritvisage.png""}"
139,28,4,2024,https://game.gtimg.cn/images/lol/act/jkzlk/gamedata/equip/adaptivehelm.png,"{""equipmentId"":2024,""img"":""https://game.gtimg.cn/images/lol/act/jkzlk/gamedata/equip/adaptivehelm.png""}"
140,28,5,9183,https://game.gtimg.cn/images/lol/act/jkzlk/gamedata/equip/barknuckles.png,"{""equipmentId"":9183,""img"":""https://game.gtimg.cn/images/lol/act/jkzlk/gamedata/equip/barknuckles.png""}"
141,29,1,2038,https://game.gtimg.cn/images/lol/act/jkzlk/gamedata/equip/2038.png,"{""equipmentId"":2038,""img"":""https://game.gtimg.cn/images/lol/act/jkzlk/gamedata/equip/2038.png""}"
142,29,2,2004,https://game.gtimg.cn/images/lol/act/jkzlk/gamedata/equip/2004.png,"{""equipmentId"":2004,""img"":""https://game.gtimg.cn/images/lol/act/jkzlk/gamedata/equip/2004.png""}"
143,29,3,2017,https://game.gtimg.cn/images/lol/act/jkzlk/gamedata/equip/2017.png,"{""equipmentId"":2017,""img"":""https://game.gtimg.cn/images/lol/act/jkzlk/gamedata/equip/2017.png""}"
144,29,4,2014,https://game.gtimg.cn/images/lol/act/jkzlk/gamedata/equip/nashorstooth.png,"{""equipmentId"":2014,""img"":""https://game.gtimg.cn/images/lol/act/jkzlk/gamedata/equip/nashorstooth.png""}"
145,29,5,2011,https://game.gtimg.cn/images/lol/act/jkzlk/gamedata/equip/voidstaff.png,"{""equipmentId"":2011,""img"":""https://game.gtimg.cn/images/lol/act/jkzlk/gamedata/equip/voidstaff.png""}"
146,30,1,2038,https://game.gtimg.cn/images/lol/act/jkzlk/gamedata/equip/2038.png,"{""equipmentId"":2038,""img"":""https://game.gtimg.cn/images/lol/act/jkzlk/gamedata/equip/2038.png""}"
147,30,2,2014,https://game.gtimg.cn/images/lol/act/jkzlk/gamedata/equip/nashorstooth.png,"{""equipmentId"":2014,""img"":""https://game.gtimg.cn/images/lol/act/jkzlk/gamedata/equip/nashorstooth.png""}"
148,30,3,2004,https://game.gtimg.cn/images/lol/act/jkzlk/gamedata/equip/2004.png,"{""equipmentId"":2004,""img"":""https://game.gtimg.cn/images/lol/act/jkzlk/gamedata/equip/2004.png""}"
149,30,4,2003,https://game.gtimg.cn/images/lol/act/jkzlk/gamedata/equip/2003.png,"{""equipmentId"":2003,""img"":""https://game.gtimg.cn/images/lol/act/jkzlk/gamedata/equip/2003.png""}"
150,30,5,2017,https://game.gtimg.cn/images/lol/act/jkzlk/gamedata/equip/2017.png,"{""equipmentId"":2017,""img"":""https://game.gtimg.cn/images/lol/act/jkzlk/gamedata/equip/2017.png""}"
151,31,1,2001,https://game.gtimg.cn/images/lol/act/jkzlk/gamedata/equip/2001.png,"{""equipmentId"":2001,""img"":""https://game.gtimg.cn/images/lol/act/jkzlk/gamedata/equip/2001.png""}"
152,31,2,2007,https://game.gtimg.cn/images/lol/act/jkzlk/gamedata/equip/steraksgage.png,"{""equipmentId"":2007,""img"":""https://game.gtimg.cn/images/lol/act/jkzlk/gamedata/equip/steraksgage.png""}"
153,31,3,2022,https://game.gtimg.cn/images/lol/act/jkzlk/gamedata/equip/2222.png,"{""equipmentId"":2022,""img"":""https://game.gtimg.cn/images/lol/act/jkzlk/gamedata/equip/2222.png""}"
154,31,4,2006,https://game.gtimg.cn/images/lol/act/jkzlk/gamedata/equip/2006.png,"{""equipmentId"":2006,""img"":""https://game.gtimg.cn/images/lol/act/jkzlk/gamedata/equip/2006.png""}"
155,31,5,6099,https://game.gtimg.cn/images/lol/act/jkzlk/gamedata/equip/darkinscythe.png,"{""equipmentId"":6099,""img"":""https://game.gtimg.cn/images/lol/act/jkzlk/gamedata/equip/darkinscythe.png""}"
156,32,1,2010,https://game.gtimg.cn/images/lol/act/jkzlk/gamedata/equip/2010.png,"{""equipmentId"":2010,""img"":""https://game.gtimg.cn/images/lol/act/jkzlk/gamedata/equip/2010.png""}"
157,32,2,2001,https://game.gtimg.cn/images/lol/act/jkzlk/gamedata/equip/2001.png,"{""equipmentId"":2001,""img"":""https://game.gtimg.cn/images/lol/act/jkzlk/gamedata/equip/2001.png""}"
158,32,3,2045,https://game.gtimg.cn/images/lol/act/jkzlk/gamedata/equip/2045.png,"{""equipmentId"":2045,""img"":""https://game.gtimg.cn/images/lol/act/jkzlk/gamedata/equip/2045.png""}"
159,32,4,2037,https://game.gtimg.cn/images/lol/act/jkzlk/gamedata/equip/2053.png,"{""equipmentId"":2037,""img"":""https://game.gtimg.cn/images/lol/act/jkzlk/gamedata/equip/2053.png""}"
160,32,5,2046,https://game.gtimg.cn/images/lol/act/jkzlk/gamedata/equip/2046.png,"{""equipmentId"":2046,""img"":""https://game.gtimg.cn/images/lol/act/jkzlk/gamedata/equip/2046.png""}"
161,33,1,2029,https://game.gtimg.cn/images/lol/act/jkzlk/gamedata/equip/2329.png,"{""equipmentId"":2029,""img"":""https://game.gtimg.cn/images/lol/act/jkzlk/gamedata/equip/2329.png""}"
162,33,2,2028,https://game.gtimg.cn/images/lol/act/jkzlk/gamedata/equip/2248.png,"{""equipmentId"":2028,""img"":""https://game.gtimg.cn/images/lol/act/jkzlk/gamedata/equip/2248.png""}"
163,33,3,2025,https://game.gtimg.cn/images/lol/act/jkzlk/gamedata/equip/spiritvisage.png,"{""equipmentId"":2025,""img"":""https://game.gtimg.cn/images/lol/act/jkzlk/gamedata/equip/spiritvisage.png""}"
164,33,4,2019,https://game.gtimg.cn/images/lol/act/jkzlk/gamedata/equip/2019.png,"{""equipmentId"":2019,""img"":""https://game.gtimg.cn/images/lol/act/jkzlk/gamedata/equip/2019.png""}"
165,33,5,2023,https://game.gtimg.cn/images/lol/act/jkzlk/gamedata/equip/2023.png,"{""equipmentId"":2023,""img"":""https://game.gtimg.cn/images/lol/act/jkzlk/gamedata/equip/2023.png""}"
166,34,1,2044,https://game.gtimg.cn/images/lol/act/jkzlk/gamedata/equip/2044.png,"{""equipmentId"":2044,""img"":""https://game.gtimg.cn/images/lol/act/jkzlk/gamedata/equip/2044.png""}"
167,34,2,2029,https://game.gtimg.cn/images/lol/act/jkzlk/gamedata/equip/2329.png,"{""equipmentId"":2029,""img"":""https://game.gtimg.cn/images/lol/act/jkzlk/gamedata/equip/2329.png""}"
168,34,3,41616,https://game.gtimg.cn/images/lol/act/jkzlk/gamedata/equip/41616.png,"{""equipmentId"":41616,""img"":""https://game.gtimg.cn/images/lol/act/jkzlk/gamedata/equip/41616.png""}"
169,34,4,2032,https://game.gtimg.cn/images/lol/act/jkzlk/gamedata/equip/evenshroud.png,"{""equipmentId"":2032,""img"":""https://game.gtimg.cn/images/lol/act/jkzlk/gamedata/equip/evenshroud.png""}"
170,34,5,1006,https://game.gtimg.cn/images/lol/act/jkzlk/gamedata/equip/1006.png,"{""equipmentId"":1006,""img"":""https://game.gtimg.cn/images/lol/act/jkzlk/gamedata/equip/1006.png""}"
171,35,1,2028,https://game.gtimg.cn/images/lol/act/jkzlk/gamedata/equip/2248.png,"{""equipmentId"":2028,""img"":""https://game.gtimg.cn/images/lol/act/jkzlk/gamedata/equip/2248.png""}"
172,35,2,2025,https://game.gtimg.cn/images/lol/act/jkzlk/gamedata/equip/spiritvisage.png,"{""equipmentId"":2025,""img"":""https://game.gtimg.cn/images/lol/act/jkzlk/gamedata/equip/spiritvisage.png""}"
173,35,3,2007,https://game.gtimg.cn/images/lol/act/jkzlk/gamedata/equip/steraksgage.png,"{""equipmentId"":2007,""img"":""https://game.gtimg.cn/images/lol/act/jkzlk/gamedata/equip/steraksgage.png""}"
174,35,4,2029,https://game.gtimg.cn/images/lol/act/jkzlk/gamedata/equip/2329.png,"{""equipmentId"":2029,""img"":""https://game.gtimg.cn/images/lol/act/jkzlk/gamedata/equip/2329.png""}"
175,35,5,2012,https://game.gtimg.cn/images/lol/act/jkzlk/gamedata/equip/2052.png,"{""equipmentId"":2012,""img"":""https://game.gtimg.cn/images/lol/act/jkzlk/gamedata/equip/2052.png""}"
176,36,1,2004,https://game.gtimg.cn/images/lol/act/jkzlk/gamedata/equip/2004.png,"{""equipmentId"":2004,""img"":""https://game.gtimg.cn/images/lol/act/jkzlk/gamedata/equip/2004.png""}"
177,36,2,2011,https://game.gtimg.cn/images/lol/act/jkzlk/gamedata/equip/voidstaff.png,"{""equipmentId"":2011,""img"":""https://game.gtimg.cn/images/lol/act/jkzlk/gamedata/equip/voidstaff.png""}"
178,36,3,2038,https://game.gtimg.cn/images/lol/act/jkzlk/gamedata/equip/2038.png,"{""equipmentId"":2038,""img"":""https://game.gtimg.cn/images/lol/act/jkzlk/gamedata/equip/2038.png""}"
179,36,4,2014,https://game.gtimg.cn/images/lol/act/jkzlk/gamedata/equip/nashorstooth.png,"{""equipmentId"":2014,""img"":""https://game.gtimg.cn/images/lol/act/jkzlk/gamedata/equip/nashorstooth.png""}"
180,36,5,2024,https://game.gtimg.cn/images/lol/act/jkzlk/gamedata/equip/adaptivehelm.png,"{""equipmentId"":2024,""img"":""https://game.gtimg.cn/images/lol/act/jkzlk/gamedata/equip/adaptivehelm.png""}"
181,37,1,9186,https://game.gtimg.cn/images/lol/act/jkzlk/gamedata/equip/captainsbrew.png,"{""equipmentId"":9186,""img"":""https://game.gtimg.cn/images/lol/act/jkzlk/gamedata/equip/captainsbrew.png""}"
182,37,2,9185,https://game.gtimg.cn/images/lol/act/jkzlk/gamedata/equip/luckydoubloon.png,"{""equipmentId"":9185,""img"":""https://game.gtimg.cn/images/lol/act/jkzlk/gamedata/equip/luckydoubloon.png""}"
183,37,3,2010,https://game.gtimg.cn/images/lol/act/jkzlk/gamedata/equip/2010.png,"{""equipmentId"":2010,""img"":""https://game.gtimg.cn/images/lol/act/jkzlk/gamedata/equip/2010.png""}"
184,37,4,2020,https://game.gtimg.cn/images/lol/act/jkzlk/gamedata/equip/2020.png,"{""equipmentId"":2020,""img"":""https://game.gtimg.cn/images/lol/act/jkzlk/gamedata/equip/2020.png""}"
185,37,5,2009,https://game.gtimg.cn/images/lol/act/jkzlk/gamedata/equip/2009.png,"{""equipmentId"":2009,""img"":""https://game.gtimg.cn/images/lol/act/jkzlk/gamedata/equip/2009.png""}"
186,38,1,2038,https://game.gtimg.cn/images/lol/act/jkzlk/gamedata/equip/2038.png,"{""equipmentId"":2038,""img"":""https://game.gtimg.cn/images/lol/act/jkzlk/gamedata/equip/2038.png""}"
187,38,2,2011,https://game.gtimg.cn/images/lol/act/jkzlk/gamedata/equip/voidstaff.png,"{""equipmentId"":2011,""img"":""https://game.gtimg.cn/images/lol/act/jkzlk/gamedata/equip/voidstaff.png""}"
188,38,3,2046,https://game.gtimg.cn/images/lol/act/jkzlk/gamedata/equip/2046.png,"{""equipmentId"":2046,""img"":""https://game.gtimg.cn/images/lol/act/jkzlk/gamedata/equip/2046.png""}"
189,38,4,2014,https://game.gtimg.cn/images/lol/act/jkzlk/gamedata/equip/nashorstooth.png,"{""equipmentId"":2014,""img"":""https://game.gtimg.cn/images/lol/act/jkzlk/gamedata/equip/nashorstooth.png""}"
190,38,5,2016,https://game.gtimg.cn/images/lol/act/jkzlk/gamedata/equip/2016.png,"{""equipmentId"":2016,""img"":""https://game.gtimg.cn/images/lol/act/jkzlk/gamedata/equip/2016.png""}"
191,39,1,9186,https://game.gtimg.cn/images/lol/act/jkzlk/gamedata/equip/captainsbrew.png,"{""equipmentId"":9186,""img"":""https://game.gtimg.cn/images/lol/act/jkzlk/gamedata/equip/captainsbrew.png""}"
192,39,2,2044,https://game.gtimg.cn/images/lol/act/jkzlk/gamedata/equip/2044.png,"{""equipmentId"":2044,""img"":""https://game.gtimg.cn/images/lol/act/jkzlk/gamedata/equip/2044.png""}"
193,39,3,2037,https://game.gtimg.cn/images/lol/act/jkzlk/gamedata/equip/2053.png,"{""equipmentId"":2037,""img"":""https://game.gtimg.cn/images/lol/act/jkzlk/gamedata/equip/2053.png""}"
194,39,4,9185,https://game.gtimg.cn/images/lol/act/jkzlk/gamedata/equip/luckydoubloon.png,"{""equipmentId"":9185,""img"":""https://game.gtimg.cn/images/lol/act/jkzlk/gamedata/equip/luckydoubloon.png""}"
195,39,5,2010,https://game.gtimg.cn/images/lol/act/jkzlk/gamedata/equip/2010.png,"{""equipmentId"":2010,""img"":""https://game.gtimg.cn/images/lol/act/jkzlk/gamedata/equip/2010.png""}"
196,40,1,2029,https://game.gtimg.cn/images/lol/act/jkzlk/gamedata/equip/2329.png,"{""equipmentId"":2029,""img"":""https://game.gtimg.cn/images/lol/act/jkzlk/gamedata/equip/2329.png""}"
197,40,2,2032,https://game.gtimg.cn/images/lol/act/jkzlk/gamedata/equip/evenshroud.png,"{""equipmentId"":2032,""img"":""https://game.gtimg.cn/images/lol/act/jkzlk/gamedata/equip/evenshroud.png""}"
198,40,3,2025,https://game.gtimg.cn/images/lol/act/jkzlk/gamedata/equip/spiritvisage.png,"{""equipmentId"":2025,""img"":""https://game.gtimg.cn/images/lol/act/jkzlk/gamedata/equip/spiritvisage.png""}"
199,40,4,2023,https://game.gtimg.cn/images/lol/act/jkzlk/gamedata/equip/2023.png,"{""equipmentId"":2023,""img"":""https://game.gtimg.cn/images/lol/act/jkzlk/gamedata/equip/2023.png""}"
200,40,5,2028,https://game.gtimg.cn/images/lol/act/jkzlk/gamedata/equip/2248.png,"{""equipmentId"":2028,""img"":""https://game.gtimg.cn/images/lol/act/jkzlk/gamedata/equip/2248.png""}"
201,41,1,2036,https://game.gtimg.cn/images/lol/act/jkzlk/gamedata/equip/2036.png,"{""equipmentId"":2036,""img"":""https://game.gtimg.cn/images/lol/act/jkzlk/gamedata/equip/2036.png""}"
202,41,2,2011,https://game.gtimg.cn/images/lol/act/jkzlk/gamedata/equip/voidstaff.png,"{""equipmentId"":2011,""img"":""https://game.gtimg.cn/images/lol/act/jkzlk/gamedata/equip/voidstaff.png""}"
203,41,3,2038,https://game.gtimg.cn/images/lol/act/jkzlk/gamedata/equip/2038.png,"{""equipmentId"":2038,""img"":""https://game.gtimg.cn/images/lol/act/jkzlk/gamedata/equip/2038.png""}"
204,41,4,2004,https://game.gtimg.cn/images/lol/act/jkzlk/gamedata/equip/2004.png,"{""equipmentId"":2004,""img"":""https://game.gtimg.cn/images/lol/act/jkzlk/gamedata/equip/2004.png""}"
205,41,5,2009,https://game.gtimg.cn/images/lol/act/jkzlk/gamedata/equip/2009.png,"{""equipmentId"":2009,""img"":""https://game.gtimg.cn/images/lol/act/jkzlk/gamedata/equip/2009.png""}"
206,42,1,2007,https://game.gtimg.cn/images/lol/act/jkzlk/gamedata/equip/steraksgage.png,"{""equipmentId"":2007,""img"":""https://game.gtimg.cn/images/lol/act/jkzlk/gamedata/equip/steraksgage.png""}"
207,42,2,2006,https://game.gtimg.cn/images/lol/act/jkzlk/gamedata/equip/2006.png,"{""equipmentId"":2006,""img"":""https://game.gtimg.cn/images/lol/act/jkzlk/gamedata/equip/2006.png""}"
208,42,3,2044,https://game.gtimg.cn/images/lol/act/jkzlk/gamedata/equip/2044.png,"{""equipmentId"":2044,""img"":""https://game.gtimg.cn/images/lol/act/jkzlk/gamedata/equip/2044.png""}"
209,42,4,2012,https://game.gtimg.cn/images/lol/act/jkzlk/gamedata/equip/2052.png,"{""equipmentId"":2012,""img"":""https://game.gtimg.cn/images/lol/act/jkzlk/gamedata/equip/2052.png""}"
210,42,5,2041,https://game.gtimg.cn/images/lol/act/jkzlk/gamedata/equip/2041.png,"{""equipmentId"":2041,""img"":""https://game.gtimg.cn/images/lol/act/jkzlk/gamedata/equip/2041.png""}"
211,43,1,2010,https://game.gtimg.cn/images/lol/act/jkzlk/gamedata/equip/2010.png,"{""equipmentId"":2010,""img"":""https://game.gtimg.cn/images/lol/act/jkzlk/gamedata/equip/2010.png""}"
212,43,2,2001,https://game.gtimg.cn/images/lol/act/jkzlk/gamedata/equip/2001.png,"{""equipmentId"":2001,""img"":""https://game.gtimg.cn/images/lol/act/jkzlk/gamedata/equip/2001.png""}"
213,43,3,2045,https://game.gtimg.cn/images/lol/act/jkzlk/gamedata/equip/2045.png,"{""equipmentId"":2045,""img"":""https://game.gtimg.cn/images/lol/act/jkzlk/gamedata/equip/2045.png""}"
214,43,4,2013,https://game.gtimg.cn/images/lol/act/jkzlk/gamedata/equip/krakensfury.png,"{""equipmentId"":2013,""img"":""https://game.gtimg.cn/images/lol/act/jkzlk/gamedata/equip/krakensfury.png""}"
215,43,5,2046,https://game.gtimg.cn/images/lol/act/jkzlk/gamedata/equip/2046.png,"{""equipmentId"":2046,""img"":""https://game.gtimg.cn/images/lol/act/jkzlk/gamedata/equip/2046.png""}"
216,44,1,2044,https://game.gtimg.cn/images/lol/act/jkzlk/gamedata/equip/2044.png,"{""equipmentId"":2044,""img"":""https://game.gtimg.cn/images/lol/act/jkzlk/gamedata/equip/2044.png""}"
217,44,2,2029,https://game.gtimg.cn/images/lol/act/jkzlk/gamedata/equip/2329.png,"{""equipmentId"":2029,""img"":""https://game.gtimg.cn/images/lol/act/jkzlk/gamedata/equip/2329.png""}"
218,44,3,2025,https://game.gtimg.cn/images/lol/act/jkzlk/gamedata/equip/spiritvisage.png,"{""equipmentId"":2025,""img"":""https://game.gtimg.cn/images/lol/act/jkzlk/gamedata/equip/spiritvisage.png""}"
219,44,4,2034,https://game.gtimg.cn/images/lol/act/jkzlk/gamedata/equip/2034.png,"{""equipmentId"":2034,""img"":""https://game.gtimg.cn/images/lol/act/jkzlk/gamedata/equip/2034.png""}"
220,44,5,1007,https://game.gtimg.cn/images/lol/act/jkzlk/gamedata/equip/1007.png,"{""equipmentId"":1007,""img"":""https://game.gtimg.cn/images/lol/act/jkzlk/gamedata/equip/1007.png""}"
221,45,1,2010,https://game.gtimg.cn/images/lol/act/jkzlk/gamedata/equip/2010.png,"{""equipmentId"":2010,""img"":""https://game.gtimg.cn/images/lol/act/jkzlk/gamedata/equip/2010.png""}"
222,45,2,2003,https://game.gtimg.cn/images/lol/act/jkzlk/gamedata/equip/2003.png,"{""equipmentId"":2003,""img"":""https://game.gtimg.cn/images/lol/act/jkzlk/gamedata/equip/2003.png""}"
223,45,3,2045,https://game.gtimg.cn/images/lol/act/jkzlk/gamedata/equip/2045.png,"{""equipmentId"":2045,""img"":""https://game.gtimg.cn/images/lol/act/jkzlk/gamedata/equip/2045.png""}"
224,45,4,2041,https://game.gtimg.cn/images/lol/act/jkzlk/gamedata/equip/2041.png,"{""equipmentId"":2041,""img"":""https://game.gtimg.cn/images/lol/act/jkzlk/gamedata/equip/2041.png""}"
225,45,5,2046,https://game.gtimg.cn/images/lol/act/jkzlk/gamedata/equip/2046.png,"{""equipmentId"":2046,""img"":""https://game.gtimg.cn/images/lol/act/jkzlk/gamedata/equip/2046.png""}"
226,46,1,2044,https://game.gtimg.cn/images/lol/act/jkzlk/gamedata/equip/2044.png,"{""equipmentId"":2044,""img"":""https://game.gtimg.cn/images/lol/act/jkzlk/gamedata/equip/2044.png""}"
227,46,2,2029,https://game.gtimg.cn/images/lol/act/jkzlk/gamedata/equip/2329.png,"{""equipmentId"":2029,""img"":""https://game.gtimg.cn/images/lol/act/jkzlk/gamedata/equip/2329.png""}"
228,46,3,2032,https://game.gtimg.cn/images/lol/act/jkzlk/gamedata/equip/evenshroud.png,"{""equipmentId"":2032,""img"":""https://game.gtimg.cn/images/lol/act/jkzlk/gamedata/equip/evenshroud.png""}"
229,46,4,2025,https://game.gtimg.cn/images/lol/act/jkzlk/gamedata/equip/spiritvisage.png,"{""equipmentId"":2025,""img"":""https://game.gtimg.cn/images/lol/act/jkzlk/gamedata/equip/spiritvisage.png""}"
230,46,5,41607,https://game.gtimg.cn/images/lol/act/jkzlk/gamedata/equip/41607.png,"{""equipmentId"":41607,""img"":""https://game.gtimg.cn/images/lol/act/jkzlk/gamedata/equip/41607.png""}"
231,47,1,2001,https://game.gtimg.cn/images/lol/act/jkzlk/gamedata/equip/2001.png,"{""equipmentId"":2001,""img"":""https://game.gtimg.cn/images/lol/act/jkzlk/gamedata/equip/2001.png""}"
232,47,2,2010,https://game.gtimg.cn/images/lol/act/jkzlk/gamedata/equip/2010.png,"{""equipmentId"":2010,""img"":""https://game.gtimg.cn/images/lol/act/jkzlk/gamedata/equip/2010.png""}"
233,47,3,2041,https://game.gtimg.cn/images/lol/act/jkzlk/gamedata/equip/2041.png,"{""equipmentId"":2041,""img"":""https://game.gtimg.cn/images/lol/act/jkzlk/gamedata/equip/2041.png""}"
234,47,4,2045,https://game.gtimg.cn/images/lol/act/jkzlk/gamedata/equip/2045.png,"{""equipmentId"":2045,""img"":""https://game.gtimg.cn/images/lol/act/jkzlk/gamedata/equip/2045.png""}"
235,47,5,2046,https://game.gtimg.cn/images/lol/act/jkzlk/gamedata/equip/2046.png,"{""equipmentId"":2046,""img"":""https://game.gtimg.cn/images/lol/act/jkzlk/gamedata/equip/2046.png""}"
236,48,1,2037,https://game.gtimg.cn/images/lol/act/jkzlk/gamedata/equip/2053.png,"{""equipmentId"":2037,""img"":""https://game.gtimg.cn/images/lol/act/jkzlk/gamedata/equip/2053.png""}"
237,48,2,2010,https://game.gtimg.cn/images/lol/act/jkzlk/gamedata/equip/2010.png,"{""equipmentId"":2010,""img"":""https://game.gtimg.cn/images/lol/act/jkzlk/gamedata/equip/2010.png""}"
238,48,3,2009,https://game.gtimg.cn/images/lol/act/jkzlk/gamedata/equip/2009.png,"{""equipmentId"":2009,""img"":""https://game.gtimg.cn/images/lol/act/jkzlk/gamedata/equip/2009.png""}"
239,48,4,1002,https://game.gtimg.cn/images/lol/act/jkzlk/gamedata/equip/1002.png,"{""equipmentId"":1002,""img"":""https://game.gtimg.cn/images/lol/act/jkzlk/gamedata/equip/1002.png""}"
240,48,5,2044,https://game.gtimg.cn/images/lol/act/jkzlk/gamedata/equip/2044.png,"{""equipmentId"":2044,""img"":""https://game.gtimg.cn/images/lol/act/jkzlk/gamedata/equip/2044.png""}"
241,49,1,2012,https://game.gtimg.cn/images/lol/act/jkzlk/gamedata/equip/2052.png,"{""equipmentId"":2012,""img"":""https://game.gtimg.cn/images/lol/act/jkzlk/gamedata/equip/2052.png""}"
242,49,2,2007,https://game.gtimg.cn/images/lol/act/jkzlk/gamedata/equip/steraksgage.png,"{""equipmentId"":2007,""img"":""https://game.gtimg.cn/images/lol/act/jkzlk/gamedata/equip/steraksgage.png""}"
243,49,3,2006,https://game.gtimg.cn/images/lol/act/jkzlk/gamedata/equip/2006.png,"{""equipmentId"":2006,""img"":""https://game.gtimg.cn/images/lol/act/jkzlk/gamedata/equip/2006.png""}"
244,49,4,2041,https://game.gtimg.cn/images/lol/act/jkzlk/gamedata/equip/2041.png,"{""equipmentId"":2041,""img"":""https://game.gtimg.cn/images/lol/act/jkzlk/gamedata/equip/2041.png""}"
245,49,5,2039,https://game.gtimg.cn/images/lol/act/jkzlk/gamedata/equip/2039.png,"{""equipmentId"":2039,""img"":""https://game.gtimg.cn/images/lol/act/jkzlk/gamedata/equip/2039.png""}"
246,50,1,2001,https://game.gtimg.cn/images/lol/act/jkzlk/gamedata/equip/2001.png,"{""equipmentId"":2001,""img"":""https://game.gtimg.cn/images/lol/act/jkzlk/gamedata/equip/2001.png""}"
247,50,2,2037,https://game.gtimg.cn/images/lol/act/jkzlk/gamedata/equip/2053.png,"{""equipmentId"":2037,""img"":""https://game.gtimg.cn/images/lol/act/jkzlk/gamedata/equip/2053.png""}"
248,50,3,2010,https://game.gtimg.cn/images/lol/act/jkzlk/gamedata/equip/2010.png,"{""equipmentId"":2010,""img"":""https://game.gtimg.cn/images/lol/act/jkzlk/gamedata/equip/2010.png""}"
249,50,4,2004,https://game.gtimg.cn/images/lol/act/jkzlk/gamedata/equip/2004.png,"{""equipmentId"":2004,""img"":""https://game.gtimg.cn/images/lol/act/jkzlk/gamedata/equip/2004.png""}"
250,50,5,2009,https://game.gtimg.cn/images/lol/act/jkzlk/gamedata/equip/2009.png,"{""equipmentId"":2009,""img"":""https://game.gtimg.cn/images/lol/act/jkzlk/gamedata/equip/2009.png""}"
251,51,1,2038,https://game.gtimg.cn/images/lol/act/jkzlk/gamedata/equip/2038.png,"{""equipmentId"":2038,""img"":""https://game.gtimg.cn/images/lol/act/jkzlk/gamedata/equip/2038.png""}"
252,51,2,2014,https://game.gtimg.cn/images/lol/act/jkzlk/gamedata/equip/nashorstooth.png,"{""equipmentId"":2014,""img"":""https://game.gtimg.cn/images/lol/act/jkzlk/gamedata/equip/nashorstooth.png""}"
253,51,3,2004,https://game.gtimg.cn/images/lol/act/jkzlk/gamedata/equip/2004.png,"{""equipmentId"":2004,""img"":""https://game.gtimg.cn/images/lol/act/jkzlk/gamedata/equip/2004.png""}"
254,51,4,2011,https://game.gtimg.cn/images/lol/act/jkzlk/gamedata/equip/voidstaff.png,"{""equipmentId"":2011,""img"":""https://game.gtimg.cn/images/lol/act/jkzlk/gamedata/equip/voidstaff.png""}"
255,51,5,2022,https://game.gtimg.cn/images/lol/act/jkzlk/gamedata/equip/2222.png,"{""equipmentId"":2022,""img"":""https://game.gtimg.cn/images/lol/act/jkzlk/gamedata/equip/2222.png""}"
256,52,1,2044,https://game.gtimg.cn/images/lol/act/jkzlk/gamedata/equip/2044.png,"{""equipmentId"":2044,""img"":""https://game.gtimg.cn/images/lol/act/jkzlk/gamedata/equip/2044.png""}"
257,52,2,2029,https://game.gtimg.cn/images/lol/act/jkzlk/gamedata/equip/2329.png,"{""equipmentId"":2029,""img"":""https://game.gtimg.cn/images/lol/act/jkzlk/gamedata/equip/2329.png""}"
258,52,3,2025,https://game.gtimg.cn/images/lol/act/jkzlk/gamedata/equip/spiritvisage.png,"{""equipmentId"":2025,""img"":""https://game.gtimg.cn/images/lol/act/jkzlk/gamedata/equip/spiritvisage.png""}"
259,52,4,2019,https://game.gtimg.cn/images/lol/act/jkzlk/gamedata/equip/2019.png,"{""equipmentId"":2019,""img"":""https://game.gtimg.cn/images/lol/act/jkzlk/gamedata/equip/2019.png""}"
260,52,5,2028,https://game.gtimg.cn/images/lol/act/jkzlk/gamedata/equip/2248.png,"{""equipmentId"":2028,""img"":""https://game.gtimg.cn/images/lol/act/jkzlk/gamedata/equip/2248.png""}"
261,53,1,2036,https://game.gtimg.cn/images/lol/act/jkzlk/gamedata/equip/2036.png,"{""equipmentId"":2036,""img"":""https://game.gtimg.cn/images/lol/act/jkzlk/gamedata/equip/2036.png""}"
262,53,2,2011,https://game.gtimg.cn/images/lol/act/jkzlk/gamedata/equip/voidstaff.png,"{""equipmentId"":2011,""img"":""https://game.gtimg.cn/images/lol/act/jkzlk/gamedata/equip/voidstaff.png""}"
263,53,3,41605,https://game.gtimg.cn/images/lol/act/jkzlk/gamedata/equip/41605.png,"{""equipmentId"":41605,""img"":""https://game.gtimg.cn/images/lol/act/jkzlk/gamedata/equip/41605.png""}"
264,53,4,2004,https://game.gtimg.cn/images/lol/act/jkzlk/gamedata/equip/2004.png,"{""equipmentId"":2004,""img"":""https://game.gtimg.cn/images/lol/act/jkzlk/gamedata/equip/2004.png""}"
265,53,5,2044,https://game.gtimg.cn/images/lol/act/jkzlk/gamedata/equip/2044.png,"{""equipmentId"":2044,""img"":""https://game.gtimg.cn/images/lol/act/jkzlk/gamedata/equip/2044.png""}"
266,54,1,2010,https://game.gtimg.cn/images/lol/act/jkzlk/gamedata/equip/2010.png,"{""equipmentId"":2010,""img"":""https://game.gtimg.cn/images/lol/act/jkzlk/gamedata/equip/2010.png""}"
267,54,2,2038,https://game.gtimg.cn/images/lol/act/jkzlk/gamedata/equip/2038.png,"{""equipmentId"":2038,""img"":""https://game.gtimg.cn/images/lol/act/jkzlk/gamedata/equip/2038.png""}"
268,54,3,2011,https://game.gtimg.cn/images/lol/act/jkzlk/gamedata/equip/voidstaff.png,"{""equipmentId"":2011,""img"":""https://game.gtimg.cn/images/lol/act/jkzlk/gamedata/equip/voidstaff.png""}"
269,54,4,2014,https://game.gtimg.cn/images/lol/act/jkzlk/gamedata/equip/nashorstooth.png,"{""equipmentId"":2014,""img"":""https://game.gtimg.cn/images/lol/act/jkzlk/gamedata/equip/nashorstooth.png""}"
270,54,5,2004,https://game.gtimg.cn/images/lol/act/jkzlk/gamedata/equip/2004.png,"{""equipmentId"":2004,""img"":""https://game.gtimg.cn/images/lol/act/jkzlk/gamedata/equip/2004.png""}"
271,55,1,2038,https://game.gtimg.cn/images/lol/act/jkzlk/gamedata/equip/2038.png,"{""equipmentId"":2038,""img"":""https://game.gtimg.cn/images/lol/act/jkzlk/gamedata/equip/2038.png""}"
272,55,2,2010,https://game.gtimg.cn/images/lol/act/jkzlk/gamedata/equip/2010.png,"{""equipmentId"":2010,""img"":""https://game.gtimg.cn/images/lol/act/jkzlk/gamedata/equip/2010.png""}"
273,55,3,2044,https://game.gtimg.cn/images/lol/act/jkzlk/gamedata/equip/2044.png,"{""equipmentId"":2044,""img"":""https://game.gtimg.cn/images/lol/act/jkzlk/gamedata/equip/2044.png""}"
274,55,4,2006,https://game.gtimg.cn/images/lol/act/jkzlk/gamedata/equip/2006.png,"{""equipmentId"":2006,""img"":""https://game.gtimg.cn/images/lol/act/jkzlk/gamedata/equip/2006.png""}"
275,55,5,2012,https://game.gtimg.cn/images/lol/act/jkzlk/gamedata/equip/2052.png,"{""equipmentId"":2012,""img"":""https://game.gtimg.cn/images/lol/act/jkzlk/gamedata/equip/2052.png""}"
276,56,1,2010,https://game.gtimg.cn/images/lol/act/jkzlk/gamedata/equip/2010.png,"{""equipmentId"":2010,""img"":""https://game.gtimg.cn/images/lol/act/jkzlk/gamedata/equip/2010.png""}"
277,56,2,2038,https://game.gtimg.cn/images/lol/act/jkzlk/gamedata/equip/2038.png,"{""equipmentId"":2038,""img"":""https://game.gtimg.cn/images/lol/act/jkzlk/gamedata/equip/2038.png""}"
278,56,3,2003,https://game.gtimg.cn/images/lol/act/jkzlk/gamedata/equip/2003.png,"{""equipmentId"":2003,""img"":""https://game.gtimg.cn/images/lol/act/jkzlk/gamedata/equip/2003.png""}"
279,56,4,2011,https://game.gtimg.cn/images/lol/act/jkzlk/gamedata/equip/voidstaff.png,"{""equipmentId"":2011,""img"":""https://game.gtimg.cn/images/lol/act/jkzlk/gamedata/equip/voidstaff.png""}"
280,56,5,2020,https://game.gtimg.cn/images/lol/act/jkzlk/gamedata/equip/2020.png,"{""equipmentId"":2020,""img"":""https://game.gtimg.cn/images/lol/act/jkzlk/gamedata/equip/2020.png""}"
281,57,1,2006,https://game.gtimg.cn/images/lol/act/jkzlk/gamedata/equip/2006.png,"{""equipmentId"":2006,""img"":""https://game.gtimg.cn/images/lol/act/jkzlk/gamedata/equip/2006.png""}"
282,57,2,2010,https://game.gtimg.cn/images/lol/act/jkzlk/gamedata/equip/2010.png,"{""equipmentId"":2010,""img"":""https://game.gtimg.cn/images/lol/act/jkzlk/gamedata/equip/2010.png""}"
283,57,3,2012,https://game.gtimg.cn/images/lol/act/jkzlk/gamedata/equip/2052.png,"{""equipmentId"":2012,""img"":""https://game.gtimg.cn/images/lol/act/jkzlk/gamedata/equip/2052.png""}"
284,57,4,2007,https://game.gtimg.cn/images/lol/act/jkzlk/gamedata/equip/steraksgage.png,"{""equipmentId"":2007,""img"":""https://game.gtimg.cn/images/lol/act/jkzlk/gamedata/equip/steraksgage.png""}"
285,57,5,2041,https://game.gtimg.cn/images/lol/act/jkzlk/gamedata/equip/2041.png,"{""equipmentId"":2041,""img"":""https://game.gtimg.cn/images/lol/act/jkzlk/gamedata/equip/2041.png""}"
286,58,1,2044,https://game.gtimg.cn/images/lol/act/jkzlk/gamedata/equip/2044.png,"{""equipmentId"":2044,""img"":""https://game.gtimg.cn/images/lol/act/jkzlk/gamedata/equip/2044.png""}"
287,58,2,2006,https://game.gtimg.cn/images/lol/act/jkzlk/gamedata/equip/2006.png,"{""equipmentId"":2006,""img"":""https://game.gtimg.cn/images/lol/act/jkzlk/gamedata/equip/2006.png""}"
288,58,3,2001,https://game.gtimg.cn/images/lol/act/jkzlk/gamedata/equip/2001.png,"{""equipmentId"":2001,""img"":""https://game.gtimg.cn/images/lol/act/jkzlk/gamedata/equip/2001.png""}"
289,58,4,2012,https://game.gtimg.cn/images/lol/act/jkzlk/gamedata/equip/2052.png,"{""equipmentId"":2012,""img"":""https://game.gtimg.cn/images/lol/act/jkzlk/gamedata/equip/2052.png""}"
290,58,5,1001,https://game.gtimg.cn/images/lol/act/jkzlk/gamedata/equip/1001.png,"{""equipmentId"":1001,""img"":""https://game.gtimg.cn/images/lol/act/jkzlk/gamedata/equip/1001.png""}"
291,59,1,2004,https://game.gtimg.cn/images/lol/act/jkzlk/gamedata/equip/2004.png,"{""equipmentId"":2004,""img"":""https://game.gtimg.cn/images/lol/act/jkzlk/gamedata/equip/2004.png""}"
292,59,2,2038,https://game.gtimg.cn/images/lol/act/jkzlk/gamedata/equip/2038.png,"{""equipmentId"":2038,""img"":""https://game.gtimg.cn/images/lol/act/jkzlk/gamedata/equip/2038.png""}"
293,59,3,2011,https://game.gtimg.cn/images/lol/act/jkzlk/gamedata/equip/voidstaff.png,"{""equipmentId"":2011,""img"":""https://game.gtimg.cn/images/lol/act/jkzlk/gamedata/equip/voidstaff.png""}"
294,59,4,2014,https://game.gtimg.cn/images/lol/act/jkzlk/gamedata/equip/nashorstooth.png,"{""equipmentId"":2014,""img"":""https://game.gtimg.cn/images/lol/act/jkzlk/gamedata/equip/nashorstooth.png""}"
295,59,5,2022,https://game.gtimg.cn/images/lol/act/jkzlk/gamedata/equip/2222.png,"{""equipmentId"":2022,""img"":""https://game.gtimg.cn/images/lol/act/jkzlk/gamedata/equip/2222.png""}"
296,60,1,2044,https://game.gtimg.cn/images/lol/act/jkzlk/gamedata/equip/2044.png,"{""equipmentId"":2044,""img"":""https://game.gtimg.cn/images/lol/act/jkzlk/gamedata/equip/2044.png""}"
297,60,2,2038,https://game.gtimg.cn/images/lol/act/jkzlk/gamedata/equip/2038.png,"{""equipmentId"":2038,""img"":""https://game.gtimg.cn/images/lol/act/jkzlk/gamedata/equip/2038.png""}"
298,60,3,2006,https://game.gtimg.cn/images/lol/act/jkzlk/gamedata/equip/2006.png,"{""equipmentId"":2006,""img"":""https://game.gtimg.cn/images/lol/act/jkzlk/gamedata/equip/2006.png""}"
299,60,4,2039,https://game.gtimg.cn/images/lol/act/jkzlk/gamedata/equip/2039.png,"{""equipmentId"":2039,""img"":""https://game.gtimg.cn/images/lol/act/jkzlk/gamedata/equip/2039.png""}"
300,60,5,2017,https://game.gtimg.cn/images/lol/act/jkzlk/gamedata/equip/2017.png,"{""equipmentId"":2017,""img"":""https://game.gtimg.cn/images/lol/act/jkzlk/gamedata/equip/2017.png""}"
301,61,1,2038,https://game.gtimg.cn/images/lol/act/jkzlk/gamedata/equip/2038.png,"{""equipmentId"":2038,""img"":""https://game.gtimg.cn/images/lol/act/jkzlk/gamedata/equip/2038.png""}"
302,61,2,2004,https://game.gtimg.cn/images/lol/act/jkzlk/gamedata/equip/2004.png,"{""equipmentId"":2004,""img"":""https://game.gtimg.cn/images/lol/act/jkzlk/gamedata/equip/2004.png""}"
303,61,3,2014,https://game.gtimg.cn/images/lol/act/jkzlk/gamedata/equip/nashorstooth.png,"{""equipmentId"":2014,""img"":""https://game.gtimg.cn/images/lol/act/jkzlk/gamedata/equip/nashorstooth.png""}"
304,61,4,2011,https://game.gtimg.cn/images/lol/act/jkzlk/gamedata/equip/voidstaff.png,"{""equipmentId"":2011,""img"":""https://game.gtimg.cn/images/lol/act/jkzlk/gamedata/equip/voidstaff.png""}"
305,61,5,2022,https://game.gtimg.cn/images/lol/act/jkzlk/gamedata/equip/2222.png,"{""equipmentId"":2022,""img"":""https://game.gtimg.cn/images/lol/act/jkzlk/gamedata/equip/2222.png""}"
306,62,1,2001,https://game.gtimg.cn/images/lol/act/jkzlk/gamedata/equip/2001.png,"{""equipmentId"":2001,""img"":""https://game.gtimg.cn/images/lol/act/jkzlk/gamedata/equip/2001.png""}"
307,62,2,2007,https://game.gtimg.cn/images/lol/act/jkzlk/gamedata/equip/steraksgage.png,"{""equipmentId"":2007,""img"":""https://game.gtimg.cn/images/lol/act/jkzlk/gamedata/equip/steraksgage.png""}"
308,62,3,2044,https://game.gtimg.cn/images/lol/act/jkzlk/gamedata/equip/2044.png,"{""equipmentId"":2044,""img"":""https://game.gtimg.cn/images/lol/act/jkzlk/gamedata/equip/2044.png""}"
309,62,4,6099,https://game.gtimg.cn/images/lol/act/jkzlk/gamedata/equip/darkinscythe.png,"{""equipmentId"":6099,""img"":""https://game.gtimg.cn/images/lol/act/jkzlk/gamedata/equip/darkinscythe.png""}"
310,62,5,2006,https://game.gtimg.cn/images/lol/act/jkzlk/gamedata/equip/2006.png,"{""equipmentId"":2006,""img"":""https://game.gtimg.cn/images/lol/act/jkzlk/gamedata/equip/2006.png""}"
311,63,1,2044,https://game.gtimg.cn/images/lol/act/jkzlk/gamedata/equip/2044.png,"{""equipmentId"":2044,""img"":""https://game.gtimg.cn/images/lol/act/jkzlk/gamedata/equip/2044.png""}"
312,63,2,2006,https://game.gtimg.cn/images/lol/act/jkzlk/gamedata/equip/2006.png,"{""equipmentId"":2006,""img"":""https://game.gtimg.cn/images/lol/act/jkzlk/gamedata/equip/2006.png""}"
313,63,3,2007,https://game.gtimg.cn/images/lol/act/jkzlk/gamedata/equip/steraksgage.png,"{""equipmentId"":2007,""img"":""https://game.gtimg.cn/images/lol/act/jkzlk/gamedata/equip/steraksgage.png""}"
314,63,4,2001,https://game.gtimg.cn/images/lol/act/jkzlk/gamedata/equip/2001.png,"{""equipmentId"":2001,""img"":""https://game.gtimg.cn/images/lol/act/jkzlk/gamedata/equip/2001.png""}"
315,63,5,2012,https://game.gtimg.cn/images/lol/act/jkzlk/gamedata/equip/2052.png,"{""equipmentId"":2012,""img"":""https://game.gtimg.cn/images/lol/act/jkzlk/gamedata/equip/2052.png""}"
316,64,1,2044,https://game.gtimg.cn/images/lol/act/jkzlk/gamedata/equip/2044.png,"{""equipmentId"":2044,""img"":""https://game.gtimg.cn/images/lol/act/jkzlk/gamedata/equip/2044.png""}"
317,64,2,2048,https://game.gtimg.cn/images/lol/act/jkzlk/gamedata/equip/tactician_s_cape.png,"{""equipmentId"":2048,""img"":""https://game.gtimg.cn/images/lol/act/jkzlk/gamedata/equip/tactician_s_cape.png""}"
318,64,3,2004,https://game.gtimg.cn/images/lol/act/jkzlk/gamedata/equip/2004.png,"{""equipmentId"":2004,""img"":""https://game.gtimg.cn/images/lol/act/jkzlk/gamedata/equip/2004.png""}"
319,64,4,2038,https://game.gtimg.cn/images/lol/act/jkzlk/gamedata/equip/2038.png,"{""equipmentId"":2038,""img"":""https://game.gtimg.cn/images/lol/act/jkzlk/gamedata/equip/2038.png""}"
320,64,5,2011,https://game.gtimg.cn/images/lol/act/jkzlk/gamedata/equip/voidstaff.png,"{""equipmentId"":2011,""img"":""https://game.gtimg.cn/images/lol/act/jkzlk/gamedata/equip/voidstaff.png""}"
321,65,1,2038,https://game.gtimg.cn/images/lol/act/jkzlk/gamedata/equip/2038.png,"{""equipmentId"":2038,""img"":""https://game.gtimg.cn/images/lol/act/jkzlk/gamedata/equip/2038.png""}"
322,65,2,2004,https://game.gtimg.cn/images/lol/act/jkzlk/gamedata/equip/2004.png,"{""equipmentId"":2004,""img"":""https://game.gtimg.cn/images/lol/act/jkzlk/gamedata/equip/2004.png""}"
323,65,3,2014,https://game.gtimg.cn/images/lol/act/jkzlk/gamedata/equip/nashorstooth.png,"{""equipmentId"":2014,""img"":""https://game.gtimg.cn/images/lol/act/jkzlk/gamedata/equip/nashorstooth.png""}"
324,65,4,2011,https://game.gtimg.cn/images/lol/act/jkzlk/gamedata/equip/voidstaff.png,"{""equipmentId"":2011,""img"":""https://game.gtimg.cn/images/lol/act/jkzlk/gamedata/equip/voidstaff.png""}"
325,65,5,2020,https://game.gtimg.cn/images/lol/act/jkzlk/gamedata/equip/2020.png,"{""equipmentId"":2020,""img"":""https://game.gtimg.cn/images/lol/act/jkzlk/gamedata/equip/2020.png""}"
326,66,1,2010,https://game.gtimg.cn/images/lol/act/jkzlk/gamedata/equip/2010.png,"{""equipmentId"":2010,""img"":""https://game.gtimg.cn/images/lol/act/jkzlk/gamedata/equip/2010.png""}"
327,66,2,2038,https://game.gtimg.cn/images/lol/act/jkzlk/gamedata/equip/2038.png,"{""equipmentId"":2038,""img"":""https://game.gtimg.cn/images/lol/act/jkzlk/gamedata/equip/2038.png""}"
328,66,3,2011,https://game.gtimg.cn/images/lol/act/jkzlk/gamedata/equip/voidstaff.png,"{""equipmentId"":2011,""img"":""https://game.gtimg.cn/images/lol/act/jkzlk/gamedata/equip/voidstaff.png""}"
329,66,4,2044,https://game.gtimg.cn/images/lol/act/jkzlk/gamedata/equip/2044.png,"{""equipmentId"":2044,""img"":""https://game.gtimg.cn/images/lol/act/jkzlk/gamedata/equip/2044.png""}"
330,66,5,2017,https://game.gtimg.cn/images/lol/act/jkzlk/gamedata/equip/2017.png,"{""equipmentId"":2017,""img"":""https://game.gtimg.cn/images/lol/act/jkzlk/gamedata/equip/2017.png""}"
331,67,1,2029,https://game.gtimg.cn/images/lol/act/jkzlk/gamedata/equip/2329.png,"{""equipmentId"":2029,""img"":""https://game.gtimg.cn/images/lol/act/jkzlk/gamedata/equip/2329.png""}"
332,67,2,2025,https://game.gtimg.cn/images/lol/act/jkzlk/gamedata/equip/spiritvisage.png,"{""equipmentId"":2025,""img"":""https://game.gtimg.cn/images/lol/act/jkzlk/gamedata/equip/spiritvisage.png""}"
333,67,3,2028,https://game.gtimg.cn/images/lol/act/jkzlk/gamedata/equip/2248.png,"{""equipmentId"":2028,""img"":""https://game.gtimg.cn/images/lol/act/jkzlk/gamedata/equip/2248.png""}"
334,67,4,6100,https://game.gtimg.cn/images/lol/act/jkzlk/gamedata/equip/darkinaegis.png,"{""equipmentId"":6100,""img"":""https://game.gtimg.cn/images/lol/act/jkzlk/gamedata/equip/darkinaegis.png""}"
335,67,5,2031,https://game.gtimg.cn/images/lol/act/jkzlk/gamedata/equip/2031.png,"{""equipmentId"":2031,""img"":""https://game.gtimg.cn/images/lol/act/jkzlk/gamedata/equip/2031.png""}"
336,68,1,2038,https://game.gtimg.cn/images/lol/act/jkzlk/gamedata/equip/2038.png,"{""equipmentId"":2038,""img"":""https://game.gtimg.cn/images/lol/act/jkzlk/gamedata/equip/2038.png""}"
337,68,2,2004,https://game.gtimg.cn/images/lol/act/jkzlk/gamedata/equip/2004.png,"{""equipmentId"":2004,""img"":""https://game.gtimg.cn/images/lol/act/jkzlk/gamedata/equip/2004.png""}"
338,68,3,2014,https://game.gtimg.cn/images/lol/act/jkzlk/gamedata/equip/nashorstooth.png,"{""equipmentId"":2014,""img"":""https://game.gtimg.cn/images/lol/act/jkzlk/gamedata/equip/nashorstooth.png""}"
339,68,4,2024,https://game.gtimg.cn/images/lol/act/jkzlk/gamedata/equip/adaptivehelm.png,"{""equipmentId"":2024,""img"":""https://game.gtimg.cn/images/lol/act/jkzlk/gamedata/equip/adaptivehelm.png""}"
340,68,5,2011,https://game.gtimg.cn/images/lol/act/jkzlk/gamedata/equip/voidstaff.png,"{""equipmentId"":2011,""img"":""https://game.gtimg.cn/images/lol/act/jkzlk/gamedata/equip/voidstaff.png""}"
341,69,1,2025,https://game.gtimg.cn/images/lol/act/jkzlk/gamedata/equip/spiritvisage.png,"{""equipmentId"":2025,""img"":""https://game.gtimg.cn/images/lol/act/jkzlk/gamedata/equip/spiritvisage.png""}"
342,69,2,2029,https://game.gtimg.cn/images/lol/act/jkzlk/gamedata/equip/2329.png,"{""equipmentId"":2029,""img"":""https://game.gtimg.cn/images/lol/act/jkzlk/gamedata/equip/2329.png""}"
343,69,3,2028,https://game.gtimg.cn/images/lol/act/jkzlk/gamedata/equip/2248.png,"{""equipmentId"":2028,""img"":""https://game.gtimg.cn/images/lol/act/jkzlk/gamedata/equip/2248.png""}"
344,69,4,2032,https://game.gtimg.cn/images/lol/act/jkzlk/gamedata/equip/evenshroud.png,"{""equipmentId"":2032,""img"":""https://game.gtimg.cn/images/lol/act/jkzlk/gamedata/equip/evenshroud.png""}"
345,69,5,2040,https://game.gtimg.cn/images/lol/act/jkzlk/gamedata/equip/nightharvester.png,"{""equipmentId"":2040,""img"":""https://game.gtimg.cn/images/lol/act/jkzlk/gamedata/equip/nightharvester.png""}"
346,70,1,2016,https://game.gtimg.cn/images/lol/act/jkzlk/gamedata/equip/2016.png,"{""equipmentId"":2016,""img"":""https://game.gtimg.cn/images/lol/act/jkzlk/gamedata/equip/2016.png""}"
347,70,2,2004,https://game.gtimg.cn/images/lol/act/jkzlk/gamedata/equip/2004.png,"{""equipmentId"":2004,""img"":""https://game.gtimg.cn/images/lol/act/jkzlk/gamedata/equip/2004.png""}"
348,70,3,2011,https://game.gtimg.cn/images/lol/act/jkzlk/gamedata/equip/voidstaff.png,"{""equipmentId"":2011,""img"":""https://game.gtimg.cn/images/lol/act/jkzlk/gamedata/equip/voidstaff.png""}"
349,70,4,2014,https://game.gtimg.cn/images/lol/act/jkzlk/gamedata/equip/nashorstooth.png,"{""equipmentId"":2014,""img"":""https://game.gtimg.cn/images/lol/act/jkzlk/gamedata/equip/nashorstooth.png""}"
350,70,5,2022,https://game.gtimg.cn/images/lol/act/jkzlk/gamedata/equip/2222.png,"{""equipmentId"":2022,""img"":""https://game.gtimg.cn/images/lol/act/jkzlk/gamedata/equip/2222.png""}"
351,71,1,2010,https://game.gtimg.cn/images/lol/act/jkzlk/gamedata/equip/2010.png,"{""equipmentId"":2010,""img"":""https://game.gtimg.cn/images/lol/act/jkzlk/gamedata/equip/2010.png""}"
352,71,2,2001,https://game.gtimg.cn/images/lol/act/jkzlk/gamedata/equip/2001.png,"{""equipmentId"":2001,""img"":""https://game.gtimg.cn/images/lol/act/jkzlk/gamedata/equip/2001.png""}"
353,71,3,2045,https://game.gtimg.cn/images/lol/act/jkzlk/gamedata/equip/2045.png,"{""equipmentId"":2045,""img"":""https://game.gtimg.cn/images/lol/act/jkzlk/gamedata/equip/2045.png""}"
354,71,4,2037,https://game.gtimg.cn/images/lol/act/jkzlk/gamedata/equip/2053.png,"{""equipmentId"":2037,""img"":""https://game.gtimg.cn/images/lol/act/jkzlk/gamedata/equip/2053.png""}"
355,71,5,2046,https://game.gtimg.cn/images/lol/act/jkzlk/gamedata/equip/2046.png,"{""equipmentId"":2046,""img"":""https://game.gtimg.cn/images/lol/act/jkzlk/gamedata/equip/2046.png""}"
356,72,1,2048,https://game.gtimg.cn/images/lol/act/jkzlk/gamedata/equip/tactician_s_cape.png,"{""equipmentId"":2048,""img"":""https://game.gtimg.cn/images/lol/act/jkzlk/gamedata/equip/tactician_s_cape.png""}"
357,72,2,2011,https://game.gtimg.cn/images/lol/act/jkzlk/gamedata/equip/voidstaff.png,"{""equipmentId"":2011,""img"":""https://game.gtimg.cn/images/lol/act/jkzlk/gamedata/equip/voidstaff.png""}"
358,72,3,41620,https://game.gtimg.cn/images/lol/act/jkzlk/gamedata/equip/41620.png,"{""equipmentId"":41620,""img"":""https://game.gtimg.cn/images/lol/act/jkzlk/gamedata/equip/41620.png""}"
359,72,4,2036,https://game.gtimg.cn/images/lol/act/jkzlk/gamedata/equip/2036.png,"{""equipmentId"":2036,""img"":""https://game.gtimg.cn/images/lol/act/jkzlk/gamedata/equip/2036.png""}"
360,72,5,2004,https://game.gtimg.cn/images/lol/act/jkzlk/gamedata/equip/2004.png,"{""equipmentId"":2004,""img"":""https://game.gtimg.cn/images/lol/act/jkzlk/gamedata/equip/2004.png""}"
361,73,1,2044,https://game.gtimg.cn/images/lol/act/jkzlk/gamedata/equip/2044.png,"{""equipmentId"":2044,""img"":""https://game.gtimg.cn/images/lol/act/jkzlk/gamedata/equip/2044.png""}"
362,73,2,2028,https://game.gtimg.cn/images/lol/act/jkzlk/gamedata/equip/2248.png,"{""equipmentId"":2028,""img"":""https://game.gtimg.cn/images/lol/act/jkzlk/gamedata/equip/2248.png""}"
363,73,3,2029,https://game.gtimg.cn/images/lol/act/jkzlk/gamedata/equip/2329.png,"{""equipmentId"":2029,""img"":""https://game.gtimg.cn/images/lol/act/jkzlk/gamedata/equip/2329.png""}"
364,73,4,1006,https://game.gtimg.cn/images/lol/act/jkzlk/gamedata/equip/1006.png,"{""equipmentId"":1006,""img"":""https://game.gtimg.cn/images/lol/act/jkzlk/gamedata/equip/1006.png""}"
365,73,5,2034,https://game.gtimg.cn/images/lol/act/jkzlk/gamedata/equip/2034.png,"{""equipmentId"":2034,""img"":""https://game.gtimg.cn/images/lol/act/jkzlk/gamedata/equip/2034.png""}"
366,74,1,2044,https://game.gtimg.cn/images/lol/act/jkzlk/gamedata/equip/2044.png,"{""equipmentId"":2044,""img"":""https://game.gtimg.cn/images/lol/act/jkzlk/gamedata/equip/2044.png""}"
367,74,2,2041,https://game.gtimg.cn/images/lol/act/jkzlk/gamedata/equip/2041.png,"{""equipmentId"":2041,""img"":""https://game.gtimg.cn/images/lol/act/jkzlk/gamedata/equip/2041.png""}"
368,74,3,9185,https://game.gtimg.cn/images/lol/act/jkzlk/gamedata/equip/luckydoubloon.png,"{""equipmentId"":9185,""img"":""https://game.gtimg.cn/images/lol/act/jkzlk/gamedata/equip/luckydoubloon.png""}"
369,74,4,9186,https://game.gtimg.cn/images/lol/act/jkzlk/gamedata/equip/captainsbrew.png,"{""equipmentId"":9186,""img"":""https://game.gtimg.cn/images/lol/act/jkzlk/gamedata/equip/captainsbrew.png""}"
370,74,5,2001,https://game.gtimg.cn/images/lol/act/jkzlk/gamedata/equip/2001.png,"{""equipmentId"":2001,""img"":""https://game.gtimg.cn/images/lol/act/jkzlk/gamedata/equip/2001.png""}"
371,75,1,2038,https://game.gtimg.cn/images/lol/act/jkzlk/gamedata/equip/2038.png,"{""equipmentId"":2038,""img"":""https://game.gtimg.cn/images/lol/act/jkzlk/gamedata/equip/2038.png""}"
372,75,2,2019,https://game.gtimg.cn/images/lol/act/jkzlk/gamedata/equip/2019.png,"{""equipmentId"":2019,""img"":""https://game.gtimg.cn/images/lol/act/jkzlk/gamedata/equip/2019.png""}"
373,75,3,2020,https://game.gtimg.cn/images/lol/act/jkzlk/gamedata/equip/2020.png,"{""equipmentId"":2020,""img"":""https://game.gtimg.cn/images/lol/act/jkzlk/gamedata/equip/2020.png""}"
374,75,4,2006,https://game.gtimg.cn/images/lol/act/jkzlk/gamedata/equip/2006.png,"{""equipmentId"":2006,""img"":""https://game.gtimg.cn/images/lol/act/jkzlk/gamedata/equip/2006.png""}"
375,75,5,2018,https://game.gtimg.cn/images/lol/act/jkzlk/gamedata/equip/crownguard.png,"{""equipmentId"":2018,""img"":""https://game.gtimg.cn/images/lol/act/jkzlk/gamedata/equip/crownguard.png""}"
376,76,1,2044,https://game.gtimg.cn/images/lol/act/jkzlk/gamedata/equip/2044.png,"{""equipmentId"":2044,""img"":""https://game.gtimg.cn/images/lol/act/jkzlk/gamedata/equip/2044.png""}"
377,76,2,41607,https://game.gtimg.cn/images/lol/act/jkzlk/gamedata/equip/41607.png,"{""equipmentId"":41607,""img"":""https://game.gtimg.cn/images/lol/act/jkzlk/gamedata/equip/41607.png""}"
378,76,3,41605,https://game.gtimg.cn/images/lol/act/jkzlk/gamedata/equip/41605.png,"{""equipmentId"":41605,""img"":""https://game.gtimg.cn/images/lol/act/jkzlk/gamedata/equip/41605.png""}"
379,76,4,41601,https://game.gtimg.cn/images/lol/act/jkzlk/gamedata/equip/41601.png,"{""equipmentId"":41601,""img"":""https://game.gtimg.cn/images/lol/act/jkzlk/gamedata/equip/41601.png""}"
380,76,5,1005,https://game.gtimg.cn/images/lol/act/jkzlk/gamedata/equip/1005.png,"{""equipmentId"":1005,""img"":""https://game.gtimg.cn/images/lol/act/jkzlk/gamedata/equip/1005.png""}"
381,77,1,2011,https://game.gtimg.cn/images/lol/act/jkzlk/gamedata/equip/voidstaff.png,"{""equipmentId"":2011,""img"":""https://game.gtimg.cn/images/lol/act/jkzlk/gamedata/equip/voidstaff.png""}"
382,77,2,1003,https://game.gtimg.cn/images/lol/act/jkzlk/gamedata/equip/1003.png,"{""equipmentId"":1003,""img"":""https://game.gtimg.cn/images/lol/act/jkzlk/gamedata/equip/1003.png""}"
383,77,3,2046,https://game.gtimg.cn/images/lol/act/jkzlk/gamedata/equip/2046.png,"{""equipmentId"":2046,""img"":""https://game.gtimg.cn/images/lol/act/jkzlk/gamedata/equip/2046.png""}"
384,77,4,2009,https://game.gtimg.cn/images/lol/act/jkzlk/gamedata/equip/2009.png,"{""equipmentId"":2009,""img"":""https://game.gtimg.cn/images/lol/act/jkzlk/gamedata/equip/2009.png""}"
385,77,5,1002,https://game.gtimg.cn/images/lol/act/jkzlk/gamedata/equip/1002.png,"{""equipmentId"":1002,""img"":""https://game.gtimg.cn/images/lol/act/jkzlk/gamedata/equip/1002.png""}"
386,78,1,2004,https://game.gtimg.cn/images/lol/act/jkzlk/gamedata/equip/2004.png,"{""equipmentId"":2004,""img"":""https://game.gtimg.cn/images/lol/act/jkzlk/gamedata/equip/2004.png""}"
387,78,2,2037,https://game.gtimg.cn/images/lol/act/jkzlk/gamedata/equip/2053.png,"{""equipmentId"":2037,""img"":""https://game.gtimg.cn/images/lol/act/jkzlk/gamedata/equip/2053.png""}"
388,78,3,2001,https://game.gtimg.cn/images/lol/act/jkzlk/gamedata/equip/2001.png,"{""equipmentId"":2001,""img"":""https://game.gtimg.cn/images/lol/act/jkzlk/gamedata/equip/2001.png""}"
389,78,4,2042,https://game.gtimg.cn/images/lol/act/jkzlk/gamedata/equip/strikersflail.png,"{""equipmentId"":2042,""img"":""https://game.gtimg.cn/images/lol/act/jkzlk/gamedata/equip/strikersflail.png""}"
390,78,5,2010,https://game.gtimg.cn/images/lol/act/jkzlk/gamedata/equip/2010.png,"{""equipmentId"":2010,""img"":""https://game.gtimg.cn/images/lol/act/jkzlk/gamedata/equip/2010.png""}"
391,79,1,2038,https://game.gtimg.cn/images/lol/act/jkzlk/gamedata/equip/2038.png,"{""equipmentId"":2038,""img"":""https://game.gtimg.cn/images/lol/act/jkzlk/gamedata/equip/2038.png""}"
392,79,2,2004,https://game.gtimg.cn/images/lol/act/jkzlk/gamedata/equip/2004.png,"{""equipmentId"":2004,""img"":""https://game.gtimg.cn/images/lol/act/jkzlk/gamedata/equip/2004.png""}"
393,79,3,2014,https://game.gtimg.cn/images/lol/act/jkzlk/gamedata/equip/nashorstooth.png,"{""equipmentId"":2014,""img"":""https://game.gtimg.cn/images/lol/act/jkzlk/gamedata/equip/nashorstooth.png""}"
394,79,4,2011,https://game.gtimg.cn/images/lol/act/jkzlk/gamedata/equip/voidstaff.png,"{""equipmentId"":2011,""img"":""https://game.gtimg.cn/images/lol/act/jkzlk/gamedata/equip/voidstaff.png""}"
395,79,5,2016,https://game.gtimg.cn/images/lol/act/jkzlk/gamedata/equip/2016.png,"{""equipmentId"":2016,""img"":""https://game.gtimg.cn/images/lol/act/jkzlk/gamedata/equip/2016.png""}"
396,80,1,2029,https://game.gtimg.cn/images/lol/act/jkzlk/gamedata/equip/2329.png,"{""equipmentId"":2029,""img"":""https://game.gtimg.cn/images/lol/act/jkzlk/gamedata/equip/2329.png""}"
397,80,2,2028,https://game.gtimg.cn/images/lol/act/jkzlk/gamedata/equip/2248.png,"{""equipmentId"":2028,""img"":""https://game.gtimg.cn/images/lol/act/jkzlk/gamedata/equip/2248.png""}"
398,80,3,2025,https://game.gtimg.cn/images/lol/act/jkzlk/gamedata/equip/spiritvisage.png,"{""equipmentId"":2025,""img"":""https://game.gtimg.cn/images/lol/act/jkzlk/gamedata/equip/spiritvisage.png""}"
399,80,4,2032,https://game.gtimg.cn/images/lol/act/jkzlk/gamedata/equip/evenshroud.png,"{""equipmentId"":2032,""img"":""https://game.gtimg.cn/images/lol/act/jkzlk/gamedata/equip/evenshroud.png""}"
400,80,5,2023,https://game.gtimg.cn/images/lol/act/jkzlk/gamedata/equip/2023.png,"{""equipmentId"":2023,""img"":""https://game.gtimg.cn/images/lol/act/jkzlk/gamedata/equip/2023.png""}"
401,81,1,2038,https://game.gtimg.cn/images/lol/act/jkzlk/gamedata/equip/2038.png,"{""equipmentId"":2038,""img"":""https://game.gtimg.cn/images/lol/act/jkzlk/gamedata/equip/2038.png""}"
402,81,2,2011,https://game.gtimg.cn/images/lol/act/jkzlk/gamedata/equip/voidstaff.png,"{""equipmentId"":2011,""img"":""https://game.gtimg.cn/images/lol/act/jkzlk/gamedata/equip/voidstaff.png""}"
403,81,3,2004,https://game.gtimg.cn/images/lol/act/jkzlk/gamedata/equip/2004.png,"{""equipmentId"":2004,""img"":""https://game.gtimg.cn/images/lol/act/jkzlk/gamedata/equip/2004.png""}"
404,81,4,2017,https://game.gtimg.cn/images/lol/act/jkzlk/gamedata/equip/2017.png,"{""equipmentId"":2017,""img"":""https://game.gtimg.cn/images/lol/act/jkzlk/gamedata/equip/2017.png""}"
405,81,5,2020,https://game.gtimg.cn/images/lol/act/jkzlk/gamedata/equip/2020.png,"{""equipmentId"":2020,""img"":""https://game.gtimg.cn/images/lol/act/jkzlk/gamedata/equip/2020.png""}"
406,82,1,2010,https://game.gtimg.cn/images/lol/act/jkzlk/gamedata/equip/2010.png,"{""equipmentId"":2010,""img"":""https://game.gtimg.cn/images/lol/act/jkzlk/gamedata/equip/2010.png""}"
407,82,2,2001,https://game.gtimg.cn/images/lol/act/jkzlk/gamedata/equip/2001.png,"{""equipmentId"":2001,""img"":""https://game.gtimg.cn/images/lol/act/jkzlk/gamedata/equip/2001.png""}"
408,82,3,2037,https://game.gtimg.cn/images/lol/act/jkzlk/gamedata/equip/2053.png,"{""equipmentId"":2037,""img"":""https://game.gtimg.cn/images/lol/act/jkzlk/gamedata/equip/2053.png""}"
409,82,4,2046,https://game.gtimg.cn/images/lol/act/jkzlk/gamedata/equip/2046.png,"{""equipmentId"":2046,""img"":""https://game.gtimg.cn/images/lol/act/jkzlk/gamedata/equip/2046.png""}"
410,82,5,2004,https://game.gtimg.cn/images/lol/act/jkzlk/gamedata/equip/2004.png,"{""equipmentId"":2004,""img"":""https://game.gtimg.cn/images/lol/act/jkzlk/gamedata/equip/2004.png""}"
411,83,1,2029,https://game.gtimg.cn/images/lol/act/jkzlk/gamedata/equip/2329.png,"{""equipmentId"":2029,""img"":""https://game.gtimg.cn/images/lol/act/jkzlk/gamedata/equip/2329.png""}"
412,83,2,2044,https://game.gtimg.cn/images/lol/act/jkzlk/gamedata/equip/2044.png,"{""equipmentId"":2044,""img"":""https://game.gtimg.cn/images/lol/act/jkzlk/gamedata/equip/2044.png""}"
413,83,3,2020,https://game.gtimg.cn/images/lol/act/jkzlk/gamedata/equip/2020.png,"{""equipmentId"":2020,""img"":""https://game.gtimg.cn/images/lol/act/jkzlk/gamedata/equip/2020.png""}"
414,83,4,2028,https://game.gtimg.cn/images/lol/act/jkzlk/gamedata/equip/2248.png,"{""equipmentId"":2028,""img"":""https://game.gtimg.cn/images/lol/act/jkzlk/gamedata/equip/2248.png""}"
415,83,5,2025,https://game.gtimg.cn/images/lol/act/jkzlk/gamedata/equip/spiritvisage.png,"{""equipmentId"":2025,""img"":""https://game.gtimg.cn/images/lol/act/jkzlk/gamedata/equip/spiritvisage.png""}"
416,84,1,2038,https://game.gtimg.cn/images/lol/act/jkzlk/gamedata/equip/2038.png,"{""equipmentId"":2038,""img"":""https://game.gtimg.cn/images/lol/act/jkzlk/gamedata/equip/2038.png""}"
417,84,2,2006,https://game.gtimg.cn/images/lol/act/jkzlk/gamedata/equip/2006.png,"{""equipmentId"":2006,""img"":""https://game.gtimg.cn/images/lol/act/jkzlk/gamedata/equip/2006.png""}"
418,84,3,2010,https://game.gtimg.cn/images/lol/act/jkzlk/gamedata/equip/2010.png,"{""equipmentId"":2010,""img"":""https://game.gtimg.cn/images/lol/act/jkzlk/gamedata/equip/2010.png""}"
419,84,4,2012,https://game.gtimg.cn/images/lol/act/jkzlk/gamedata/equip/2052.png,"{""equipmentId"":2012,""img"":""https://game.gtimg.cn/images/lol/act/jkzlk/gamedata/equip/2052.png""}"
420,84,5,2044,https://game.gtimg.cn/images/lol/act/jkzlk/gamedata/equip/2044.png,"{""equipmentId"":2044,""img"":""https://game.gtimg.cn/images/lol/act/jkzlk/gamedata/equip/2044.png""}"
421,85,1,2028,https://game.gtimg.cn/images/lol/act/jkzlk/gamedata/equip/2248.png,"{""equipmentId"":2028,""img"":""https://game.gtimg.cn/images/lol/act/jkzlk/gamedata/equip/2248.png""}"
422,85,2,2029,https://game.gtimg.cn/images/lol/act/jkzlk/gamedata/equip/2329.png,"{""equipmentId"":2029,""img"":""https://game.gtimg.cn/images/lol/act/jkzlk/gamedata/equip/2329.png""}"
423,85,3,2044,https://game.gtimg.cn/images/lol/act/jkzlk/gamedata/equip/2044.png,"{""equipmentId"":2044,""img"":""https://game.gtimg.cn/images/lol/act/jkzlk/gamedata/equip/2044.png""}"
424,85,4,41607,https://game.gtimg.cn/images/lol/act/jkzlk/gamedata/equip/41607.png,"{""equipmentId"":41607,""img"":""https://game.gtimg.cn/images/lol/act/jkzlk/gamedata/equip/41607.png""}"
425,85,5,2007,https://game.gtimg.cn/images/lol/act/jkzlk/gamedata/equip/steraksgage.png,"{""equipmentId"":2007,""img"":""https://game.gtimg.cn/images/lol/act/jkzlk/gamedata/equip/steraksgage.png""}"
426,86,1,2028,https://game.gtimg.cn/images/lol/act/jkzlk/gamedata/equip/2248.png,"{""equipmentId"":2028,""img"":""https://game.gtimg.cn/images/lol/act/jkzlk/gamedata/equip/2248.png""}"
427,86,2,2025,https://game.gtimg.cn/images/lol/act/jkzlk/gamedata/equip/spiritvisage.png,"{""equipmentId"":2025,""img"":""https://game.gtimg.cn/images/lol/act/jkzlk/gamedata/equip/spiritvisage.png""}"
428,86,3,2029,https://game.gtimg.cn/images/lol/act/jkzlk/gamedata/equip/2329.png,"{""equipmentId"":2029,""img"":""https://game.gtimg.cn/images/lol/act/jkzlk/gamedata/equip/2329.png""}"
429,86,4,2007,https://game.gtimg.cn/images/lol/act/jkzlk/gamedata/equip/steraksgage.png,"{""equipmentId"":2007,""img"":""https://game.gtimg.cn/images/lol/act/jkzlk/gamedata/equip/steraksgage.png""}"
430,86,5,2024,https://game.gtimg.cn/images/lol/act/jkzlk/gamedata/equip/adaptivehelm.png,"{""equipmentId"":2024,""img"":""https://game.gtimg.cn/images/lol/act/jkzlk/gamedata/equip/adaptivehelm.png""}"
431,87,1,2036,https://game.gtimg.cn/images/lol/act/jkzlk/gamedata/equip/2036.png,"{""equipmentId"":2036,""img"":""https://game.gtimg.cn/images/lol/act/jkzlk/gamedata/equip/2036.png""}"
432,87,2,1002,https://game.gtimg.cn/images/lol/act/jkzlk/gamedata/equip/1002.png,"{""equipmentId"":1002,""img"":""https://game.gtimg.cn/images/lol/act/jkzlk/gamedata/equip/1002.png""}"
433,87,3,2037,https://game.gtimg.cn/images/lol/act/jkzlk/gamedata/equip/2053.png,"{""equipmentId"":2037,""img"":""https://game.gtimg.cn/images/lol/act/jkzlk/gamedata/equip/2053.png""}"
434,87,4,41621,https://game.gtimg.cn/images/lol/act/jkzlk/gamedata/equip/41621.png,"{""equipmentId"":41621,""img"":""https://game.gtimg.cn/images/lol/act/jkzlk/gamedata/equip/41621.png""}"
435,87,5,2010,https://game.gtimg.cn/images/lol/act/jkzlk/gamedata/equip/2010.png,"{""equipmentId"":2010,""img"":""https://game.gtimg.cn/images/lol/act/jkzlk/gamedata/equip/2010.png""}"
436,88,1,2038,https://game.gtimg.cn/images/lol/act/jkzlk/gamedata/equip/2038.png,"{""equipmentId"":2038,""img"":""https://game.gtimg.cn/images/lol/act/jkzlk/gamedata/equip/2038.png""}"
437,88,2,2004,https://game.gtimg.cn/images/lol/act/jkzlk/gamedata/equip/2004.png,"{""equipmentId"":2004,""img"":""https://game.gtimg.cn/images/lol/act/jkzlk/gamedata/equip/2004.png""}"
438,88,3,2014,https://game.gtimg.cn/images/lol/act/jkzlk/gamedata/equip/nashorstooth.png,"{""equipmentId"":2014,""img"":""https://game.gtimg.cn/images/lol/act/jkzlk/gamedata/equip/nashorstooth.png""}"
439,88,4,2017,https://game.gtimg.cn/images/lol/act/jkzlk/gamedata/equip/2017.png,"{""equipmentId"":2017,""img"":""https://game.gtimg.cn/images/lol/act/jkzlk/gamedata/equip/2017.png""}"
440,88,5,2024,https://game.gtimg.cn/images/lol/act/jkzlk/gamedata/equip/adaptivehelm.png,"{""equipmentId"":2024,""img"":""https://game.gtimg.cn/images/lol/act/jkzlk/gamedata/equip/adaptivehelm.png""}"
441,89,1,2012,https://game.gtimg.cn/images/lol/act/jkzlk/gamedata/equip/2052.png,"{""equipmentId"":2012,""img"":""https://game.gtimg.cn/images/lol/act/jkzlk/gamedata/equip/2052.png""}"
442,89,2,2006,https://game.gtimg.cn/images/lol/act/jkzlk/gamedata/equip/2006.png,"{""equipmentId"":2006,""img"":""https://game.gtimg.cn/images/lol/act/jkzlk/gamedata/equip/2006.png""}"
443,89,3,2001,https://game.gtimg.cn/images/lol/act/jkzlk/gamedata/equip/2001.png,"{""equipmentId"":2001,""img"":""https://game.gtimg.cn/images/lol/act/jkzlk/gamedata/equip/2001.png""}"
444,89,4,2007,https://game.gtimg.cn/images/lol/act/jkzlk/gamedata/equip/steraksgage.png,"{""equipmentId"":2007,""img"":""https://game.gtimg.cn/images/lol/act/jkzlk/gamedata/equip/steraksgage.png""}"
445,89,5,2039,https://game.gtimg.cn/images/lol/act/jkzlk/gamedata/equip/2039.png,"{""equipmentId"":2039,""img"":""https://game.gtimg.cn/images/lol/act/jkzlk/gamedata/equip/2039.png""}"
446,90,1,2006,https://game.gtimg.cn/images/lol/act/jkzlk/gamedata/equip/2006.png,"{""equipmentId"":2006,""img"":""https://game.gtimg.cn/images/lol/act/jkzlk/gamedata/equip/2006.png""}"
447,90,2,2012,https://game.gtimg.cn/images/lol/act/jkzlk/gamedata/equip/2052.png,"{""equipmentId"":2012,""img"":""https://game.gtimg.cn/images/lol/act/jkzlk/gamedata/equip/2052.png""}"
448,90,3,2044,https://game.gtimg.cn/images/lol/act/jkzlk/gamedata/equip/2044.png,"{""equipmentId"":2044,""img"":""https://game.gtimg.cn/images/lol/act/jkzlk/gamedata/equip/2044.png""}"
449,90,4,2039,https://game.gtimg.cn/images/lol/act/jkzlk/gamedata/equip/2039.png,"{""equipmentId"":2039,""img"":""https://game.gtimg.cn/images/lol/act/jkzlk/gamedata/equip/2039.png""}"
450,90,5,2007,https://game.gtimg.cn/images/lol/act/jkzlk/gamedata/equip/steraksgage.png,"{""equipmentId"":2007,""img"":""https://game.gtimg.cn/images/lol/act/jkzlk/gamedata/equip/steraksgage.png""}"
451,91,1,2029,https://game.gtimg.cn/images/lol/act/jkzlk/gamedata/equip/2329.png,"{""equipmentId"":2029,""img"":""https://game.gtimg.cn/images/lol/act/jkzlk/gamedata/equip/2329.png""}"
452,91,2,2025,https://game.gtimg.cn/images/lol/act/jkzlk/gamedata/equip/spiritvisage.png,"{""equipmentId"":2025,""img"":""https://game.gtimg.cn/images/lol/act/jkzlk/gamedata/equip/spiritvisage.png""}"
453,91,3,2028,https://game.gtimg.cn/images/lol/act/jkzlk/gamedata/equip/2248.png,"{""equipmentId"":2028,""img"":""https://game.gtimg.cn/images/lol/act/jkzlk/gamedata/equip/2248.png""}"
454,91,4,2032,https://game.gtimg.cn/images/lol/act/jkzlk/gamedata/equip/evenshroud.png,"{""equipmentId"":2032,""img"":""https://game.gtimg.cn/images/lol/act/jkzlk/gamedata/equip/evenshroud.png""}"
455,91,5,2044,https://game.gtimg.cn/images/lol/act/jkzlk/gamedata/equip/2044.png,"{""equipmentId"":2044,""img"":""https://game.gtimg.cn/images/lol/act/jkzlk/gamedata/equip/2044.png""}"
456,92,1,2010,https://game.gtimg.cn/images/lol/act/jkzlk/gamedata/equip/2010.png,"{""equipmentId"":2010,""img"":""https://game.gtimg.cn/images/lol/act/jkzlk/gamedata/equip/2010.png""}"
457,92,2,2038,https://game.gtimg.cn/images/lol/act/jkzlk/gamedata/equip/2038.png,"{""equipmentId"":2038,""img"":""https://game.gtimg.cn/images/lol/act/jkzlk/gamedata/equip/2038.png""}"
458,92,3,2011,https://game.gtimg.cn/images/lol/act/jkzlk/gamedata/equip/voidstaff.png,"{""equipmentId"":2011,""img"":""https://game.gtimg.cn/images/lol/act/jkzlk/gamedata/equip/voidstaff.png""}"
459,92,4,2046,https://game.gtimg.cn/images/lol/act/jkzlk/gamedata/equip/2046.png,"{""equipmentId"":2046,""img"":""https://game.gtimg.cn/images/lol/act/jkzlk/gamedata/equip/2046.png""}"
460,92,5,2017,https://game.gtimg.cn/images/lol/act/jkzlk/gamedata/equip/2017.png,"{""equipmentId"":2017,""img"":""https://game.gtimg.cn/images/lol/act/jkzlk/gamedata/equip/2017.png""}"
461,93,1,2010,https://game.gtimg.cn/images/lol/act/jkzlk/gamedata/equip/2010.png,"{""equipmentId"":2010,""img"":""https://game.gtimg.cn/images/lol/act/jkzlk/gamedata/equip/2010.png""}"
462,93,2,2041,https://game.gtimg.cn/images/lol/act/jkzlk/gamedata/equip/2041.png,"{""equipmentId"":2041,""img"":""https://game.gtimg.cn/images/lol/act/jkzlk/gamedata/equip/2041.png""}"
463,93,3,2012,https://game.gtimg.cn/images/lol/act/jkzlk/gamedata/equip/2052.png,"{""equipmentId"":2012,""img"":""https://game.gtimg.cn/images/lol/act/jkzlk/gamedata/equip/2052.png""}"
464,93,4,2003,https://game.gtimg.cn/images/lol/act/jkzlk/gamedata/equip/2003.png,"{""equipmentId"":2003,""img"":""https://game.gtimg.cn/images/lol/act/jkzlk/gamedata/equip/2003.png""}"
465,93,5,2006,https://game.gtimg.cn/images/lol/act/jkzlk/gamedata/equip/2006.png,"{""equipmentId"":2006,""img"":""https://game.gtimg.cn/images/lol/act/jkzlk/gamedata/equip/2006.png""}"
466,94,1,2001,https://game.gtimg.cn/images/lol/act/jkzlk/gamedata/equip/2001.png,"{""equipmentId"":2001,""img"":""https://game.gtimg.cn/images/lol/act/jkzlk/gamedata/equip/2001.png""}"
467,94,2,2007,https://game.gtimg.cn/images/lol/act/jkzlk/gamedata/equip/steraksgage.png,"{""equipmentId"":2007,""img"":""https://game.gtimg.cn/images/lol/act/jkzlk/gamedata/equip/steraksgage.png""}"
468,94,3,2006,https://game.gtimg.cn/images/lol/act/jkzlk/gamedata/equip/2006.png,"{""equipmentId"":2006,""img"":""https://game.gtimg.cn/images/lol/act/jkzlk/gamedata/equip/2006.png""}"
469,94,4,2039,https://game.gtimg.cn/images/lol/act/jkzlk/gamedata/equip/2039.png,"{""equipmentId"":2039,""img"":""https://game.gtimg.cn/images/lol/act/jkzlk/gamedata/equip/2039.png""}"
470,94,5,2003,https://game.gtimg.cn/images/lol/act/jkzlk/gamedata/equip/2003.png,"{""equipmentId"":2003,""img"":""https://game.gtimg.cn/images/lol/act/jkzlk/gamedata/equip/2003.png""}"
471,95,1,2044,https://game.gtimg.cn/images/lol/act/jkzlk/gamedata/equip/2044.png,"{""equipmentId"":2044,""img"":""https://game.gtimg.cn/images/lol/act/jkzlk/gamedata/equip/2044.png""}"
472,95,2,2007,https://game.gtimg.cn/images/lol/act/jkzlk/gamedata/equip/steraksgage.png,"{""equipmentId"":2007,""img"":""https://game.gtimg.cn/images/lol/act/jkzlk/gamedata/equip/steraksgage.png""}"
473,95,3,2006,https://game.gtimg.cn/images/lol/act/jkzlk/gamedata/equip/2006.png,"{""equipmentId"":2006,""img"":""https://game.gtimg.cn/images/lol/act/jkzlk/gamedata/equip/2006.png""}"
474,95,4,2012,https://game.gtimg.cn/images/lol/act/jkzlk/gamedata/equip/2052.png,"{""equipmentId"":2012,""img"":""https://game.gtimg.cn/images/lol/act/jkzlk/gamedata/equip/2052.png""}"
475,95,5,2041,https://game.gtimg.cn/images/lol/act/jkzlk/gamedata/equip/2041.png,"{""equipmentId"":2041,""img"":""https://game.gtimg.cn/images/lol/act/jkzlk/gamedata/equip/2041.png""}"
476,96,1,2034,https://game.gtimg.cn/images/lol/act/jkzlk/gamedata/equip/2034.png,"{""equipmentId"":2034,""img"":""https://game.gtimg.cn/images/lol/act/jkzlk/gamedata/equip/2034.png""}"
477,96,2,2044,https://game.gtimg.cn/images/lol/act/jkzlk/gamedata/equip/2044.png,"{""equipmentId"":2044,""img"":""https://game.gtimg.cn/images/lol/act/jkzlk/gamedata/equip/2044.png""}"
478,96,3,2027,https://game.gtimg.cn/images/lol/act/jkzlk/gamedata/equip/2054.png,"{""equipmentId"":2027,""img"":""https://game.gtimg.cn/images/lol/act/jkzlk/gamedata/equip/2054.png""}"
479,96,4,41605,https://game.gtimg.cn/images/lol/act/jkzlk/gamedata/equip/41605.png,"{""equipmentId"":41605,""img"":""https://game.gtimg.cn/images/lol/act/jkzlk/gamedata/equip/41605.png""}"
480,96,5,2007,https://game.gtimg.cn/images/lol/act/jkzlk/gamedata/equip/steraksgage.png,"{""equipmentId"":2007,""img"":""https://game.gtimg.cn/images/lol/act/jkzlk/gamedata/equip/steraksgage.png""}"
481,97,1,2038,https://game.gtimg.cn/images/lol/act/jkzlk/gamedata/equip/2038.png,"{""equipmentId"":2038,""img"":""https://game.gtimg.cn/images/lol/act/jkzlk/gamedata/equip/2038.png""}"
482,97,2,2014,https://game.gtimg.cn/images/lol/act/jkzlk/gamedata/equip/nashorstooth.png,"{""equipmentId"":2014,""img"":""https://game.gtimg.cn/images/lol/act/jkzlk/gamedata/equip/nashorstooth.png""}"
483,97,3,2004,https://game.gtimg.cn/images/lol/act/jkzlk/gamedata/equip/2004.png,"{""equipmentId"":2004,""img"":""https://game.gtimg.cn/images/lol/act/jkzlk/gamedata/equip/2004.png""}"
484,97,4,2024,https://game.gtimg.cn/images/lol/act/jkzlk/gamedata/equip/adaptivehelm.png,"{""equipmentId"":2024,""img"":""https://game.gtimg.cn/images/lol/act/jkzlk/gamedata/equip/adaptivehelm.png""}"
485,97,5,2022,https://game.gtimg.cn/images/lol/act/jkzlk/gamedata/equip/2222.png,"{""equipmentId"":2022,""img"":""https://game.gtimg.cn/images/lol/act/jkzlk/gamedata/equip/2222.png""}"
486,98,1,2044,https://game.gtimg.cn/images/lol/act/jkzlk/gamedata/equip/2044.png,"{""equipmentId"":2044,""img"":""https://game.gtimg.cn/images/lol/act/jkzlk/gamedata/equip/2044.png""}"
487,98,2,2032,https://game.gtimg.cn/images/lol/act/jkzlk/gamedata/equip/evenshroud.png,"{""equipmentId"":2032,""img"":""https://game.gtimg.cn/images/lol/act/jkzlk/gamedata/equip/evenshroud.png""}"
488,98,3,1005,https://game.gtimg.cn/images/lol/act/jkzlk/gamedata/equip/1005.png,"{""equipmentId"":1005,""img"":""https://game.gtimg.cn/images/lol/act/jkzlk/gamedata/equip/1005.png""}"
489,98,4,41613,https://game.gtimg.cn/images/lol/act/jkzlk/gamedata/equip/41613.png,"{""equipmentId"":41613,""img"":""https://game.gtimg.cn/images/lol/act/jkzlk/gamedata/equip/41613.png""}"
490,98,5,2025,https://game.gtimg.cn/images/lol/act/jkzlk/gamedata/equip/spiritvisage.png,"{""equipmentId"":2025,""img"":""https://game.gtimg.cn/images/lol/act/jkzlk/gamedata/equip/spiritvisage.png""}"
491,99,1,2006,https://game.gtimg.cn/images/lol/act/jkzlk/gamedata/equip/2006.png,"{""equipmentId"":2006,""img"":""https://game.gtimg.cn/images/lol/act/jkzlk/gamedata/equip/2006.png""}"
492,99,2,2001,https://game.gtimg.cn/images/lol/act/jkzlk/gamedata/equip/2001.png,"{""equipmentId"":2001,""img"":""https://game.gtimg.cn/images/lol/act/jkzlk/gamedata/equip/2001.png""}"
493,99,3,2007,https://game.gtimg.cn/images/lol/act/jkzlk/gamedata/equip/steraksgage.png,"{""equipmentId"":2007,""img"":""https://game.gtimg.cn/images/lol/act/jkzlk/gamedata/equip/steraksgage.png""}"
494,99,4,2012,https://game.gtimg.cn/images/lol/act/jkzlk/gamedata/equip/2052.png,"{""equipmentId"":2012,""img"":""https://game.gtimg.cn/images/lol/act/jkzlk/gamedata/equip/2052.png""}"
495,99,5,2039,https://game.gtimg.cn/images/lol/act/jkzlk/gamedata/equip/2039.png,"{""equipmentId"":2039,""img"":""https://game.gtimg.cn/images/lol/act/jkzlk/gamedata/equip/2039.png""}"
496,100,1,2010,https://game.gtimg.cn/images/lol/act/jkzlk/gamedata/equip/2010.png,"{""equipmentId"":2010,""img"":""https://game.gtimg.cn/images/lol/act/jkzlk/gamedata/equip/2010.png""}"
497,100,2,2006,https://game.gtimg.cn/images/lol/act/jkzlk/gamedata/equip/2006.png,"{""equipmentId"":2006,""img"":""https://game.gtimg.cn/images/lol/act/jkzlk/gamedata/equip/2006.png""}"
498,100,3,41606,https://game.gtimg.cn/images/lol/act/jkzlk/gamedata/equip/41606.png,"{""equipmentId"":41606,""img"":""https://game.gtimg.cn/images/lol/act/jkzlk/gamedata/equip/41606.png""}"
499,100,4,2005,https://game.gtimg.cn/images/lol/act/jkzlk/gamedata/equip/2005.png,"{""equipmentId"":2005,""img"":""https://game.gtimg.cn/images/lol/act/jkzlk/gamedata/equip/2005.png""}"
500,100,5,2044,https://game.gtimg.cn/images/lol/act/jkzlk/gamedata/equip/2044.png,"{""equipmentId"":2044,""img"":""https://game.gtimg.cn/images/lol/act/jkzlk/gamedata/equip/2044.png""}"
501,101,1,2006,https://game.gtimg.cn/images/lol/act/jkzlk/gamedata/equip/2006.png,"{""equipmentId"":2006,""img"":""https://game.gtimg.cn/images/lol/act/jkzlk/gamedata/equip/2006.png""}"
502,101,2,2010,https://game.gtimg.cn/images/lol/act/jkzlk/gamedata/equip/2010.png,"{""equipmentId"":2010,""img"":""https://game.gtimg.cn/images/lol/act/jkzlk/gamedata/equip/2010.png""}"
503,101,3,2012,https://game.gtimg.cn/images/lol/act/jkzlk/gamedata/equip/2052.png,"{""equipmentId"":2012,""img"":""https://game.gtimg.cn/images/lol/act/jkzlk/gamedata/equip/2052.png""}"
504,101,4,41616,https://game.gtimg.cn/images/lol/act/jkzlk/gamedata/equip/41616.png,"{""equipmentId"":41616,""img"":""https://game.gtimg.cn/images/lol/act/jkzlk/gamedata/equip/41616.png""}"
505,101,5,6072,https://game.gtimg.cn/images/lol/act/jkzlk/gamedata/equip/silvermere_dawn.png,"{""equipmentId"":6072,""img"":""https://game.gtimg.cn/images/lol/act/jkzlk/gamedata/equip/silvermere_dawn.png""}"
506,102,1,2012,https://game.gtimg.cn/images/lol/act/jkzlk/gamedata/equip/2052.png,"{""equipmentId"":2012,""img"":""https://game.gtimg.cn/images/lol/act/jkzlk/gamedata/equip/2052.png""}"
507,102,2,2006,https://game.gtimg.cn/images/lol/act/jkzlk/gamedata/equip/2006.png,"{""equipmentId"":2006,""img"":""https://game.gtimg.cn/images/lol/act/jkzlk/gamedata/equip/2006.png""}"
508,102,3,2001,https://game.gtimg.cn/images/lol/act/jkzlk/gamedata/equip/2001.png,"{""equipmentId"":2001,""img"":""https://game.gtimg.cn/images/lol/act/jkzlk/gamedata/equip/2001.png""}"
509,102,4,2007,https://game.gtimg.cn/images/lol/act/jkzlk/gamedata/equip/steraksgage.png,"{""equipmentId"":2007,""img"":""https://game.gtimg.cn/images/lol/act/jkzlk/gamedata/equip/steraksgage.png""}"
510,102,5,2039,https://game.gtimg.cn/images/lol/act/jkzlk/gamedata/equip/2039.png,"{""equipmentId"":2039,""img"":""https://game.gtimg.cn/images/lol/act/jkzlk/gamedata/equip/2039.png""}"
511,103,1,41611,https://game.gtimg.cn/images/lol/act/jkzlk/gamedata/equip/41611.png,"{""equipmentId"":41611,""img"":""https://game.gtimg.cn/images/lol/act/jkzlk/gamedata/equip/41611.png""}"
512,103,2,41621,https://game.gtimg.cn/images/lol/act/jkzlk/gamedata/equip/41621.png,"{""equipmentId"":41621,""img"":""https://game.gtimg.cn/images/lol/act/jkzlk/gamedata/equip/41621.png""}"
513,103,3,2001,https://game.gtimg.cn/images/lol/act/jkzlk/gamedata/equip/2001.png,"{""equipmentId"":2001,""img"":""https://game.gtimg.cn/images/lol/act/jkzlk/gamedata/equip/2001.png""}"
514,103,4,2038,https://game.gtimg.cn/images/lol/act/jkzlk/gamedata/equip/2038.png,"{""equipmentId"":2038,""img"":""https://game.gtimg.cn/images/lol/act/jkzlk/gamedata/equip/2038.png""}"
515,103,5,2009,https://game.gtimg.cn/images/lol/act/jkzlk/gamedata/equip/2009.png,"{""equipmentId"":2009,""img"":""https://game.gtimg.cn/images/lol/act/jkzlk/gamedata/equip/2009.png""}"
516,104,1,2041,https://game.gtimg.cn/images/lol/act/jkzlk/gamedata/equip/2041.png,"{""equipmentId"":2041,""img"":""https://game.gtimg.cn/images/lol/act/jkzlk/gamedata/equip/2041.png""}"
517,104,2,2010,https://game.gtimg.cn/images/lol/act/jkzlk/gamedata/equip/2010.png,"{""equipmentId"":2010,""img"":""https://game.gtimg.cn/images/lol/act/jkzlk/gamedata/equip/2010.png""}"
518,104,3,2006,https://game.gtimg.cn/images/lol/act/jkzlk/gamedata/equip/2006.png,"{""equipmentId"":2006,""img"":""https://game.gtimg.cn/images/lol/act/jkzlk/gamedata/equip/2006.png""}"
519,104,4,6080,https://game.gtimg.cn/images/lol/act/jkzlk/gamedata/equip/rapid_firecannon.png,"{""equipmentId"":6080,""img"":""https://game.gtimg.cn/images/lol/act/jkzlk/gamedata/equip/rapid_firecannon.png""}"
520,104,5,2001,https://game.gtimg.cn/images/lol/act/jkzlk/gamedata/equip/2001.png,"{""equipmentId"":2001,""img"":""https://game.gtimg.cn/images/lol/act/jkzlk/gamedata/equip/2001.png""}"
