augment_row_id,augment_id,augment_name,augment_img,trend,color_type,description,all_pick_rate_main,all_pick_rate_sub,avg_ranking,pick_rate_4,pick_rate_1,stage_pick_rate_1,stage_pick_rate_2,stage_pick_rate_3,stage_avg_ranking_1,stage_avg_ranking_2,stage_avg_ranking_3,available_stage_count
1,3093,便携锻炉,https://game.gtimg.cn/images/lol/act/jkzlk/gamedata/hex/portableforge2.png,2,2,从4件神器中选出1件。  神器是可以提供独特效果的强力装备。,6.24,0.49,4.41,50.88,10.7,17.68,17.45,24.58,4.25,4.42,4.51,3
2,20620,三，三，三！,https://game.gtimg.cn/images/lol/act/jkzlk/gamedata/hex/3threes2.png,2,2,获得3个随机2星3费弈子和3金币。,5.9,0.47,4.4,51.84,13.28,0.0,0.0,56.45,,,4.4,1
3,20141,专属定制,https://game.gtimg.cn/images/lol/act/jkzlk/gamedata/hex/exclusivecustomization2.png,0,2,获得1个【幸运装备宝箱】和1个【装备拆卸器】和10金币。  对一个英雄使用【幸运装备宝箱】，即可从一个推荐装备武器库中进行选择！,4.5,0.36,4.45,51.28,11.03,0.0,15.29,27.77,,4.26,4.56,2
4,4804,英勇福袋++,https://game.gtimg.cn/images/lol/act/jkzlk/gamedata/hex/heroicgrabbag2.png,2,2,获得2个【次级英雄复制器】和14金币。  这个物品允许你能复制一个3费或以下的弈子。,3.83,0.3,4.24,56.16,10.27,0.0,0.0,36.68,,,4.24,1
5,2069,DD街区,https://game.gtimg.cn/images/lol/act/jkzlk/gamedata/hex/trade2.png,0,2,每回合获得1次免费的商店刷新。获得2金币。,3.75,0.3,4.31,54.17,12.93,35.89,0.0,0.0,4.31,,,1
6,2184,大百宝袋,https://game.gtimg.cn/images/lol/act/jkzlk/gamedata/hex/grabbag2.png,0,2,获得3件随机基础装备、2金币和1个【装备重铸器】。  【装备重铸器】允许你将任一装备随机成另一件装备。,3.49,0.27,4.4,51.68,11.03,0.0,12.22,21.18,,4.32,4.45,2
7,2128,珠光莲花 I,https://game.gtimg.cn/images/lol/act/jkzlk/gamedata/hex/jeweledlotus2.png,0,2,你的队伍获得20%暴击几率，并且其技能可以暴击。,3.35,0.26,4.33,52.98,14.67,0.0,11.1,20.97,,4.31,4.35,2
8,20619,双城赢家,https://game.gtimg.cn/images/lol/act/jkzlk/gamedata/hex/arcaneviktory2.png,2,2,在战斗环节开始8秒后，晕眩所有敌方弈子1.5秒。在战斗18秒后，重复该效果。  2024云顶之弈澳门公开赛,3.28,0.26,4.59,48.87,8.76,0.0,8.68,22.68,,4.8,4.51,2
9,1646,团队建设,https://game.gtimg.cn/images/lol/act/jkzlk/gamedata/hex/buildinganarmy1.png,2,1,获得1个【次级英雄复制器】。在5个玩家对战回合后获得另一个。  这个物品允许你能复制一个3阶或以下的弈子。,3.09,0.24,4.54,49.11,9.09,10.41,18.54,0.0,4.47,4.57,,2
10,30599,灵魂唤醒,https://game.gtimg.cn/images/lol/act/jkzlk/gamedata/hex/awakenedsoul3.png,2,3,战斗开始时：你的队伍每秒获得2%物理加成和法术加成，持续10秒。在最大层数时，造成12%额外真实伤害。,3.08,0.24,4.23,56.21,8.89,0.0,13.04,16.45,,4.34,4.14,2
11,2021,飞升,https://game.gtimg.cn/images/lol/act/jkzlk/gamedata/hex/finalascension2.png,2,2,在战斗环节开始12秒后，你的弈子们造成的伤害提升40%。,3.07,0.24,4.35,52.12,9.41,0.0,9.0,20.41,,4.54,4.27,2
12,30665,甜点,https://game.gtimg.cn/images/lol/act/jkzlk/gamedata/hex/sweettreats3.png,0,3,获得1个【神器锻造器】。弈子每携带1个装备，你的队伍就获得20生命值。  已获得的生命值：0  2024【魔法大乱斗】全球总决赛,3.04,0.24,4.35,52.79,11.6,0.0,14.66,14.41,,4.34,4.36,2
13,20662,解封魔武,https://game.gtimg.cn/images/lol/act/jkzlk/gamedata/hex/unsealedfromsteel2.png,0,2,在4个【暗裔武器】中选择1个。【暗裔武器】属于神器，并提供【暗裔】羁绊。,3.01,0.24,4.46,50.14,14.37,8.02,6.66,14.14,4.58,4.36,4.44,3
14,1895,四费增援,https://game.gtimg.cn/images/lol/act/jkzlk/gamedata/hex/reinfourcement2.png,0,2,你用金币购买的下一个4费弈子将立刻升到2星。获得5金币。,2.99,0.23,5.0,39.07,10.6,0.0,0.0,28.68,,,5.0,1
15,3851,混沌召唤,https://game.gtimg.cn/images/lol/act/jkzlk/gamedata/hex/calltochaos3.png,0,3,获得一个强大的随机奖励。(58金币，64经验值，1件成装锻造器和金蛋，40次免费刷新，3件幸运装备推荐器和1件装备拆卸器，金铲铲和金锅锅和2件基础装备锻造器，光明版幸运装备宝箱和15金币和1件装备拆卸器，3个秘法手套和1个拆卸器，6件不同的基础装备，带1件光明装备、神器装备、成装的魔像),2.99,0.23,4.39,51.78,13.54,0.0,0.0,28.6,,,4.39,1
16,3132,光明圣物,https://game.gtimg.cn/images/lol/act/jkzlk/gamedata/hex/radiantrelics3.png,2,3,从5件光明武器中选出1件。获得1个【装备拆卸器】。  光明武器是各个成装的超级加强版。,2.74,0.21,4.3,55.54,9.35,4.56,12.25,9.47,4.48,4.19,4.35,3
17,30027,爆炸式增长+,https://game.gtimg.cn/images/lol/act/jkzlk/gamedata/hex/explosivegrowth2.png,0,2,立刻以及接下来的3个回合开始时，获得10经验值。,2.67,0.21,4.35,50.93,18.33,0.0,0.0,25.56,,,4.35,1
18,1134,D个痛快！ I,https://game.gtimg.cn/images/lol/act/jkzlk/gamedata/hex/rollingfordays1.png,2,1,获得10次免费刷新。,2.63,0.21,4.6,47.85,10.66,0.0,17.83,7.37,,4.6,4.59,2
19,4009,最小巨人,https://game.gtimg.cn/images/lol/act/jkzlk/gamedata/hex/tiniesttitanlegend3.png,0,3,在每个玩家对战回合后获得2玩家生命值和2金币。你的小小英雄还会移动得更快。  即刻获得15金币。,2.46,0.19,4.14,56.43,16.31,0.0,22.72,0.0,,4.1,,1
20,3008,升级咯！,https://game.gtimg.cn/images/lol/act/jkzlk/gamedata/hex/levelup3.png,1,3,即刻获得8经验值。在你购买经验值的时候，免费获得额外的2经验值。,2.46,0.19,4.62,46.54,13.45,20.95,0.0,0.0,4.65,,,1
21,20041,双排,https://game.gtimg.cn/images/lol/act/jkzlk/gamedata/hex/douqueue2.png,1,2,获得2个随机的5费弈子和2件相同的随机基础装备。,2.35,0.18,4.45,49.25,16.01,0.0,0.0,22.5,,,4.45,1
22,20260,灵魂连接,https://game.gtimg.cn/images/lol/act/jkzlk/gamedata/hex/spiritlink2.png,2,2,己方弈子们每4秒治疗自身5%最大生命值。每损失10玩家生命值，这个治疗效果就会提升0.5%。,2.33,0.18,4.6,48.31,12.24,0.0,5.04,17.24,,4.38,4.67,2
23,2804,英勇福袋,https://game.gtimg.cn/images/lol/act/jkzlk/gamedata/hex/heroicgrabbag2.png,0,2,获得2个【次级英雄复制器】和5金币。  这个物品允许你能复制一个3费或以下的弈子。,2.25,0.18,4.5,51.25,10.54,18.97,0.0,0.0,4.51,,,1
24,20205,魔法投掷,https://game.gtimg.cn/images/lol/act/jkzlk/gamedata/hex/amagicalroll2.png,2,2,投掷3个骰子，根据总点数获得奖励。,2.24,0.17,4.41,51.5,12.82,0.0,20.14,0.0,,4.39,,1
25,20642,摇钱树,https://game.gtimg.cn/images/lol/act/jkzlk/gamedata/hex/moneymonsoon3.png,0,3,立刻并在剩余游戏时间内每回合获得7金币。,2.17,0.17,4.44,50.15,16.61,0.0,0.0,20.81,,,4.44,1
26,3065,棱彩门票,https://game.gtimg.cn/images/lol/act/jkzlk/gamedata/hex/goldenticket3.png,2,3,每当你的商店刷新时，你都有50%几率获得1次免费刷新。,2.16,0.17,4.7,46.27,8.55,6.75,13.0,0.0,4.77,4.64,,2
27,2012,浪人 II,https://game.gtimg.cn/images/lol/act/jkzlk/gamedata/hex/exiles2.png,0,2,在战斗环节开始时，己方邻格内没有友军的弈子会获得相当于其30%最大生命值的护盾值，持续10秒。,2.11,0.16,4.35,52.26,12.03,2.27,5.79,12.18,4.64,4.47,4.23,3
28,3804,英勇福袋+,https://game.gtimg.cn/images/lol/act/jkzlk/gamedata/hex/heroicgrabbag2.png,2,2,获得2个【次级英雄复制器】和8金币。  这个物品允许你能复制一个3费或以下的弈子。,2.11,0.16,4.47,49.63,9.78,0.0,19.16,0.0,,4.45,,1
29,3128,珠光莲花 II,https://game.gtimg.cn/images/lol/act/jkzlk/gamedata/hex/jeweledlotus3.png,0,3,你的单位们的技能可以造成暴击。你的单位获得25%暴击几率和10%暴击伤害。,2.02,0.16,4.39,51.12,11.6,0.0,9.18,10.2,,4.5,4.3,2
30,10631,小小福袋,https://game.gtimg.cn/images/lol/act/jkzlk/gamedata/hex/smallgrabbag1.png,0,1,提供2件随机基础装备,2.01,0.16,4.48,49.94,11.65,0.0,15.29,4.02,,4.52,4.34,2
31,10559,轻量魔法投掷,https://game.gtimg.cn/images/lol/act/jkzlk/gamedata/hex/slightlymagicroll1.png,2,1,投掷一个骰子。根据总点数获得奖励。,2.0,0.16,4.52,48.69,12.58,17.41,0.0,0.0,4.51,,,1
32,30645,成长型思维,https://game.gtimg.cn/images/lol/act/jkzlk/gamedata/hex/growthmindset3.png,0,3,获得50经验值。,2.0,0.16,4.32,52.28,16.52,0.0,0.0,19.16,,,4.32,1
33,2480,天生二星,https://game.gtimg.cn/images/lol/act/jkzlk/gamedata/hex/starsareborn2.png,0,2,你购买的第一个1费和2费弈子将立刻升到2星。获得7金币。,1.99,0.15,4.44,49.78,12.44,19.08,0.0,0.0,4.44,,,1
34,20633,蔓延之根,https://game.gtimg.cn/images/lol/act/jkzlk/gamedata/hex/spreadingroots2.png,0,2,获得2个随机纹章和1金币。,1.98,0.15,4.46,50.16,13.61,17.52,0.0,0.0,4.45,,,1
35,10570,升星之运,https://game.gtimg.cn/images/lol/act/jkzlk/gamedata/hex/onaroll1.png,2,1,每当你将1个在上一场战斗中登场的弈子升星时，获得2次免费商店刷新。获得2金币。,1.97,0.15,3.91,62.98,14.91,0.0,18.64,0.0,,3.9,,1
36,2896,新纪元,https://game.gtimg.cn/images/lol/act/jkzlk/gamedata/hex/epoch2.png,2,2,现在以及每个阶段开始时，获得4经验值和2次免费刷新。,1.96,0.15,4.49,49.88,11.72,17.12,0.0,0.0,4.47,,,1
37,10659,炽焰公理,https://game.gtimg.cn/images/lol/act/jkzlk/gamedata/hex/fireaxiom1.png,0,1,获得1个【火元素格】。该格内的弈子获得15%物理加成和法术加成。他们的伤害会对敌人造成持续6秒的1%灼烧和33%重伤效果。,1.96,0.15,3.96,61.04,14.98,6.2,10.12,2.43,3.96,3.94,4.0,3
38,20654,获得21金币,https://game.gtimg.cn/images/lol/act/jkzlk/gamedata/hex/windfall2.png,2,2,获得21金币。,1.96,0.15,4.66,45.77,13.0,0.0,17.93,0.0,,4.71,,1
39,20628,三幻神,https://game.gtimg.cn/images/lol/act/jkzlk/gamedata/hex/legionofthrees2.png,2,2,获得1个随机纹章。你的3费弈子和携带着【纹章】的已方弈子获得200生命值和12%攻击速度。  《光明与黑暗》赛季-2021,1.95,0.15,4.41,52.16,8.56,18.72,0.0,0.0,4.41,,,1
40,20014,安慰剂+,https://game.gtimg.cn/images/lol/act/jkzlk/gamedata/hex/placebo1.png,0,1,获得14金币。你的弈子们获得1%攻击速度。,1.94,0.15,4.69,45.23,11.89,0.0,18.31,0.0,,4.69,,1
41,30009,投资++,https://game.gtimg.cn/images/lol/act/jkzlk/gamedata/hex/invested3.png,0,3,获得40金币。在每场战斗之后，在50金币之上，每拥有10金币就会获得1次永久的刷新(最多80金币)。,1.93,0.15,4.47,47.86,17.41,0.0,0.0,18.54,,,4.47,1
42,2022,星界赐福 II,https://game.gtimg.cn/images/lol/act/jkzlk/gamedata/hex/celestialblessing2.png,0,2,你的队伍获得18%全能吸血。多余的治疗量会转化为护盾，最高可达到400护盾值。,1.86,0.14,4.37,53.27,11.7,0.0,5.14,12.64,,4.56,4.29,2
43,10195,巨型泰坦,https://game.gtimg.cn/images/lol/act/jkzlk/gamedata/hex/titanictitan1.png,0,1,使你的当前和最大玩家生命值都提升25。你会在选秀中更早被放出，但速度要慢得多。,1.84,0.14,4.51,47.58,17.19,3.97,13.1,0.0,4.94,4.39,,2
44,20675,一波带走俩,https://game.gtimg.cn/images/lol/act/jkzlk/gamedata/hex/speedydoublekill2.png,0,2,获得1个【鬼索的狂暴之刃】。当2名玩家淘汰后，获得40金币。  2021【命运之轮】全球总决赛,1.82,0.14,4.59,48.62,12.87,17.43,0.0,0.0,4.59,,,1
45,20584,高级贷款+,https://game.gtimg.cn/images/lol/act/jkzlk/gamedata/hex/advancedloanplus2.png,0,2,获得33金币。你的下一个强化符文阶位降低一级。,1.81,0.14,4.41,52.69,12.09,0.0,17.39,0.0,,4.41,,1
46,20258,恶意货币化,https://game.gtimg.cn/images/lol/act/jkzlk/gamedata/hex/mirroredmonetization2.png,0,2,获得10金币。接下来的2个回合，敌方弈子在阵亡时会掉落2金币。 累计获得金币：10,1.81,0.14,4.46,51.56,12.98,0.0,0.0,17.33,,,4.46,1
47,4069,大买特买,https://game.gtimg.cn/images/lol/act/jkzlk/gamedata/hex/trade3.png,0,3,在你升级时，获得相当于你等级数+1的免费商店刷新次数。获得2金币。,1.73,0.13,4.64,47.8,13.42,15.62,0.0,0.0,4.63,,,1
48,20009,投资+,https://game.gtimg.cn/images/lol/act/jkzlk/gamedata/hex/invested3.png,2,3,获得26金币。在每场战斗之后，在50金币之上，每拥有10金币就会获得1次永久的刷新(最多80金币)。,1.69,0.13,4.58,47.17,15.12,0.0,15.75,0.0,,4.6,,1
49,20231,王冠意志,https://game.gtimg.cn/images/lol/act/jkzlk/gamedata/hex/willofthecrown2.png,2,2,获得1个【无用大棒】和1个【锁子甲】。你的队伍获得8%法术加成和6护甲。,1.68,0.13,4.31,53.36,10.75,5.33,4.52,6.22,4.44,4.19,4.28,3
50,30656,贸易中心,https://game.gtimg.cn/images/lol/act/jkzlk/gamedata/hex/trade3.png,2,3,立刻获得16次免费商店刷新，并在剩余游戏时间内每回合获得2次免费商店刷新。,1.66,0.13,4.76,43.77,9.43,0.0,0.0,15.89,,,4.76,1
51,1002,存心失利,https://game.gtimg.cn/images/lol/act/jkzlk/gamedata/hex/calculatedloss2.png,0,2,在输掉你的战斗环节之后，获得2金币和一次免费的商店刷新。,1.62,0.12,4.09,58.6,14.78,15.5,0.0,0.0,4.09,,,1
52,30179,加冕礼,https://game.gtimg.cn/images/lol/act/jkzlk/gamedata/hex/coronation3.png,0,3,获得1个【金铲铲冠冕】。【金铲铲冠冕】、【金锅锅冠冕】和【金锅铲冠冕】将为携带者提供额外的20%攻击速度、25%物理加成和30%法术加成。,1.62,0.12,4.57,47.71,10.34,0.0,7.62,7.87,,4.45,4.69,2
53,20475,低调炫耀,https://game.gtimg.cn/images/lol/act/jkzlk/gamedata/hex/aurafarming2.png,2,2,获得1个携带着一件推荐装备的2星5费弈子。你需要等到阶段4-2才能将它登场。,1.61,0.12,5.09,39.89,9.29,13.66,0.0,0.0,5.09,,,1
54,20593,单身板甲,https://game.gtimg.cn/images/lol/act/jkzlk/gamedata/hex/soloplate2.png,0,2,获得1个【石像鬼石板甲】。战斗开始时：携带了【石像鬼石板甲】并且独自站一排的那些己方弈子获得20%最大生命值。,1.6,0.12,4.19,57.14,8.84,8.95,5.97,0.0,4.22,4.17,,2
55,1479,一二二三,https://game.gtimg.cn/images/lol/act/jkzlk/gamedata/hex/onetwothree1.png,0,1,获得2个1费弈子，2个2费弈子和1个3费弈子。,1.56,0.12,4.58,51.18,10.87,13.45,0.0,0.0,4.56,,,1
56,30680,奢侈品订购,https://game.gtimg.cn/images/lol/act/jkzlk/gamedata/hex/luxurysubscription3.png,0,3,获得1个包裹，包含1个5费弈子、1个2星1费弈子和5金币。  在接下来的2个阶段开始时，再次获得该包裹。,1.53,0.12,4.62,49.14,12.21,0.0,13.89,0.0,,4.61,,1
57,30205,意料之中的意外,https://game.gtimg.cn/images/lol/act/jkzlk/gamedata/hex/addictedtorolling3.png,0,3,现在以及下2个阶段开始时，投掷3个骰子。根据总点数获得各种奖励。,1.52,0.12,4.19,56.08,12.16,12.68,1.47,0.0,4.24,3.97,,2
58,30668,厨神阿福,https://game.gtimg.cn/images/lol/act/jkzlk/gamedata/hex/ultrarapidfire2.png,0,2,获得1个【金铲铲】。携带了【金铲铲】或【金锅锅】的弈子们获得15%攻击速度和2法力回复。,1.5,0.12,4.51,47.1,18.35,5.45,3.0,5.95,4.69,4.58,4.31,3
59,1625,别再错过,https://game.gtimg.cn/images/lol/act/jkzlk/gamedata/hex/missedconnections1.png,0,1,获得每个1费弈子各1个。,1.5,0.12,4.51,48.76,15.19,0.0,11.79,2.6,,4.54,4.42,2
60,10597,气旋公理,https://game.gtimg.cn/images/lol/act/jkzlk/gamedata/hex/airaxiom1.png,0,1,获得1个【风元素格】。该格内的弈子获得25%攻击速度，并且其伤害会对敌人造成30%护甲击碎，持续5秒。,1.46,0.11,4.31,52.97,11.45,4.6,7.79,1.6,4.29,4.26,4.63,3
61,20027,爆炸式增长,https://game.gtimg.cn/images/lol/act/jkzlk/gamedata/hex/explosivegrowth2.png,0,2,立刻以及接下来的3个回合开始时，获得7经验值。,1.46,0.11,4.61,47.47,15.62,0.0,13.22,0.0,,4.59,,1
62,30655,棱彩命运+,https://game.gtimg.cn/images/lol/act/jkzlk/gamedata/hex/silverdestinygoldendestinyprismaticdestiny3.png,0,3,获得1个随机的棱彩阶强化符文和7金币。,1.45,0.11,4.31,51.49,14.92,0.0,13.95,0.0,,4.31,,1
63,1116,复苏之风,https://game.gtimg.cn/images/lol/act/jkzlk/gamedata/hex/secondwind1.png,2,1,在战斗环节开始10秒后，你的弈子们回复其40%已损失生命值。,1.45,0.11,4.46,52.02,8.84,0.0,9.81,4.08,,4.55,4.23,2
64,20234,三项赛 I,https://game.gtimg.cn/images/lol/act/jkzlk/gamedata/hex/trifecta2.png,2,2,获得2个3费英雄。战斗开始时：3个随机3费英雄获得220生命值和20%攻击速度。,1.44,0.11,4.22,56.92,7.83,0.0,0.0,13.77,,,4.23,1
65,20213,前瞻思维,https://game.gtimg.cn/images/lol/act/jkzlk/gamedata/hex/forwardthinking2.png,2,2,失去你所有的金币。在5轮玩家对战回合后，收回原来的金币和另外的70金币。  即将收到的金币：0,1.41,0.11,4.42,51.92,20.8,0.0,12.7,0.0,,4.42,,1
66,10596,涌泉公理,https://game.gtimg.cn/images/lol/act/jkzlk/gamedata/hex/wateraxiom1.png,0,1,获得1个【水元素格】。在格内的弈子获得3法力回复。他们的伤害会对敌人造成持续5秒的30%魔抗击碎。,1.4,0.11,4.51,48.52,12.28,4.45,6.77,2.16,4.54,4.55,4.34,3
67,2917,物尽其用,https://game.gtimg.cn/images/lol/act/jkzlk/gamedata/hex/slammin2.png,0,2,获得1件随机的基础装备。每个玩家对战回合结束时，如果你的备战席没有任何装备(消耗品除外)，则获得2经验值。,1.39,0.11,4.43,49.29,13.26,13.33,0.0,0.0,4.42,,,1
68,20624,生日聚会,https://game.gtimg.cn/images/lol/act/jkzlk/gamedata/hex/birthdayreunion2.png,1,2,获得1个随机2星2费弈子。在你到达7级时，获得1个【秘法手套】。在你到达9级时，获得1个随机2星5费弈子。  2024【画中灵】全球总决赛,1.38,0.11,4.42,50.62,15.2,13.22,0.0,0.0,4.42,,,1
69,20235,由二生D,https://game.gtimg.cn/images/lol/act/jkzlk/gamedata/hex/twomuchvalue2.png,2,2,上一场玩家对战回合中每登场过2个独特的2费弈子，就获得1次商店刷新。获得1个2费弈子。,1.37,0.1,4.36,52.61,10.14,13.14,0.0,0.0,4.36,,,1
70,30595,优柔寡断 II,https://game.gtimg.cn/images/lol/act/jkzlk/gamedata/hex/indecisioni3.png,0,3,在3回合后，选择一个同阶位的新强化符文。立刻获得6金币。,1.36,0.1,4.79,45.36,10.86,0.0,13.04,0.0,,4.79,,1
71,1012,浪人 I,https://game.gtimg.cn/images/lol/act/jkzlk/gamedata/hex/exiles1.png,0,1,在战斗环节开始时，己方邻格内没有友军的弈子会获得相当于其20%最大生命值的护盾值，持续10秒。,1.34,0.1,4.18,56.31,15.04,2.45,7.81,2.6,4.14,4.15,4.34,3
72,20480,砍价高手,https://game.gtimg.cn/images/lol/act/jkzlk/gamedata/hex/hardbargain2.png,1,2,你无法选择你的选秀奖励。每次选秀回合获得额外的6玩家生命值和8金币。 当你没有选择一个选秀奖励时，你会被给予一个未被选择的弈子和其携带的装备。,1.32,0.1,4.44,51.48,13.65,12.6,0.0,0.0,4.43,,,1
73,3158,耐心学习,https://game.gtimg.cn/images/lol/act/jkzlk/gamedata/hex/learningfromexperience2.png,0,2,在与玩家的战斗后，如果你赢了则获得2经验，如果你输了则获得3经验。,1.29,0.1,4.67,45.45,13.8,11.04,0.0,0.0,4.69,,,1
74,20575,救赎盔甲,https://game.gtimg.cn/images/lol/act/jkzlk/gamedata/hex/spiritofredemption2.png,0,2,获得1个【振奋盔甲】。每5秒，【振奋盔甲】会治疗1格内的己方弈子7.5%已损失生命值。,1.29,0.1,4.32,55.05,8.75,6.54,5.43,0.0,4.28,4.33,,2
75,20517,寻宝,https://game.gtimg.cn/images/lol/act/jkzlk/gamedata/hex/treasurehunt2.png,2,2,在现在和第6阶段之间的每个阶段获得一个上锁的宝箱。当你在商店刷新上花费16金币时，即可解锁一个宝箱。这些宝箱会存留至被打开为止。,1.29,0.1,4.38,52.78,7.58,11.43,0.0,0.0,4.35,,,1
76,1476,成群结队 I,https://game.gtimg.cn/images/lol/act/jkzlk/gamedata/hex/teamingup1.png,0,1,获得1件随机基础装备和2个随机3阶英雄。,1.26,0.1,4.61,47.58,11.2,0.0,9.54,2.54,,4.54,4.86,2
77,20188,两把刷子,https://game.gtimg.cn/images/lol/act/jkzlk/gamedata/hex/twotrick2.png,0,2,获得1个随机的2星2费弈子和2个随机的2星1费弈子。,1.25,0.1,4.74,46.26,9.73,10.85,0.0,0.0,4.67,,,1
78,20569,火上浇油,https://game.gtimg.cn/images/lol/act/jkzlk/gamedata/hex/feedtheflames2.png,0,2,获得1个【日炎斗篷】。你的队伍在攻击受到灼烧效果的敌人时获得12%全能吸血。,1.22,0.09,4.46,51.15,8.88,6.02,5.14,0.0,4.56,4.36,,2
79,20459,王冠之重,https://game.gtimg.cn/images/lol/act/jkzlk/gamedata/hex/heavyisthecrown2.png,0,2,获得一个【德玛西亚王冠】，它会对携带者提供各种显著加成，如果携带者阵亡，就会输掉该回合。,1.22,0.09,4.24,57.11,7.65,6.89,4.35,0.0,4.19,4.31,,2
80,30045,金鳞精粹,https://game.gtimg.cn/images/lol/act/jkzlk/gamedata/hex/shimmerscaleessence3.png,1,3,获得1个【大亨之铠】。在5个战斗回合后，获得1个【投机者之刃】。这些装备会在提供战斗力的同时给予金币。,1.21,0.09,4.04,58.16,15.08,10.6,0.0,0.0,4.01,,,1
81,2634,治疗法球 II,https://game.gtimg.cn/images/lol/act/jkzlk/gamedata/hex/healingorbs2.png,2,2,在一名敌人阵亡时，相距最近的那个己方弈子获得500治疗效果。,1.21,0.09,4.36,51.43,8.81,0.0,3.91,7.66,,4.55,4.26,2
82,3007,潘朵拉的装备 III,https://game.gtimg.cn/images/lol/act/jkzlk/gamedata/hex/pandora3.png,2,3,回合开始时：你备战席上的装备会随机变化。  获得1件随机光明武器。,1.21,0.09,4.41,50.71,9.71,3.33,7.87,0.0,4.35,4.45,,2
83,10048,C位的觉悟,https://game.gtimg.cn/images/lol/act/jkzlk/gamedata/hex/findyourcenter1.png,2,1,在战斗开始时处在最前排中心的那个己方弈子获得15%伤害增幅和25%最大生命值。,1.2,0.09,4.05,60.94,9.4,0.0,8.06,3.45,,4.01,4.16,2
84,20481,大刷特刷,https://game.gtimg.cn/images/lol/act/jkzlk/gamedata/hex/heftyrolls2.png,2,2,你在这局游戏每次刷新时，你的队伍就会获得9生命值和体型。获得5金币。  刷新次数：0 生命值：0,1.19,0.09,4.05,58.72,15.27,10.33,0.0,0.0,4.02,,,1
85,3022,星界赐福 III,https://game.gtimg.cn/images/lol/act/jkzlk/gamedata/hex/celestialblessing3.png,2,3,你的队伍获得25%全能吸血。多余的治疗量会转化为护盾，最高可达到1000护盾值。,1.19,0.09,4.47,51.36,10.74,0.0,4.75,6.68,,4.6,4.38,2
86,2915,天降金币,https://game.gtimg.cn/images/lol/act/jkzlk/gamedata/hex/raininggold2.png,0,2,即刻获得7金币，并且每回合获得1金币。,1.19,0.09,4.37,53.19,13.52,9.43,1.33,0.0,4.43,3.96,,2
87,2007,潘朵拉的装备 II,https://game.gtimg.cn/images/lol/act/jkzlk/gamedata/hex/pandora2.png,0,2,回合开始时：你备战席上的装备会随机变化。  获得2件随机基础装备。,1.18,0.09,4.54,49.26,8.97,3.33,3.75,4.29,4.31,4.51,4.74,3
88,20232,长矛意志,https://game.gtimg.cn/images/lol/act/jkzlk/gamedata/hex/willofthespear2.png,2,2,你的队伍获得8%物理加成和5法力值。获得1个【暴风大剑】和1个【女神之泪】。,1.18,0.09,4.32,53.39,10.27,3.45,3.18,4.7,4.6,4.01,4.32,3
89,1006,装备百宝袋 I,https://game.gtimg.cn/images/lol/act/jkzlk/gamedata/hex/itemgrabbag1.png,0,1,获得1件随机成装。,1.17,0.09,4.57,48.88,10.22,3.35,6.08,1.77,4.44,4.7,4.35,3
90,3917,物尽其用+,https://game.gtimg.cn/images/lol/act/jkzlk/gamedata/hex/slammin2.png,0,2,即刻获得1件随机的基础装备和10经验值。每个玩家对战回合结束时，如果你的备战席没有任何装备(消耗品除外)，则获得2经验值。,1.13,0.09,4.39,50.86,15.1,0.0,10.41,0.0,,4.41,,1
91,20015,反响,https://game.gtimg.cn/images/lol/act/jkzlk/gamedata/hex/replication2.png,0,2,在3件基础装备中选择1件。在接下来的2回合，获得1件该基础装备。,1.13,0.09,4.42,51.25,9.05,5.08,5.08,0.0,4.33,4.5,,2
92,10011,耐心是一种美德,https://game.gtimg.cn/images/lol/act/jkzlk/gamedata/hex/patienceisavirtue1.png,0,1,每回合，如果你在上一回合未购买任何弈子，则会获得2次免费刷新。,1.12,0.08,4.14,56.31,15.92,10.2,0.0,0.0,4.1,,,1
93,30028,上进心,https://game.gtimg.cn/images/lol/act/jkzlk/gamedata/hex/upwardmobility3.png,2,3,购买经验的费用降低1。每当你升级时，获得2生命值和2次免费刷新。,1.11,0.08,4.21,55.96,17.41,10.62,0.0,0.0,4.21,,,1
94,20629,杖之工匠,https://game.gtimg.cn/images/lol/act/jkzlk/gamedata/hex/rodsmith2.png,0,2,获得2个由【无用大棒】合成的随机成装。,1.1,0.08,4.56,49.9,9.07,0.0,0.0,10.56,,,4.56,1
95,20478,黄金命运+,https://game.gtimg.cn/images/lol/act/jkzlk/gamedata/hex/silverdestinygoldendestinyprismaticdestiny2.png,2,2,获得1个随机黄金阶强化符文和6金币。,1.06,0.08,4.32,53.46,14.48,0.0,10.2,0.0,,4.32,,1
96,3896,新纪元+,https://game.gtimg.cn/images/lol/act/jkzlk/gamedata/hex/epoch2.png,0,2,现在以及每个阶段开始时，获得8经验值和2次免费刷新。,1.06,0.08,4.9,40.65,12.11,0.0,9.64,0.0,,4.87,,1
97,30186,1个霸符，2个霸符,https://game.gtimg.cn/images/lol/act/jkzlk/gamedata/hex/onebufftwobuff3.png,1,3,获得1个【红霸符】、1个【蓝霸符】和1个【英雄复制器】。,1.04,0.08,4.82,44.56,10.46,0.0,4.95,5.0,,4.92,4.72,2
98,20681,蔓延之根+,https://game.gtimg.cn/images/lol/act/jkzlk/gamedata/hex/spreadingroots2.png,1,2,获得2个随机纹章、一个【装备重铸器】和2金币。,1.03,0.08,4.37,52.31,18.06,0.0,9.22,0.0,,4.34,,1
99,1022,星界赐福 I,https://game.gtimg.cn/images/lol/act/jkzlk/gamedata/hex/celestialblessing1.png,0,1,你的队伍获得12%全能吸血。多余的治疗量会转化为护盾，最高可达到200护盾值。,1.03,0.08,4.53,47.15,12.63,0.0,7.12,2.77,,4.69,4.15,2
100,20630,剑之工匠,https://game.gtimg.cn/images/lol/act/jkzlk/gamedata/hex/swordsmith2.png,0,2,获得2个由【暴风大剑】合成的随机成装。,1.03,0.08,4.48,50.84,10.54,0.0,0.0,9.87,,,4.48,1
101,30627,神力天铸,https://game.gtimg.cn/images/lol/act/jkzlk/gamedata/hex/forgedinstrength3.png,2,3,获得1个随机神器。当你降至40生命值时，额外获得3个随机神器。  2023【强音争霸】全球总决赛,1.02,0.08,4.58,48.82,10.87,9.77,0.0,0.0,4.58,,,1
102,30682,羁绊树+,https://game.gtimg.cn/images/lol/act/jkzlk/gamedata/hex/thetraittree3.png,1,3,获得3个随机纹章、一个【装备重铸器】和4金币。,0.98,0.07,4.4,49.55,17.84,0.0,9.12,0.0,,4.4,,1
103,20477,黄金命运,https://game.gtimg.cn/images/lol/act/jkzlk/gamedata/hex/silverdestinygoldendestinyprismaticdestiny2.png,0,2,获得1个随机黄金阶强化符文和3金币。,0.98,0.07,4.39,52.0,12.66,9.37,0.0,0.0,4.39,,,1
104,20560,储蓄账户,https://game.gtimg.cn/images/lol/act/jkzlk/gamedata/hex/savingsaccount2.png,2,2,在你通过利息赚取50金币后，获得30金币。你的最大利息提升至7金币。立刻获得4金币。  已赚取的金币：0,0.96,0.07,5.0,39.9,12.92,9.12,0.0,0.0,4.98,,,1
105,20576,优柔寡断 I,https://game.gtimg.cn/images/lol/act/jkzlk/gamedata/hex/indecisioni2.png,0,2,在3回合后，选择一个同阶位的新强化符文。立刻获得4金币。,0.95,0.07,4.47,52.51,13.24,0.0,9.12,0.0,,4.47,,1
106,20661,后期收益,https://game.gtimg.cn/images/lol/act/jkzlk/gamedata/hex/lategamescaling2.png,0,2,每个玩家战斗回合开始时，获得2经验值。你的5费弈子们获得12%生命值和12%攻击速度  2025【赛博之城】全球总决赛,0.95,0.07,4.52,47.03,18.26,9.1,0.0,0.0,4.51,,,1
107,2008,打捞桶+,https://game.gtimg.cn/images/lol/act/jkzlk/gamedata/hex/salvage2.png,2,2,立刻获得1件随机成装，并在4个玩家对战回合之后提供1个基础装备。出售弈子会将其携带的成装拆分成基础装备(冠冕系装备和纹章除外)。,0.94,0.07,4.45,52.06,12.15,0.0,3.7,5.37,,4.24,4.6,2
108,1147,后期专家,https://game.gtimg.cn/images/lol/act/jkzlk/gamedata/hex/lategamespecialist1.png,0,1,在你到达9级时，提供36金币。,0.92,0.07,4.56,49.29,16.98,0.0,8.66,0.0,,4.57,,1
109,1007,潘朵拉的装备,https://game.gtimg.cn/images/lol/act/jkzlk/gamedata/hex/pandora1.png,1,1,回合开始时：你备战席上的装备会随机变化。  获得1件随机基础装备。,0.91,0.07,4.85,42.1,10.04,2.45,5.12,1.12,4.86,4.92,4.55,3
110,20233,权杖意志,https://game.gtimg.cn/images/lol/act/jkzlk/gamedata/hex/guardbreaker_sspirit2.png,0,2,获得1个【拳套】。己方弈子获得8%攻击速度和20%暴击几率。,0.9,0.07,4.42,51.56,11.8,1.43,2.41,4.79,5.08,4.18,4.35,3
111,30634,羁绊树,https://game.gtimg.cn/images/lol/act/jkzlk/gamedata/hex/thetraittree3.png,1,3,获得3个随机纹章和2金币，以及1个装备重铸器。,0.89,0.07,4.67,45.52,17.67,7.93,0.0,0.0,4.66,,,1
112,30487,饭厅,https://game.gtimg.cn/images/lol/act/jkzlk/gamedata/hex/foodfighttactics2.png,0,2,在战斗10秒后，你的弈子获得8%攻击速度并且攻击还会扔出2个美味飞弹，造成25(【物理加成】【法术加成】)的魔法伤害。,0.86,0.06,4.73,46.11,6.76,0.0,2.39,5.91,,4.75,4.72,2
113,1714,银汤匙,https://game.gtimg.cn/images/lol/act/jkzlk/gamedata/hex/silverspoon1.png,0,1,获得10经验值。,0.85,0.06,4.3,54.84,11.73,8.16,0.0,0.0,4.3,,,1
114,20503,更要命的战刃,https://game.gtimg.cn/images/lol/act/jkzlk/gamedata/hex/deadlierblades3.png,2,3,获得1个【锐利之刃】。【锐利之刃】的携带者每参与1次击杀，【锐利之刃】永久获得1%物理加成。,0.85,0.06,4.19,52.94,14.83,7.45,0.0,0.0,4.21,,,1
115,30488,九条命,https://game.gtimg.cn/images/lol/act/jkzlk/gamedata/hex/ninelives3.png,2,3,将你的当前和最大玩家生命值设置为9。输掉战斗时，你只会损失1生命值并获得战利品。你无法获得生命值。,0.84,0.06,3.5,71.64,11.85,8.06,0.0,0.0,3.49,,,1
116,30182,大剑溢流,https://game.gtimg.cn/images/lol/act/jkzlk/gamedata/hex/bladeoverflow3.png,2,3,获得4个【暴风大剑】。你的【暴风大剑】提供+5%攻击速度。,0.83,0.06,4.2,57.06,7.85,0.0,4.75,3.2,,4.05,4.42,2
117,10658,岩土公理,https://game.gtimg.cn/images/lol/act/jkzlk/gamedata/hex/earthaxiom1.png,2,1,获得1个【土元素格】。该格内的弈子获得40护甲和魔法抗性。在50%生命值时，他们将2格内的敌人晕眩2秒。,0.8,0.06,4.65,47.83,8.91,1.54,4.72,1.43,4.52,4.65,4.76,3
118,20636,举重比赛,https://game.gtimg.cn/images/lol/act/jkzlk/gamedata/hex/liftingcontest2.png,0,2,在每回合开始时，如果所有你独特的【斗士】弈子的生命值总和达到了一定数额，在下个回合开始时获得一个奖励并提高下一次的奖励阈值(至多4次)。获得【慎】和【赛恩】。  简单级举重：0/0一般级举重：0/0 困难级举重：0/0不可能级举重：0/0,0.79,0.06,4.66,50.0,6.59,7.12,0.0,0.0,4.63,,,1
119,2124,四费小组,https://game.gtimg.cn/images/lol/act/jkzlk/gamedata/hex/fourscore1.png,0,1,获得3名4费英雄,0.78,0.06,4.45,50.0,15.27,0.0,0.0,7.5,,,4.45,1
120,30621,四费小组,https://game.gtimg.cn/images/lol/act/jkzlk/gamedata/hex/fourscore1.png,0,1,获得4个随机4费弈子和4金币。,0.78,0.06,4.45,50.0,15.27,0.0,0.0,7.5,,,4.45,1
121,20494,白银命运+,https://game.gtimg.cn/images/lol/act/jkzlk/gamedata/hex/silverdestinygoldendestinyprismaticdestiny1.png,0,1,获得1个随机白银阶强化符文和4金币。,0.75,0.06,4.46,53.04,13.33,0.0,7.18,0.0,,4.46,,1
122,2764,碰撞测试假人,https://game.gtimg.cn/images/lol/act/jkzlk/gamedata/hex/crashtestdummies2.png,2,2,获得2个【训练假人】。战斗开始时：你的【目标假人】们会将自己发射向敌人最密集的位置并将其晕眩1.25秒。,0.74,0.05,4.46,52.03,11.33,0.0,1.77,5.39,,4.57,4.42,2
123,2189,纷乱头脑,https://game.gtimg.cn/images/lol/act/jkzlk/gamedata/hex/dizzy2.png,0,2,即刻获得4个随机的1费弈子。如果玩家对战回合结束时你的备战席已满，提供3经验。,0.74,0.05,4.56,48.24,14.32,7.1,0.0,0.0,4.55,,,1
124,20216,不侦察，不变阵,https://game.gtimg.cn/images/lol/act/jkzlk/gamedata/hex/noscoutnopivot2.png,2,2,参与玩家对战回合后，弈子无法再回到备战席或出售。在玩家对战回合后，你的队伍获得1%生命值、1.5%物理加成和法术加成。  当前：0%【生命上限】，0.0%【物理加成】【法术加成】,0.74,0.05,3.9,61.11,18.42,7.12,0.0,0.0,3.9,,,1
125,2640,了解你的敌人,https://game.gtimg.cn/images/lol/act/jkzlk/gamedata/hex/knowyourenemy2.png,0,2,你可以看到你下一回合将要和谁战斗。你的队伍获得8%伤害增幅。如果你和你的对手有任何相同的已激活羁绊，那么转而获得15%伤害增幅。,0.73,0.05,4.45,48.22,13.6,0.0,1.87,5.16,,4.36,4.48,2
126,2995,棘刺镀板铠甲,https://game.gtimg.cn/images/lol/act/jkzlk/gamedata/hex/thornplatedarmor2.png,0,2,获得1个【棘刺背心】。你的【棘刺背心】多造成20-170%伤害(基于阶段)。,0.73,0.05,4.33,51.03,10.38,3.93,2.81,0.0,4.13,4.49,,2
127,10632,双子守护神,https://game.gtimg.cn/images/lol/act/jkzlk/gamedata/hex/twinguardians1.png,2,1,如果你的第一排有且只有2个弈子，为他们提供100额外生命值、45护甲和45魔抗。,0.72,0.05,4.37,52.53,9.85,0.0,5.43,1.54,,4.36,4.41,2
128,30180,腰带溢流,https://game.gtimg.cn/images/lol/act/jkzlk/gamedata/hex/beltoverflow3.png,0,3,获得4个【巨人腰带】。你的【巨人腰带】提供+85额外生命值。,0.72,0.05,4.65,48.8,6.58,0.0,3.75,3.2,,4.4,4.96,2
129,1068,秘法帮派,https://game.gtimg.cn/images/lol/act/jkzlk/gamedata/hex/bandthieves1.png,0,1,获得1个秘法手套,0.72,0.05,4.34,51.8,12.95,1.29,4.14,1.47,3.88,4.42,4.52,3
130,30234,三项赛 II,https://game.gtimg.cn/images/lol/act/jkzlk/gamedata/hex/trifecta3.png,2,3,获得3个3费英雄。友军获得5%攻击速度。战斗开始时：3个随机3费英雄获得300生命值和25%攻击速度。,0.71,0.05,4.19,59.09,3.93,0.0,0.0,6.79,,,4.19,1
131,30491,棱彩命运,https://game.gtimg.cn/images/lol/act/jkzlk/gamedata/hex/silverdestinygoldendestinyprismaticdestiny3.png,0,3,获得1个随机的棱彩阶强化符文和3金币。,0.71,0.05,4.48,49.54,11.24,6.85,0.0,0.0,4.48,,,1
132,30666,世界符文,https://game.gtimg.cn/images/lol/act/jkzlk/gamedata/hex/theworldrunes3.png,0,3,获得来自随机地区羁绊的2个纹章。每场玩家对战获得2经验值，如果有4或更多个地区羁绊处于激活状态，则提升至6经验值。,0.71,0.05,4.75,42.85,16.71,6.6,0.0,0.0,4.75,,,1
133,3276,幸运手套+,https://game.gtimg.cn/images/lol/act/jkzlk/gamedata/hex/luckygloves3.png,0,3,【秘法手套】总会为你的弈子们提供推荐装备。即刻获得2个【拳套】，然后在4场玩家对战后获得另一个。,0.7,0.05,4.79,44.44,6.17,0.0,3.39,3.35,,4.79,4.8,2
134,20651,金霖龙,https://game.gtimg.cn/images/lol/act/jkzlk/gamedata/hex/thegoldendragon2.png,2,2,获得1个【大亨之铠】。携带【大亨之铠】的弈子占用2个弈子栏位，但获得700生命值和20%伤害减免。  【大亨之铠】提供金币，以及战斗力。 2022【巨龙之境】全球总决赛,0.7,0.05,4.16,57.89,10.83,0.0,6.47,0.0,,4.14,,1
135,30034,大而有力,https://game.gtimg.cn/images/lol/act/jkzlk/gamedata/hex/giantandmighty3.png,2,3,你的队伍体型变大，获得200生命值和10%最大生命值。,0.7,0.05,4.7,47.51,8.38,0.0,2.7,4.0,,4.95,4.54,2
136,20676,海牛阿福的锅铲战术,https://game.gtimg.cn/images/lol/act/jkzlk/gamedata/hex/urfsgambit2.png,0,2,如果你赢了你的下一个玩家对战回合，获得1个【金铲铲】。如果你输了，获得1个【金锅锅】。立刻获得1个【基础装备锻造器】和6金币。,0.68,0.05,4.18,55.37,18.98,0.0,6.14,0.0,,4.16,,1
137,30613,正义报复,https://game.gtimg.cn/images/lol/act/jkzlk/gamedata/hex/retribution3.png,0,3,获得2个【正义之手】。携带【正义之手】的己方弈子技能可以暴击。,0.67,0.05,4.75,43.91,11.21,0.0,3.54,2.95,,4.75,4.76,2
138,10598,森罗公理,https://game.gtimg.cn/images/lol/act/jkzlk/gamedata/hex/wodaxiom1.png,2,1,获得1个【木元素格】。在格内的弈子获得15%最大生命值。在对战回合结束后，他们获得55永久生命值。,0.67,0.05,4.08,56.59,12.86,5.85,0.0,0.0,4.07,,,1
139,20586,炽天使之拥,https://game.gtimg.cn/images/lol/act/jkzlk/gamedata/hex/seraphimsstaff2.png,0,2,获得1个【大天使之杖】。如果【大天使之杖】的携带者拥有90%或以上的法术加成，【大天使之杖】还会为其额外提供2法力回复。,0.67,0.05,4.5,50.96,8.06,3.72,2.41,0.0,4.67,4.19,,2
140,20208,征战之路,https://game.gtimg.cn/images/lol/act/jkzlk/gamedata/hex/warpath2.png,0,2,获得一个2星2费弈子。造成80玩家伤害后，获得一个装有高费弈子和装备的宝箱。 (当前：0),0.66,0.05,4.35,53.09,14.98,6.39,0.0,0.0,4.35,,,1
141,1148,潘朵拉的备战席,https://game.gtimg.cn/images/lol/act/jkzlk/gamedata/hex/pandora_sbench2.png,2,2,在每个回合开始时，处在备战席最右侧3个栏位的弈子变为随机的同费用弈子。获得6金币。,0.66,0.05,5.28,33.98,4.57,2.95,3.12,0.0,5.12,5.34,,2
142,20611,无差别攻击,https://game.gtimg.cn/images/lol/act/jkzlk/gamedata/hex/indiscriminateslayer2.png,0,2,获得1个【巨人杀手】。【巨人杀手】的伤害增幅现在对所有敌人生效，而不是仅对【坦克】。,0.66,0.05,4.57,48.69,8.49,0.0,2.39,3.97,,4.36,4.7,2
143,10591,大炮火力网,https://game.gtimg.cn/images/lol/act/jkzlk/gamedata/hex/artillerybarrage1.png,0,1,获得1个【兰博】。你最强大的那个【兰博】获得+7攻击距离，并持续向敌人发射导弹(基于攻击速度增加)。,0.63,0.05,3.75,63.44,20.68,5.87,0.0,0.0,3.73,,,1
144,10014,安慰剂,https://game.gtimg.cn/images/lol/act/jkzlk/gamedata/hex/placebo1.png,2,1,获得8金币。你的弈子们获得1%攻击速度。,0.61,0.04,4.92,42.04,9.54,5.27,0.0,0.0,4.96,,,1
145,20683,猛将的荣耀,https://game.gtimg.cn/images/lol/act/jkzlk/gamedata/hex/unforgotten2.png,2,2,每回合，你的队伍获得6%物理加成和法术加成。英雄们初始拥有1层此效果，并且至多可叠加至4层。,0.61,0.04,4.11,56.22,10.67,1.87,3.62,0.0,4.09,4.14,,2
146,20191,以眼还眼+,https://game.gtimg.cn/images/lol/act/jkzlk/gamedata/hex/eyeforaneye1.png,0,1,获得1件随机基础装备。每阵亡18名己方弈子，获得另一件基础装备(最多2件)。  剩余阵亡数：0 已掉落基础装备数量：0,0.6,0.04,4.62,48.91,9.05,0.0,5.68,0.0,,4.61,,1
147,30181,法杖溢流,https://game.gtimg.cn/images/lol/act/jkzlk/gamedata/hex/wandoverflow3.png,1,3,获得4个【无用大棒】。你的【无用大棒】提供+5%攻击速度。,0.59,0.04,4.71,47.63,6.54,0.0,3.5,2.22,,4.53,5.0,2
148,10494,白银命运,https://game.gtimg.cn/images/lol/act/jkzlk/gamedata/hex/silverdestinygoldendestinyprismaticdestiny1.png,0,1,获得1个随机白银阶强化符文和2金币。,0.59,0.04,4.35,51.29,14.02,5.64,0.0,0.0,4.35,,,1
149,1158,节外生枝,https://game.gtimg.cn/images/lol/act/jkzlk/gamedata/hex/branchingout1.png,0,1,提供1个随机【纹章】。,0.58,0.04,4.75,44.56,12.73,5.02,0.0,0.0,4.76,,,1
150,20626,8级D干的传说,https://game.gtimg.cn/images/lol/act/jkzlk/gamedata/hex/epicrolldown2.png,0,2,在你到达8级时，获得20次商店刷新。  2023【符文大陆传说】全球总决赛,0.57,0.04,4.91,39.62,15.84,0.0,5.02,0.0,,5.02,,1
151,20592,暮光试炼,https://game.gtimg.cn/images/lol/act/jkzlk/gamedata/hex/thedarkinglaive2.png,1,2,获得2个【赵信】。你最强大的那个【赵信】现在会持续攻击附近的敌人们并将其处决。在升至3星并进行5场对战回合后，解锁【亚恒】。他会替代【赵信】并继承其装备。,0.57,0.04,5.04,41.82,5.7,5.14,0.0,0.0,5.09,,,1
152,3270,活体锻炉,https://game.gtimg.cn/images/lol/act/jkzlk/gamedata/hex/livingforge3.png,2,3,立刻以及之后的每8个玩家对战回合后获得1个【神器锻造器】。  神器是可以提供独特效果的强力装备。,0.55,0.04,4.35,51.37,9.8,5.31,0.0,0.0,4.35,,,1
153,10242,终身黄铜 I,https://game.gtimg.cn/images/lol/act/jkzlk/gamedata/hex/bronzeforlifei2.png,0,2,每拥有一个黄铜级羁绊，己方弈子们就会获得2.5%伤害增幅。  伤害增幅加成：0%,0.53,0.04,4.82,42.27,5.69,0.0,1.52,3.6,,4.68,4.88,2
154,10016,重启任务,https://game.gtimg.cn/images/lol/act/jkzlk/gamedata/hex/restartmission1.png,0,1,移除你场上和备战席上的所有弈子。获得2个随机的2星3费弈子、3个2星2费弈子和1个2星1费弈子。,0.52,0.04,4.77,43.98,9.54,0.0,5.02,0.0,,4.77,,1
155,20489,应急护盾,https://game.gtimg.cn/images/lol/act/jkzlk/gamedata/hex/plotarmor2.png,0,2,你的队伍获得8护甲和魔法抗性。在生命值降至50%以下时，这个加成提升至40，持续到战斗结束。,0.52,0.04,4.61,45.6,12.13,0.0,1.43,3.54,,5.15,4.39,2
156,10495,人生切片,https://game.gtimg.cn/images/lol/act/jkzlk/gamedata/hex/sliceoflife1.png,1,1,每个阶段两次，获得一个随机弈子。它的费用会在每个阶段提升。这个效果会在收到1个5费弈子后结束。,0.51,0.04,4.02,59.66,18.06,4.95,0.0,0.0,4.02,,,1
157,20242,终身黄铜 II,https://game.gtimg.cn/images/lol/act/jkzlk/gamedata/hex/bronzeforlifei3.png,0,3,每拥有一个黄铜级的羁绊，己方弈子们就会获得2.5%伤害增幅和4.0护甲与魔抗。  伤害增幅加成：0.0% 护甲与魔抗：0,0.51,0.04,4.68,47.88,6.35,0.0,2.43,2.47,,4.72,4.64,2
158,1718,基础装备自助餐,https://game.gtimg.cn/images/lol/act/jkzlk/gamedata/hex/thecustomerisalwaysright1.png,0,1,每当你将要获得一个基础装备时，转而获得1个【基础装备锻造器】。获得1个随机的基础装备。  这个锻造器提供4个选项。,0.5,0.04,4.56,49.78,6.92,4.27,0.0,0.0,4.65,,,1
159,20253,玻璃大炮 II,https://game.gtimg.cn/images/lol/act/jkzlk/gamedata/hex/glasscannon2.png,2,2,在最后一排开始战斗的弈子，在战斗开始时的生命值为80%，但会获得30%的伤害增幅。,0.5,0.04,4.23,57.82,10.86,0.0,1.43,3.35,,4.24,4.22,2
160,1093,休眠锻炉,https://game.gtimg.cn/images/lol/act/jkzlk/gamedata/hex/longtimecrafting1.png,0,1,在8个玩家对战后，获得1个【神器锻造器】。  这个锻造器提供4个选项。神器是可以提供独特效果的强力装备。,0.49,0.03,4.51,49.77,11.45,4.72,0.0,0.0,4.51,,,1
161,1003,花到上头,https://game.gtimg.cn/images/lol/act/jkzlk/gamedata/hex/hyperroll2.png,0,2,你不再获得利息，但会在每个玩家对战回合开始时获得3金币。立刻获得3金币。  利息是你每储存10金币时获得的额外金币。,0.47,0.03,4.06,57.87,13.88,4.5,0.0,0.0,4.06,,,1
162,1713,对冲基金,https://game.gtimg.cn/images/lol/act/jkzlk/gamedata/hex/richgetricher3.png,0,3,你的最大利息提升至10。获得25金币。  利息是你每储存10金币时获得的额外金币。,0.47,0.03,4.61,47.68,14.35,3.83,0.58,0.0,4.62,4.35,,2
163,1650,一，二，五！,https://game.gtimg.cn/images/lol/act/jkzlk/gamedata/hex/onetwofive1.png,0,1,获得1个随机的基础装备、2金币、和1个随机的5费弈子。,0.46,0.03,4.62,47.41,12.2,0.0,0.0,4.43,,,4.62,1
164,1900,午餐钱,https://game.gtimg.cn/images/lol/act/jkzlk/gamedata/hex/bloodbank1.png,0,1,你每对敌方小小英雄们造成7伤害，就会获得2金币。 造成伤害总和：0,0.46,0.03,4.21,52.58,17.37,0.66,3.64,0.0,4.71,4.14,,2
165,30521,坚守防线,https://game.gtimg.cn/images/lol/act/jkzlk/gamedata/hex/holdtheline3.png,2,3,战斗开始时，你的前排每有一名己方弈子，后两排的己方弈子就会获得10%法术加成和9%物理加成。,0.45,0.03,4.45,52.6,12.32,0.0,1.39,3.0,,4.44,4.46,2
166,2294,生日礼物,https://game.gtimg.cn/images/lol/act/jkzlk/gamedata/hex/treasuretrove3.png,0,3,在你每次升级时提供1个2星弈子和1金币。这个弈子的费用位阶是你的等级减4(最大值：5费)。,0.44,0.03,4.73,44.17,9.7,4.27,0.0,0.0,4.72,,,1
167,1008,打捞桶,https://game.gtimg.cn/images/lol/act/jkzlk/gamedata/hex/salvage2.png,0,2,立刻获得1件随机成装，并在8个玩家对战回合之后提供1个基础装备。出售弈子会将其携带的成装拆分成基础装备(冠冕系装备和纹章除外)。,0.43,0.03,4.52,52.26,9.04,3.5,0.5,0.0,4.55,4.04,,2
168,2916,赏金战士,https://game.gtimg.cn/images/lol/act/jkzlk/gamedata/hex/prizefighter2.png,1,2,获得2件基础装备。每5场胜利，你获得1件基础装备。,0.43,0.03,4.38,51.25,10.55,3.83,0.0,0.0,4.38,,,1
169,20178,嗜火,https://game.gtimg.cn/images/lol/act/jkzlk/gamedata/hex/pyromaniac2.png,0,2,获得1个【红霸符】。你的灼烧额外造成50%伤害。,0.43,0.03,4.37,54.54,8.58,1.95,2.02,0.0,4.41,4.43,,2
170,10212,幸存者,https://game.gtimg.cn/images/lol/act/jkzlk/gamedata/hex/survivor1.png,0,1,获得4金币。在3名玩家被淘汰后，获得100额外金币。,0.42,0.03,4.56,44.38,22.95,3.41,0.54,0.0,4.54,4.34,,2
171,1701,黑铁资产,https://game.gtimg.cn/images/lol/act/jkzlk/gamedata/hex/ironassets1.png,0,1,获得1个【基础装备锻造器】和3金币。  这个锻造器提供4个选项。,0.42,0.03,4.6,45.64,10.76,3.6,0.0,0.0,4.69,,,1
172,20649,精准而优雅,https://game.gtimg.cn/images/lol/act/jkzlk/gamedata/hex/combatgrace2.png,0,2,在战斗环节开始时，友军们会获得25%攻击速度，持续3秒。在参与击杀后，友军们向他们的下一个目标冲刺，并再次获得此加成。,0.42,0.03,5.08,38.14,7.73,0.0,1.02,3.02,,4.91,5.14,2
173,10505,薅羊毛,https://game.gtimg.cn/images/lol/act/jkzlk/gamedata/hex/efficientshopper1.png,2,1,获得4金币。在接下来的4个选秀回合，获得所选弈子的另一个副本。,0.41,0.03,4.59,46.35,9.89,4.0,0.0,0.0,4.59,,,1
174,10574,集中火力,https://game.gtimg.cn/images/lol/act/jkzlk/gamedata/hex/marcsman1.png,2,1,你的队伍获得10%物理加成。每5秒，额外获得5%。,0.41,0.03,4.23,54.16,15.1,0.0,2.72,1.27,,4.12,4.45,2
175,20673,纺织魔法,https://game.gtimg.cn/images/lol/act/jkzlk/gamedata/hex/wovenmagicthevidalion2.png,2,2,获得1件随机基础装备。你的小队每消耗2200法力值，就会提供1个额外基础装备(装备获得进度0/3)。  已消耗的法力值：0/2200,0.41,0.03,4.55,48.95,9.37,3.37,0.0,0.0,4.44,,,1
176,20471,泪流成河,https://game.gtimg.cn/images/lol/act/jkzlk/gamedata/hex/crymeariver2.png,2,2,获得1个【女神之泪】。你的队伍获得1法力回复。对战开始12秒后，该数值提升至3。,0.41,0.03,4.47,51.85,6.87,2.06,1.7,0.0,4.35,4.69,,2
177,1153,大哥罩我,https://game.gtimg.cn/images/lol/act/jkzlk/gamedata/hex/bigfriend1.png,2,1,在战斗环节开始时，与一个超过1750生命值的己方弈子相邻的那些己方弈子获得10%伤害减免。获得1个【巨人腰带】。,0.4,0.03,4.38,53.51,11.35,0.0,2.77,1.08,,4.33,4.51,2
178,20225,金色炊具,https://game.gtimg.cn/images/lol/act/jkzlk/gamedata/hex/cookingpot2.png,0,2,在每回合开始时，所有持有【金锅锅】或【金铲铲】装备的己方弈子都会给最近的弈子提供60永久生命值。获得1个【金锅锅】。,0.39,0.03,4.26,55.0,13.33,3.14,0.47,0.0,4.38,3.3,,2
179,30187,锅铲厨房,https://game.gtimg.cn/images/lol/act/jkzlk/gamedata/hex/tacticianskitchen3.png,2,3,获得1个随机纹章。在3个回合后，获得1个【金锅铲冠冕】。,0.38,0.03,4.89,43.01,8.37,3.47,0.0,0.0,4.9,,,1
180,1789,有用之材 I,https://game.gtimg.cn/images/lol/act/jkzlk/gamedata/hex/goodforsomething1.png,0,1,未携带装备的弈子们在阵亡时有40%几率掉落1金币。,0.37,0.02,4.56,48.85,12.06,3.35,0.0,0.0,4.52,,,1
181,3627,交给运气,https://game.gtimg.cn/images/lol/act/jkzlk/gamedata/hex/rollthedice3.png,0,3,获得1个【光明秘法手套】。每回合装备2件随机的临时光明武器。  光明武器是各个成装的超级加强版。,0.37,0.02,4.71,48.55,11.56,0.0,1.56,2.04,,4.84,4.62,2
182,20616,利落保镖,https://game.gtimg.cn/images/lol/act/jkzlk/gamedata/hex/bodyguardstraining2.png,2,2,己方弈子们获得10护甲和魔法抗性，每次玩家升级会提升该加成3。  2022【双城之战】全球总决赛,0.37,0.02,4.58,47.95,15.2,3.56,0.0,0.0,4.58,,,1
183,1634,治疗法球 I,https://game.gtimg.cn/images/lol/act/jkzlk/gamedata/hex/healingorbs1.png,0,1,在一名敌人阵亡时，相距最近的那个己方弈子获得220治疗效果。,0.36,0.02,4.58,49.1,8.98,0.0,2.62,0.85,,4.49,4.85,2
184,20013,挖角,https://game.gtimg.cn/images/lol/act/jkzlk/gamedata/hex/pilfer2.png,2,2,每回合，获得你在上一场战斗中首先击杀的那个弈子的一个1星版本。当你通过这种方式获得的弈子总价值达到25金币时，获得1个【秘法手套】。  (已转化：0/25金币) 若该弈子你未解锁，则将其转化为金币,0.35,0.02,4.53,50.0,12.8,0.0,3.22,0.0,,4.45,,1
185,10583,战时补给：反曲之弓,https://game.gtimg.cn/images/lol/act/jkzlk/gamedata/hex/recurvewrecker1.png,0,1,获得1个【反曲之弓】。在你的队伍攻击1000次后，额外获得2个。  攻击次数：0,0.35,0.02,4.78,44.09,8.69,2.87,0.41,0.0,4.8,4.5,,2
186,20578,心之钢,https://game.gtimg.cn/images/lol/act/jkzlk/gamedata/hex/healthygains2.png,2,2,获得1个【坚定之心】。【坚定之心】的携带者每存活10秒，【坚定之心】就会额外获得12永久最大生命值。,0.35,0.02,4.69,43.47,6.83,3.16,0.0,0.0,4.71,,,1
187,10008,延迟开始,https://game.gtimg.cn/images/lol/act/jkzlk/gamedata/hex/headstart1.png,0,1,卖掉你场上和备战席上的所有弈子。获得4个随机的2星1费弈子。在接下来的3个回合中禁用你的商店。,0.33,0.02,4.51,49.34,12.5,3.16,0.0,0.0,4.51,,,1
188,10579,战时补给：巨人腰带,https://game.gtimg.cn/images/lol/act/jkzlk/gamedata/hex/extrabuckles1.png,0,1,获得1个【巨人腰带】。在你的队伍承受75000伤害后，额外获得2个。  已承受的伤害：0,0.3,0.02,4.61,47.18,11.26,2.5,0.31,0.0,4.65,4.4,,2
189,20588,信仰之跃,https://game.gtimg.cn/images/lol/act/jkzlk/gamedata/hex/leapoffaith1.png,0,1,获得1个【俄洛伊】。你最强大的那个【俄洛伊】成为一个战士。她的技能被替换为一个浮空猛击，可在她击杀她的目标后再次施放。,0.3,0.02,4.41,46.37,15.94,2.7,0.0,0.0,4.39,,,1
190,3899,小而致命,https://game.gtimg.cn/images/lol/act/jkzlk/gamedata/hex/tinybutdeadly3.png,0,3,你的队伍体型变小，获得30%攻击速度和移动速度。,0.29,0.02,4.96,42.33,8.75,0.0,1.04,1.81,,5.34,4.74,2
191,2993,高压电,https://game.gtimg.cn/images/lol/act/jkzlk/gamedata/hex/highvoltage2.png,0,2,获得1个【离子火花】。你的【离子火花】拥有+3格半径并且造成20%额外伤害。,0.29,0.02,4.63,44.02,7.46,1.1,1.43,0.0,5.0,4.4,,2
192,10580,战时补给：无用大棒,https://game.gtimg.cn/images/lol/act/jkzlk/gamedata/hex/hyperbolicrodextender1.png,0,1,获得1个【无用大棒】。在你的队伍造成38000魔法伤害后，额外获得2个。  已造成的伤害：0,0.29,0.02,4.43,52.98,5.97,2.5,0.0,0.0,4.4,,,1
193,20502,更要命的帽子,https://game.gtimg.cn/images/lol/act/jkzlk/gamedata/hex/deadliercaps3.png,1,3,获得1个【班克斯的魔法帽】。【班克斯的魔法帽】的携带者每参与1次击杀，【班克斯的魔法帽】永久获得1%法术加成。,0.28,0.02,4.69,43.18,6.81,2.45,0.0,0.0,4.68,,,1
194,3137,金蛋,https://game.gtimg.cn/images/lol/act/jkzlk/gamedata/hex/thegoldenegg3.png,2,3,获得1个大金蛋，需要11个回合来孵化，在孵化时提供大量战利品。赢下玩家对战回合后会使孵化倒计时加快1个额外的回合。,0.26,0.02,3.9,60.97,17.07,0.0,0.0,2.56,,,3.9,1
195,10214,精心打造,https://game.gtimg.cn/images/lol/act/jkzlk/gamedata/hex/craftedcrafting1.png,0,1,每当你合成一件成装时，获得2次刷新。,0.26,0.02,4.46,50.4,15.44,2.35,0.0,0.0,4.41,,,1
196,10194,餐桌剩菜,https://game.gtimg.cn/images/lol/act/jkzlk/gamedata/hex/tablescraps1.png,0,1,在接下来的2次选秀里，每次选秀结束后获得1个未被选走的弈子和其装备。获得1金币。,0.26,0.02,4.52,48.33,10.0,2.5,0.0,0.0,4.52,,,1
197,10582,战时补给：暴风大剑,https://game.gtimg.cn/images/lol/act/jkzlk/gamedata/hex/carveapath1.png,2,1,获得1个【暴风大剑】。在你的队伍造成65000物理伤害后，额外获得2个。  已造成的伤害：0,0.26,0.02,4.82,43.33,10.0,2.33,0.0,0.0,4.75,,,1
198,20643,绝境反击,https://game.gtimg.cn/images/lol/act/jkzlk/gamedata/hex/comebackstory3.png,2,3,每损失1玩家生命值，你的队伍获得5生命值和0.4%攻击速度。  生命值加成：0 攻击速度加成：0.0%,0.26,0.02,4.42,51.66,14.16,2.43,0.0,0.0,4.37,,,1
199,30571,挑个好伙计！,https://game.gtimg.cn/images/lol/act/jkzlk/gamedata/hex/constructacompanion2.png,1,2,你购买的下个1费弈子变为3星。获得2金币。,0.26,0.02,4.64,48.33,14.16,0.0,2.35,0.0,,4.61,,1
200,10253,玻璃大炮 I,https://game.gtimg.cn/images/lol/act/jkzlk/gamedata/hex/glasscannon1.png,2,1,在后排开始战斗的己方弈子，在战斗开始时的生命值为80%，但会获得17%的伤害增幅。,0.23,0.01,4.56,45.45,7.27,0.0,1.43,0.85,,4.55,4.58,2
201,2152,最佳好友II,https://game.gtimg.cn/images/lol/act/jkzlk/gamedata/hex/bestfriends2.png,0,2,在战斗环节开始时，你独立成对的弈子获得15%攻击速度和22护甲。,0.22,0.01,4.43,53.33,10.47,0.0,0.7,1.47,,4.94,4.19,2
202,20496,独自升级,https://game.gtimg.cn/images/lol/act/jkzlk/gamedata/hex/sololeveling2.png,0,2,在接下来的5个战斗回合，你的小队规模为1，但你登场的那个弈子拥有巨幅提升过的各属性。该弈子的每次击杀都会使你获得1经验。在此之后，获得2件基础装备。,0.21,0.01,5.14,34.0,2.0,2.08,0.0,0.0,5.14,,,1
203,2705,成吨的属性！,https://game.gtimg.cn/images/lol/act/jkzlk/gamedata/hex/tonsofstats2.png,2,2,你的弈子们获得44生命值、4%物理加成、4%法术加成、4护甲、4魔抗、4%攻击速度和4法力值。,0.21,0.01,4.63,50.0,9.18,0.0,0.64,1.39,,4.41,4.73,2
204,10509,无序进化,https://game.gtimg.cn/images/lol/act/jkzlk/gamedata/hex/chaosevolution1.png,2,1,给一个弈子升星时会为其提供以下加成之一：100生命值、6%伤害减免、10%法术加成、10%物理加成、10%攻击速度。这些加成可以叠加。,0.21,0.01,5.3,35.05,6.18,2.0,0.0,0.0,5.32,,,1
205,3481,入门套件,https://game.gtimg.cn/images/lol/act/jkzlk/gamedata/hex/starterkit3.png,0,3,获得1个随机4费弈子、1个与该弈子拥有一个相同羁绊的2星1费弈子和8金币。  在接下来的2个阶段开始时，再次获得该4费弈子。,0.2,0.01,4.7,44.79,14.58,1.85,0.0,0.0,4.65,,,1
206,3809,遥遥领先,https://game.gtimg.cn/images/lol/act/jkzlk/gamedata/hex/goinglong3.png,1,3,你不再获得利息。即刻获得8金币。在你的回合开始时，获得4经验。  利息是你每储存10金币时获得的额外金币。,0.2,0.01,5.5,30.43,3.26,1.62,0.25,0.0,5.38,5.83,,2
207,10573,拳击课程,https://game.gtimg.cn/images/lol/act/jkzlk/gamedata/hex/boxinglessons1.png,0,1,战斗开始时，前排每有1个己方弈子，你的队伍获得30生命值。,0.2,0.01,4.81,47.82,7.6,0.0,1.14,0.77,,4.36,5.48,2
208,20617,普雷西典保卫战,https://game.gtimg.cn/images/lol/act/jkzlk/gamedata/hex/defenseofionia2.png,2,2,你的队伍获得8%伤害减免，在【艾欧尼亚】羁绊激活时，该数值提升至12%。,0.2,0.01,4.78,46.73,4.34,0.0,0.64,1.27,,4.87,4.73,2
209,1478,游神的盟友,https://game.gtimg.cn/images/lol/act/jkzlk/gamedata/hex/caretakerschosenlegend1.png,0,1,即刻获得1个随机的2费弈子。在你每次升级时，再次获得一个相同弈子。,0.19,0.01,4.95,43.95,6.59,1.79,0.0,0.0,4.89,,,1
210,30679,秘法帮派 II++,https://game.gtimg.cn/images/lol/act/jkzlk/gamedata/hex/bandthieves3.png,0,3,获得2个【秘法手套】。在3场玩家对战回合后，获得另一个。,0.19,0.01,4.38,56.66,13.33,0.0,0.0,1.87,,,4.38,1
211,30678,秘法帮派 II+,https://game.gtimg.cn/images/lol/act/jkzlk/gamedata/hex/bandthieves3.png,0,3,获得2个【秘法手套】。在6场玩家对战回合后，获得另一个。,0.18,0.01,4.77,43.52,10.58,0.0,1.66,0.0,,4.75,,1
212,30622,登上最高峰,https://game.gtimg.cn/images/lol/act/jkzlk/gamedata/hex/winout3.png,0,3,当你到达9级时，立刻升至10级并获得2次商店刷新。立刻获得6经验值。,0.18,0.01,5.45,36.9,9.52,0.0,1.64,0.0,,5.44,,1
213,30650,行走于真实之道 II,https://game.gtimg.cn/images/lol/act/jkzlk/gamedata/hex/walkthetruepath3.png,2,3,获得2个【次级英雄复制器】、1个【亚索】和1个【暴风大剑】。达到10级并登场10个独特的【艾欧尼亚】即可解锁一个棱彩阶升级。,0.18,0.01,3.77,56.62,46.98,0.0,1.66,0.0,,3.73,,1
214,2099,二进制空投,https://game.gtimg.cn/images/lol/act/jkzlk/gamedata/hex/binaryairdrop3.png,0,3,战斗开始时：携带了2件装备的弈子会获得一件随机的第三件成装，获得2件随机的基础装备。,0.17,0.01,4.77,52.5,7.5,0.0,0.85,0.81,,4.41,5.15,2
215,10191,以眼还眼,https://game.gtimg.cn/images/lol/act/jkzlk/gamedata/hex/eyeforaneye1.png,0,1,每阵亡15名己方弈子，获得另一件基础装备(最多3件)。  剩余阵亡数：0 已掉落基础装备数量：0,0.17,0.01,5.08,40.0,5.0,1.47,0.0,0.0,5.07,,,1
216,1011,清晰头脑,https://game.gtimg.cn/images/lol/act/jkzlk/gamedata/hex/clearmind2.png,2,2,如果在一个玩家对战回合结束时你的备战席没有任何英雄，则获得3经验。,0.17,0.01,4.87,44.3,6.32,1.64,0.0,0.0,4.87,,,1
217,10561,战时补给：拳套,https://game.gtimg.cn/images/lol/act/jkzlk/gamedata/hex/criticalsuccess1.png,0,1,获得1个【拳套】。在你的队伍攻击暴击320次后，额外获得2个。  暴击次数：0,0.17,0.01,3.87,59.49,18.98,1.43,0.0,0.0,3.81,,,1
218,2154,伺机待发II,https://game.gtimg.cn/images/lol/act/jkzlk/gamedata/hex/preparation2.png,2,2,你备战席上的英雄们每回合永久获得50生命值、5%物理加成和5%法术加成。英雄们初始拥有1层此效果，并且至多可叠加至4层。,0.16,0.01,4.02,59.74,14.28,1.2,0.31,0.0,4.17,3.26,,2
219,20618,达克威尔入侵,https://game.gtimg.cn/images/lol/act/jkzlk/gamedata/hex/noxianinvasion2.png,0,2,你的队伍获得10%伤害增幅，在【诺克萨斯】羁绊激活时，该数值提升至15%。,0.16,0.01,4.51,44.59,17.56,0.0,0.29,1.25,,4.21,4.58,2
220,10581,战时补给：女神之泪,https://game.gtimg.cn/images/lol/act/jkzlk/gamedata/hex/griefofthegreatgoddess1.png,2,1,获得1个【女神之泪】。在你的队伍消耗6500法力值后，额外获得2个。  已消耗的法力值：0,0.15,0.01,4.2,57.53,10.95,1.37,0.0,0.0,4.12,,,1
221,2127,变形重组器,https://game.gtimg.cn/images/lol/act/jkzlk/gamedata/hex/recombobulator1.png,0,1,你棋盘上的弈子们会永久变形为一个比自身高1费的随机弈子（最大5费）。获得2个【装备拆卸器】。,0.15,0.01,4.78,45.07,12.67,0.0,1.47,0.0,,4.78,,1
222,3486,珍藏财宝,https://game.gtimg.cn/images/lol/act/jkzlk/gamedata/hex/buriedtreasureslegend3.png,0,3,立刻以及接下来的5个回合开始时，获得1个随机基础装备。,0.14,0.01,4.2,58.2,4.47,1.1,0.2,0.0,4.28,4.2,,2
223,30006,灵活摇摆,https://game.gtimg.cn/images/lol/act/jkzlk/gamedata/hex/flexible3.png,0,3,获得1个随机纹章。在每个阶段开始时，获得1个随机纹章。你的队伍每携带一个纹章，就会获得40生命值。,0.14,0.01,4.49,49.23,13.84,1.1,0.14,0.0,4.54,5.85,,2
224,20612,三相庇护,https://game.gtimg.cn/images/lol/act/jkzlk/gamedata/hex/infinityprotection2.png,0,2,立刻获得4金币。在阶段3-7，获得1个【三相之力】。【三相之力】为同一排的己方弈子们提供一个15%生命值护盾。  2023【怪兽来袭】全球总决赛,0.13,0.01,4.67,46.87,12.5,1.1,0.16,0.0,4.43,6.5,,2
225,20657,德玛西亚万岁,https://game.gtimg.cn/images/lol/act/jkzlk/gamedata/hex/demaciaforever2.png,0,2,【德玛西亚】弈子们在他们每次【重振旗鼓】时，会永久获得3生命值。每3次【重振旗鼓】，他们还会永久获得1.5%物理加成和法术加成。获得1个【嘉文四世】、1个【娑娜】和1个【赵信】。,0.13,0.01,5.53,33.33,4.76,1.29,0.0,0.0,5.56,,,1
226,1019,并肩作战 I,https://game.gtimg.cn/images/lol/act/jkzlk/gamedata/hex/standunited1.png,0,1,在你的队伍之中，每有一个已激活的非唯一羁绊，你的弈子就会获得1.5%物理加成和1.5%法术加成。  当前加成：0%【物理加成】0%【法术加成】,0.13,0.01,4.59,50.0,9.67,0.0,0.66,0.62,,4.28,4.93,2
227,2133,好事成双 II,https://game.gtimg.cn/images/lol/act/jkzlk/gamedata/hex/doubletrouble2.png,1,2,如果你恰好登场了相同英雄的2个弈子，那么他们都会获得30%物理加成和30%法术加成、护甲和魔抗。当你将弈子升到3星时，获得该英雄的1个2星弈子。,0.13,0.01,4.77,48.38,0.0,1.29,0.0,0.0,4.77,,,1
228,30652,班德尔奖金 II,https://game.gtimg.cn/images/lol/act/jkzlk/gamedata/hex/bandlebounty3.png,1,3,每有1个你已经解锁的【约德尔人】弈子，以及之后每解锁1个【约德尔人】弈子，获得2金币。通往班德尔城的小径，会揭示隐藏的【(10)约德尔人】羁绊！获得1个【崔丝塔娜】和【提莫】。,0.13,0.01,3.4,63.33,48.33,0.0,1.2,0.0,,3.41,,1
229,30021,值得等待 II,https://game.gtimg.cn/images/lol/act/jkzlk/gamedata/hex/worththewait3.png,2,3,获得一个随机2费弈子的2个1星版本。每回合开始时都会获得该弈子的一个1星版本，持续至本局游戏结束。（弈子：？？？）,0.12,0.0,5.0,40.35,12.28,1.04,0.0,0.0,4.98,,,1
230,20568,鲜血祭品,https://game.gtimg.cn/images/lol/act/jkzlk/gamedata/hex/trailofblood2.png,0,2,获得1个【汲取剑】。战斗开始时：携带【汲取剑】的己方弈子失去20%生命值，但是获得一个30%生命值的护盾和10%物理加成。,0.1,0.0,4.72,48.0,6.0,0.47,0.45,0.1,4.39,4.95,5.2,3
231,20021,值得等待,https://game.gtimg.cn/images/lol/act/jkzlk/gamedata/hex/worththewait2.png,0,2,获得1个随机的1费弈子。每回合开始时都会获得该弈子的又一个1星版本，持续至本局游戏结束。（弈子：？？？）,0.1,0.0,5.22,32.65,8.16,0.95,0.0,0.0,5.23,,,1
232,2023,应急护甲 II,https://game.gtimg.cn/images/lol/act/jkzlk/gamedata/hex/makeshift2.png,1,2,己方没有携带任何装备的弈子们，都会获得50护甲和魔抗。,0.1,0.0,5.18,39.58,8.33,0.37,0.52,0.1,5.16,5.24,5.0,3
233,2131,战争财宝 II,https://game.gtimg.cn/images/lol/act/jkzlk/gamedata/hex/spoilsofwarlegend2.png,1,2,敌人在被击杀时有30%几率掉落战利品。,0.1,0.0,4.72,39.58,10.41,0.75,0.2,0.0,4.72,4.9,,2
234,30638,巨龙卫士,https://game.gtimg.cn/images/lol/act/jkzlk/gamedata/hex/uncompromisingwill3.png,0,3,获得1个【希瓦娜】和1个2星【嘉文四世】。当【嘉文四世】施放技能时，【希瓦娜】获得护盾。当【希瓦娜】施放技能时，【嘉文四世】会跳向敌人，基于他的护甲和魔抗造成伤害。在每场玩家对战回合结束后，获得1个【嘉文四世】。,0.1,0.0,4.89,41.66,4.16,0.0,0.0,1.0,,,4.89,1
235,2276,幸运手套,https://game.gtimg.cn/images/lol/act/jkzlk/gamedata/hex/luckygloves3.png,0,3,【秘法手套】总会为你的弈子们提供推荐装备。获得2个【拳套】。,0.1,0.0,5.23,38.29,4.25,0.68,0.16,0.12,5.03,6.25,5.0,3
236,10252,腐蚀,https://game.gtimg.cn/images/lol/act/jkzlk/gamedata/hex/corrosion1.png,0,1,前两排的敌方弈子们每2秒损失4护甲和魔抗。,0.1,0.0,4.55,46.8,12.76,0.0,0.72,0.25,,4.48,4.75,2
237,20672,破败之王,https://game.gtimg.cn/images/lol/act/jkzlk/gamedata/hex/ruinedking2.png,1,2,获得1个2星【佛耶戈】。你最强大的那个【佛耶戈】将其30%被动效果分享给其他的【暗影岛】友军。在收集100个灵魂后，他的技能会升级。,0.1,0.0,5.4,27.65,4.25,0.91,0.0,0.0,5.4,,,1
238,1023,应急护甲,https://game.gtimg.cn/images/lol/act/jkzlk/gamedata/hex/makeshift1.png,0,1,己方没有携带任何装备的弈子们，都会获得30护甲和魔抗。,0.09,0.0,4.93,50.0,4.54,0.14,0.77,0.0,6.28,4.67,,2
239,1152,最佳好友I,https://game.gtimg.cn/images/lol/act/jkzlk/gamedata/hex/bestfriends1.png,0,1,在战斗环节开始时，你独立成对的弈子获得10%攻击速度和13护甲。,0.09,0.0,4.6,58.13,4.65,0.0,0.72,0.16,,4.45,5.25,2
240,10264,列队,https://game.gtimg.cn/images/lol/act/jkzlk/gamedata/hex/lineup1.png,0,1,战斗开始时，前两排每有一个己方弈子，你的队伍获得2护甲和魔法抗性。,0.08,0.0,4.6,56.09,7.31,0.0,0.5,0.35,,4.0,5.47,2
241,30647,散件丰收日,https://game.gtimg.cn/images/lol/act/jkzlk/gamedata/hex/museumheist3.png,0,3,在4场玩家对战回合后，获得所有的基础装备各一件。 即刻获得一件随机的基础装备。  剩余战斗数：0/4,0.08,0.0,5.07,34.14,2.43,0.0,0.0,0.85,,,5.07,1
242,3269,诅咒冠冕,https://game.gtimg.cn/images/lol/act/jkzlk/gamedata/hex/cursedcrown3.png,0,3,提供+2最大队伍规模，并且你的队伍获得4%伤害减免，但你在输掉一场玩家对战回合后会承受2倍的玩家伤害。,0.07,0.0,4.8,38.88,13.88,0.14,0.52,0.08,4.42,4.8,5.5,3
243,1131,战争财宝 I,https://game.gtimg.cn/images/lol/act/jkzlk/gamedata/hex/spoilsofwarlegend1.png,0,1,敌人在被击杀时有25%几率掉落战利品。,0.07,0.0,4.11,62.85,17.14,0.62,0.1,0.0,3.9,5.4,,2
244,2781,小伙伴,https://game.gtimg.cn/images/lol/act/jkzlk/gamedata/hex/tinybutmighty2.png,0,2,你的每个已登场的1费和2费弈子都会为你的4费和5费弈子们提供55生命值和6%攻击速度。,0.07,0.0,5.65,25.71,2.85,0.0,0.16,0.56,,6.5,5.4,2
245,10236,假人化,https://game.gtimg.cn/images/lol/act/jkzlk/gamedata/hex/dummify1.png,2,1,失去你场上和备战席上的所有弈子。获得1个【训练假人】，其生命值为失去所有弈子总生命值的80%。假人每阶段获得1500生命值。获得1个非坦克的2星2费弈子。,0.07,0.0,5.64,32.35,0.0,0.0,0.68,0.0,,5.6,,1
246,20664,破灭使者,https://game.gtimg.cn/images/lol/act/jkzlk/gamedata/hex/bringerofruin2.png,2,2,【厄塔汗】每参与1次击杀，就会为他永久提供1%法术加成和40最大生命值。获得1个【贝蕾亚】和1个【赛恩】。 (当前击杀数：0),0.06,0.0,5.21,34.37,6.25,0.66,0.0,0.0,5.21,,,1
247,30646,与狼共舞,https://game.gtimg.cn/images/lol/act/jkzlk/gamedata/hex/chosenwolves3.png,1,3,获得1个【安蓓萨】和1个【千珏】。当【千珏】施放技能时，【安蓓萨】总会获得他们的庇护，获得护盾，并且在被庇护时物理加成。当【安蓓萨】施放技能时，狼灵会撕咬所有被命中的敌人，造成削减过的伤害。,0.06,0.0,5.46,34.37,3.12,0.0,0.0,0.66,,,5.46,1
248,20236,魔像化,https://game.gtimg.cn/images/lol/act/jkzlk/gamedata/hex/golemify2.png,2,2,失去你场上和备战席上的所有弈子。获得1个魔像，魔像拥有失去弈子总生命值的60%和总物理加成的50%。魔像每阶段获得1200生命值。获得1个非坦克的2星2费弈子。,0.06,0.0,5.46,28.57,10.71,0.0,0.5,0.08,,5.5,5.25,2
249,3131,战争财宝 III,https://game.gtimg.cn/images/lol/act/jkzlk/gamedata/hex/spoilsofwarlegend3.png,2,3,敌人在被击杀时有40%几率掉落令人惊异的战利品。,0.05,0.0,5.88,15.38,0.0,0.43,0.1,0.0,5.95,5.6,,2
250,20625,宝宝学院,https://game.gtimg.cn/images/lol/act/jkzlk/gamedata/hex/earlylearning2.png,2,2,你的队伍获得8%物理加成和法术加成。每场玩家对战回合结束后，该加成提升1%。1费弈子们获得双倍该加成。 物理加成和法术加成：8% 2023云顶之弈拉斯维加斯公开赛,0.05,0.0,3.88,61.53,15.38,0.47,0.06,0.0,3.91,3.66,,2
251,1647,冒险举动,https://game.gtimg.cn/images/lol/act/jkzlk/gamedata/hex/riskymoves1.png,0,1,你的小小英雄损失20生命值，但在7个与玩家的战斗回合后，获得30金币。,0.05,0.0,4.5,58.33,4.16,0.5,0.0,0.0,4.5,,,1
252,1154,伺机待发I,https://game.gtimg.cn/images/lol/act/jkzlk/gamedata/hex/preparation1.png,2,1,你备战席上的英雄们每回合永久获得30生命值、3%物理加成和3%法术加成。英雄们初始拥有1层此效果，并且至多可叠加至4层。,0.04,0.0,4.38,47.61,9.52,0.31,0.06,0.06,4.93,3.33,2.66,3
253,20669,沙海奥秘,https://game.gtimg.cn/images/lol/act/jkzlk/gamedata/hex/secretsofthesands3.png,0,3,立刻获得10金币。在回合3-5获得1个【阿兹尔】。每当你解锁1个【恕瑞玛】弈子时，会为他们提供1个理想的装备。,0.04,0.0,5.35,45.0,5.0,0.41,0.0,0.0,5.35,,,1
254,30007,硬性承诺,https://game.gtimg.cn/images/lol/act/jkzlk/gamedata/hex/hardcommit3.png,0,3,获得1个随机纹章。现在以及每个阶段开始时，获得该羁绊的一个1星弈子，且该弈子的费用相当于当前阶段数(最多为5)，并获得4金币。（获得的纹章：？？？）,0.04,0.0,4.57,63.15,5.26,0.31,0.08,0.0,4.4,5.25,,2
255,10004,进攻宣告,https://game.gtimg.cn/images/lol/act/jkzlk/gamedata/hex/calledshot1.png,0,1,将你的连胜数设为4。获得4金币。,0.03,0.0,3.42,64.28,21.42,0.25,0.04,0.0,3.5,3.0,,2
256,20677,进化，然后征服,https://game.gtimg.cn/images/lol/act/jkzlk/gamedata/hex/evolveandovercome2.png,1,2,【突变】后的己方【虚空】弈子每参与击杀6个弈子，获得2经验值。获得1个【科加斯】和1个2星【克格莫】。(参与击杀数：0/6；已获得的经验：0)  【虚空】提供独特的【突变】。,0.03,0.0,4.21,42.85,14.28,0.27,0.0,0.0,4.23,,,1
257,3068,秘法帮派 II,https://game.gtimg.cn/images/lol/act/jkzlk/gamedata/hex/bandthieves3.png,1,3,获得2个【秘法手套】，在8个玩家对战回合后，获得额外1个。,0.02,0.0,4.75,50.0,0.0,0.14,0.08,0.0,5.0,4.0,,2
258,20648,狂野生长,https://game.gtimg.cn/images/lol/act/jkzlk/gamedata/hex/wildgrowth2.png,1,2,3星【约德尔人】弈子体型变大，移动得更慢但获得15%生命值，35%物理加成和法术加成。获得1个【兰博】和【璐璐】。,0.02,0.0,4.08,58.33,25.0,0.0,0.25,0.0,,4.08,,1
259,1894,运力不足,https://game.gtimg.cn/images/lol/act/jkzlk/gamedata/hex/overencumbered1.png,0,1,在这个阶段接下来的回合里，你只有2个备战席栏位。随后，获得2件基础装备。,0.0,0.0,0.0,0.0,0.0,0.0,0.0,0.0,,,,0
260,2478,游神的眷顾,https://game.gtimg.cn/images/lol/act/jkzlk/gamedata/hex/caretakerschosenlegend2.png,0,2,在你达到5级、6级、7级和8级时获得1个【基础装备锻造器】。  这个锻造器提供4个选项。,0.0,0.0,0.0,0.0,0.0,0.0,0.0,0.0,,,,0
261,3246,恶魔契约,https://game.gtimg.cn/images/lol/act/jkzlk/gamedata/hex/sacrificialpact3.png,0,3,购买经验值消耗5玩家生命值而非4金币。在每个玩家对战回合之前治疗3玩家生命值。立即获得6金币。,0.0,0.0,0.0,0.0,0.0,0.0,0.0,0.0,,,,0
262,20031,发条增速器,https://game.gtimg.cn/images/lol/act/jkzlk/gamedata/hex/clockworkaccelerator2.png,0,2,你的弈子们在战斗中每过3秒就会获得10%攻击速度。,0.0,0.0,0.0,0.0,0.0,0.0,0.0,0.0,,,,0
263,20201,火爆甩卖,https://game.gtimg.cn/images/lol/act/jkzlk/gamedata/hex/firesale1.png,0,1,每回合从商店偷取一个随机的3费或更低费的弈子。获得1金币。,0.0,0.0,0.0,0.0,0.0,0.0,0.0,0.0,,,,0
264,20244,一对4,https://game.gtimg.cn/images/lol/act/jkzlk/gamedata/hex/pairoffours2.png,0,2,如果己方正好有2个4费弈子，那么这些弈子将各获得504生命值和28.3%攻击速度。获得1个随机4费弈子。,0.0,0.0,0.0,0.0,0.0,0.0,0.0,0.0,,,,0
265,20563,秘传奥义,https://game.gtimg.cn/images/lol/act/jkzlk/gamedata/hex/furiousblows2.png,0,2,每第5次攻击会造成相当于200%攻击力的额外真实伤害。,0.0,0.0,0.0,0.0,0.0,0.0,0.0,0.0,,,,0
266,20577,承诺之护,https://game.gtimg.cn/images/lol/act/jkzlk/gamedata/hex/promisedprotection2.png,0,2,获得1个【圣盾使的誓约】。【圣盾使的誓约】为其携带者提供自所有来源的20%额外法力值。,0.0,0.0,0.0,0.0,0.0,0.0,0.0,0.0,,,,0
267,20639,绝命毒师,https://game.gtimg.cn/images/lol/act/jkzlk/gamedata/hex/poisonpals2.png,0,2,获得1个【辛吉德】和1个2星【提莫】。每4秒，【提莫】向【辛吉德】的目标发射一个有毒的吹箭。被受到【提莫】中毒效果影响的敌人阵亡时，【辛吉德】获得法术加成，持续到对战回合结束。,0.0,0.0,0.0,0.0,0.0,0.0,0.0,0.0,,,,0
268,20650,行走于真实之道 I,https://game.gtimg.cn/images/lol/act/jkzlk/gamedata/hex/walkthetruepath2.png,1,2,获得1个【次级英雄复制器】、1个【慎】、1个【烬】和6金币。【(10)艾欧尼亚】层级会获得棱彩级的进化。,0.0,0.0,0.0,0.0,0.0,0.0,0.0,0.0,,,,0
269,20652,班德尔奖金 I,https://game.gtimg.cn/images/lol/act/jkzlk/gamedata/hex/bandlebounty2.png,1,2,每有1个你已经解锁的【约德尔人】弈子，以及之后每解锁1个【约德尔人】弈子，获得2金币。通往班德尔城的小径，会揭示隐藏的【(10)约德尔人】羁绊！获得1个【兰博】和【璐璐】。,0.0,0.0,0.0,0.0,0.0,0.0,0.0,0.0,,,,0
270,20670,海克斯飞门之旅,https://game.gtimg.cn/images/lol/act/jkzlk/gamedata/hex/hexgatetravel2.png,2,2,每场对战回合当【皮尔特沃夫】的发明首次激活启动时，获得随机个数的【皮尔特沃夫】弈子(价值1到3金币)。获得1个【凯特琳】和1个【蔚】。,0.0,0.0,0.0,0.0,0.0,0.0,0.0,0.0,,,,0
271,20671,混沌魔法,https://game.gtimg.cn/images/lol/act/jkzlk/gamedata/hex/chaosmagic2.png,0,2,【法师】获得1法力回复。他们每消耗150法力值，就会产生一股魔法能量打击棋盘。获得1个【璐璐】和1个【克格莫】。,0.0,0.0,0.0,0.0,0.0,0.0,0.0,0.0,,,,0
272,20674,水乳交融,https://game.gtimg.cn/images/lol/act/jkzlk/gamedata/hex/westicktogeter3.png,2,3,获得1个随机纹章和1个【成装锻造器】。与该纹章有同一羁绊的己方弈子们获得25%攻击速度。  2025【双城之战2】全球总决赛,0.0,0.0,0.0,0.0,0.0,0.0,0.0,0.0,,,,0
273,30623,点击即送,https://game.gtimg.cn/images/lol/act/jkzlk/gamedata/hex/justhit3.png,0,3,获得1个【英雄复制器】、18次商店刷新和10金币。,0.0,0.0,0.0,0.0,0.0,0.0,0.0,0.0,,,,0
274,30637,可大可小,https://game.gtimg.cn/images/lol/act/jkzlk/gamedata/hex/minmax3.png,0,3,获得1个【金制拆卸器】和4个随机基础装备。  【金制拆卸器】是一个拥有无限使用次数的【装备拆卸器】。,0.0,0.0,0.0,0.0,0.0,0.0,0.0,0.0,,,,0
275,30660,元初公理,https://game.gtimg.cn/images/lol/act/jkzlk/gamedata/hex/theaxiomata3.png,0,3,获得3个随机【元素格】强化符文。取消你未来的强化符文回合，转而提供1个随机【元素格】和金币，基于该强化符文回合的位阶。,0.0,0.0,0.0,0.0,0.0,0.0,0.0,0.0,,,,0
