item_row_id,item_id,item_name,item_img,trend,item_type,all_pick_rate_main,all_pick_rate_sub,avg_ranking,pick_rate_4,pick_rate_1,suggested_piece_ids,suggested_piece_names,suggested_piece_count,tags
1,2010,鬼索的狂暴之刃,https://game.gtimg.cn/images/lol/act/jkzlk/gamedata/equip/2010.png,1,成型装备,70.17,5.61,4.42,51.19,12.32,5284|3321|4344|3332|2417,千珏|薇恩|厄运小姐|金克丝|厄斐琉斯,5.0,羊刀
2,2038,珠光护手,https://game.gtimg.cn/images/lol/act/jkzlk/gamedata/equip/2038.png,2,成型装备,61.56,4.92,4.32,53.55,12.85,3326|5277|3320|4342|2415,玛尔扎哈|塞拉斯|佐伊|奈德丽|巴德,5.0,法爆
3,2028,石像鬼石板甲,https://game.gtimg.cn/images/lol/act/jkzlk/gamedata/equip/2248.png,2,成型装备,54.55,4.36,4.4,52.24,12.08,3328|4337|2402|3331|3324,蕾欧娜|斯卡纳|赵信|凯南|诺提勒斯,5.0,板甲
4,2029,日炎斗篷,https://game.gtimg.cn/images/lol/act/jkzlk/gamedata/equip/2329.png,1,成型装备,50.1,4.0,4.36,52.2,13.65,4349|4337|3324|4352|3331,盖伦|斯卡纳|诺提勒斯|布隆|凯南,5.0,火甲|日炎
5,2001,无尽之刃,https://game.gtimg.cn/images/lol/act/jkzlk/gamedata/equip/2001.png,2,成型装备,49.2,3.93,4.29,53.23,15.53,4344|3321|5288|5397|5275,厄运小姐|薇恩|岩宝|卢锡安与赛娜|海克斯霸龙,5.0,无尽
6,2025,振奋盔甲,https://game.gtimg.cn/images/lol/act/jkzlk/gamedata/equip/spiritvisage.png,1,成型装备,43.44,3.47,4.33,53.58,11.86,3328|4349|4337|5276|3324,蕾欧娜|盖伦|斯卡纳|塔姆|诺提勒斯,5.0,绿甲
7,2004,朔极之矛,https://game.gtimg.cn/images/lol/act/jkzlk/gamedata/equip/2004.png,0,成型装备,42.75,3.42,4.26,54.63,12.62,3320|5397|5292|3326|4344,佐伊|卢锡安与赛娜|安妮|玛尔扎哈|厄运小姐,5.0,青龙刀
8,2024,适应性头盔,https://game.gtimg.cn/images/lol/act/jkzlk/gamedata/equip/adaptivehelm.png,2,成型装备,42.2,3.37,4.24,54.76,13.4,3337|5276|5277|4349|5292,德莱厄斯|塔姆|塞拉斯|盖伦|安妮,5.0,头盔
9,2044,秘法手套,https://game.gtimg.cn/images/lol/act/jkzlk/gamedata/equip/2044.png,0,成型装备,39.32,3.14,4.0,59.5,16.6,5278|5285|5277|4336|5397,希瓦娜|加里奥|塞拉斯|斯维因|卢锡安与赛娜,5.0,偷偷
10,2007,斯特拉克的挑战护手,https://game.gtimg.cn/images/lol/act/jkzlk/gamedata/equip/steraksgage.png,2,成型装备,36.31,2.9,4.17,56.28,15.13,3337|5278|5288|4349|2402,德莱厄斯|希瓦娜|岩宝|盖伦|赵信,5.0,血手
11,2032,薄暮法袍,https://game.gtimg.cn/images/lol/act/jkzlk/gamedata/equip/evenshroud.png,0,成型装备,31.62,2.52,4.21,54.78,16.31,3324|4349|4337|5281|4352,诺提勒斯|盖伦|斯卡纳|奥恩|布隆,5.0,薄暮
12,2014,纳什之牙,https://game.gtimg.cn/images/lol/act/jkzlk/gamedata/equip/nashorstooth.png,2,成型装备,30.95,2.47,4.16,57.42,12.06,3326|3320|3338|5292|2415,玛尔扎哈|佐伊|阿狸|安妮|巴德,5.0,纳什
13,2012,泰坦的坚决,https://game.gtimg.cn/images/lol/act/jkzlk/gamedata/equip/2052.png,0,成型装备,29.56,2.36,4.15,56.84,13.18,3337|5284|5278|5277|2402,德莱厄斯|千珏|希瓦娜|塞拉斯|赵信,5.0,泰坦
14,2023,圣盾使的誓约,https://game.gtimg.cn/images/lol/act/jkzlk/gamedata/equip/2023.png,1,成型装备,27.84,2.22,4.14,56.62,16.08,5276|4336|4337|4352|4349,塔姆|斯维因|斯卡纳|布隆|盖伦,5.0,冰甲|蓝甲
15,2046,巨人捕手,https://game.gtimg.cn/images/lol/act/jkzlk/gamedata/equip/2046.png,0,成型装备,24.28,1.94,4.21,55.34,13.77,5284|5397|3321|4344|3320,千珏|卢锡安与赛娜|薇恩|厄运小姐|佐伊,5.0,巨杀
16,2003,海克斯科技枪刃,https://game.gtimg.cn/images/lol/act/jkzlk/gamedata/equip/2003.png,0,成型装备,20.76,1.66,4.12,57.66,13.84,3321|5284|3332|5277|3326,薇恩|千珏|金克丝|塞拉斯|玛尔扎哈,5.0,科技枪
17,2045,锐利之刃,https://game.gtimg.cn/images/lol/act/jkzlk/gamedata/equip/2045.png,2,成型装备,19.93,1.59,4.06,57.9,14.67,3321|5284|2417|5397|4344,薇恩|千珏|厄斐琉斯|卢锡安与赛娜|厄运小姐,5.0,杀人剑
18,2006,汲取剑,https://game.gtimg.cn/images/lol/act/jkzlk/gamedata/equip/2006.png,1,成型装备,19.71,1.57,4.05,57.98,17.49,5277|5278|4331|5288|4333,塞拉斯|希瓦娜|永恩|岩宝|沃里克,5.0,饮血|饮血剑
19,2011,虚空之杖,https://game.gtimg.cn/images/lol/act/jkzlk/gamedata/equip/voidstaff.png,0,成型装备,18.89,1.51,4.23,54.78,16.8,5292|4342|2415|5277|4345,安妮|奈德丽|巴德|塞拉斯|拉克丝,5.0,电刀|法穿棒
20,2041,水银,https://game.gtimg.cn/images/lol/act/jkzlk/gamedata/equip/2041.png,1,成型装备,18.75,1.5,4.09,57.27,15.95,5275|5284|5277|3321|3332,海克斯霸龙|千珏|塞拉斯|薇恩|金克丝,5.0,
21,2022,蓝霸符,https://game.gtimg.cn/images/lol/act/jkzlk/gamedata/equip/2222.png,0,成型装备,18.23,1.45,4.03,58.56,18.02,5288|5397|5277|5292|2415,岩宝|卢锡安与赛娜|塞拉斯|安妮|巴德,5.0,蓝buff
22,2034,狂徒铠甲,https://game.gtimg.cn/images/lol/act/jkzlk/gamedata/equip/2034.png,1,成型装备,16.8,1.34,4.04,58.94,14.21,4349|3328|4337|4352|5281,盖伦|蕾欧娜|斯卡纳|布隆|奥恩,5.0,狂徒
23,2040,坚定之心,https://game.gtimg.cn/images/lol/act/jkzlk/gamedata/equip/nightharvester.png,2,成型装备,15.97,1.27,4.07,58.62,13.79,3328|4349|4337|4352|3331,蕾欧娜|盖伦|斯卡纳|布隆|凯南,5.0,心之钢
24,2018,冕卫,https://game.gtimg.cn/images/lol/act/jkzlk/gamedata/equip/crownguard.png,0,成型装备,15.51,1.24,4.0,59.89,15.7,3328|5277|4337|4349|5276,蕾欧娜|塞拉斯|斯卡纳|盖伦|塔姆,5.0,王冕|王冠
25,2027,棘刺背心,https://game.gtimg.cn/images/lol/act/jkzlk/gamedata/equip/2054.png,1,成型装备,15.47,1.23,4.0,60.07,15.34,4337|3328|4349|5281|3324,斯卡纳|蕾欧娜|盖伦|奥恩|诺提勒斯,5.0,反甲
26,2037,最后的轻语,https://game.gtimg.cn/images/lol/act/jkzlk/gamedata/equip/2053.png,1,成型装备,15.24,1.21,4.15,55.67,16.34,5397|4344|5284|4360|3321,卢锡安与赛娜|厄运小姐|千珏|卡莎|薇恩,5.0,轻语|穿甲弓
27,2039,正义之手,https://game.gtimg.cn/images/lol/act/jkzlk/gamedata/equip/2039.png,1,成型装备,14.92,1.19,4.04,58.06,17.48,5277|5278|5288|4333|3321,塞拉斯|希瓦娜|岩宝|沃里克|薇恩,5.0,正义
28,2019,离子火花,https://game.gtimg.cn/images/lol/act/jkzlk/gamedata/equip/2019.png,0,成型装备,14.05,1.12,4.09,57.25,16.01,3331|5277|4332|4336|4342,凯南|塞拉斯|孙悟空|斯维因|奈德丽,5.0,离子
29,2009,红霸符,https://game.gtimg.cn/images/lol/act/jkzlk/gamedata/equip/2009.png,1,成型装备,13.84,1.1,4.16,55.65,16.65,5397|4344|5284|4360|4345,卢锡安与赛娜|厄运小姐|千珏|卡莎|拉克丝,5.0,红buff
30,2016,班克斯的魔法帽,https://game.gtimg.cn/images/lol/act/jkzlk/gamedata/equip/2016.png,1,成型装备,13.17,1.05,4.01,59.6,15.35,5277|3320|4342|4334|2415,塞拉斯|佐伊|奈德丽|维迦|巴德,5.0,帽子|大帽
31,2031,巨龙之爪,https://game.gtimg.cn/images/lol/act/jkzlk/gamedata/equip/2031.png,0,成型装备,12.23,0.97,4.08,58.07,14.75,4349|3328|4337|3331|4352,盖伦|蕾欧娜|斯卡纳|凯南|布隆,5.0,龙牙
32,2013,海妖之怒,https://game.gtimg.cn/images/lol/act/jkzlk/gamedata/equip/krakensfury.png,2,成型装备,10.72,0.85,4.0,60.15,13.66,5284|2417|3321|5397|3332,千珏|厄斐琉斯|薇恩|卢锡安与赛娜|金克丝,5.0,海妖
33,2017,大天使之杖,https://game.gtimg.cn/images/lol/act/jkzlk/gamedata/equip/2017.png,1,成型装备,10.48,0.83,4.06,59.12,12.02,2415|3326|3320|4345|4342,巴德|玛尔扎哈|佐伊|拉克丝|奈德丽,5.0,大天使
34,2042,强袭者的链枷,https://game.gtimg.cn/images/lol/act/jkzlk/gamedata/equip/strikersflail.png,0,成型装备,9.24,0.73,3.97,60.15,14.84,5397|5277|3320|3321|4344,卢锡安与赛娜|塞拉斯|佐伊|薇恩|厄运小姐,5.0,破防
35,2020,莫雷洛秘典,https://game.gtimg.cn/images/lol/act/jkzlk/gamedata/equip/2020.png,0,成型装备,9.11,0.72,4.12,57.47,14.54,5397|4345|5277|4339|2415,卢锡安与赛娜|拉克丝|塞拉斯|萨勒芬妮|巴德,5.0,鬼书
36,2005,夜之锋刃,https://game.gtimg.cn/images/lol/act/jkzlk/gamedata/equip/2005.png,0,成型装备,7.37,0.58,3.53,68.47,20.94,5277|5278|4331|4333|5273,塞拉斯|希瓦娜|永恩|沃里克|沃利贝尔,5.0,夜刃
37,2036,金铲铲冠冕,https://game.gtimg.cn/images/lol/act/jkzlk/gamedata/equip/2036.png,0,成型装备,6.71,0.53,3.72,60.86,29.21,2411|3325|5397|2410|5281,妮蔻|米利欧|卢锡安与赛娜|奥莉安娜|奥恩,5.0,冠冕|自然之力
38,1007,巨人腰带,https://game.gtimg.cn/images/lol/act/jkzlk/gamedata/equip/1007.png,0,基础装备,5.9,0.47,4.55,48.87,10.84,4336|5281|2411|4349|2403,斯维因|奥恩|妮蔻|盖伦|蔚,5.0,腰带
39,41601,比尔吉沃特纹章,https://game.gtimg.cn/images/lol/act/jkzlk/gamedata/equip/41601.png,0,转职纹章,5.6,0.44,4.02,55.61,25.26,5284|5397|5278|5281|4336,千珏|卢锡安与赛娜|希瓦娜|奥恩|斯维因,5.0,比尔转
40,1005,锁子甲,https://game.gtimg.cn/images/lol/act/jkzlk/gamedata/equip/1005.png,0,基础装备,5.02,0.4,4.54,49.26,12.14,5281|4336|2411|4349|2403,奥恩|斯维因|妮蔻|盖伦|蔚,5.0,盔甲|布甲
41,41602,德玛西亚纹章,https://game.gtimg.cn/images/lol/act/jkzlk/gamedata/equip/41602.png,2,转职纹章,4.78,0.38,4.34,52.29,11.68,3337|2403|3327|5278|4336,德莱厄斯|蔚|洛里斯|希瓦娜|斯维因,5.0,德玛转
42,1003,无用大棒,https://game.gtimg.cn/images/lol/act/jkzlk/gamedata/equip/1003.png,0,基础装备,4.5,0.36,4.59,49.34,10.68,5281|4345|4339|5397|5277,奥恩|拉克丝|萨勒芬妮|卢锡安与赛娜|塞拉斯,5.0,大棒|棒子
43,1002,反曲之弓,https://game.gtimg.cn/images/lol/act/jkzlk/gamedata/equip/1002.png,0,基础装备,4.41,0.35,4.6,48.69,12.19,5397|4339|1410|5284|5281,卢锡安与赛娜|萨勒芬妮|凯特琳|千珏|奥恩,5.0,弓
44,1004,女神之泪,https://game.gtimg.cn/images/lol/act/jkzlk/gamedata/equip/1004.png,2,基础装备,4.38,0.35,4.43,51.11,12.87,5397|5281|4339|4345|4336,卢锡安与赛娜|奥恩|萨勒芬妮|拉克丝|斯维因,5.0,泪滴|眼泪|水滴
45,1006,负极斗篷,https://game.gtimg.cn/images/lol/act/jkzlk/gamedata/equip/1006.png,1,基础装备,4.06,0.32,4.54,50.85,10.12,2411|5281|4336|2403|4349,妮蔻|奥恩|斯维因|蔚|盖伦,5.0,贝壳|斗篷
46,9184,成堆柑橘,https://game.gtimg.cn/images/lol/act/jkzlk/gamedata/equip/pileocitrus.png,1,特殊装备,3.55,0.28,3.62,65.52,23.02,5276|3324|1409|5281|5278,塔姆|诺提勒斯|俄洛伊|奥恩|希瓦娜,5.0,橘子
47,1001,暴风之剑,https://game.gtimg.cn/images/lol/act/jkzlk/gamedata/equip/1001.png,0,基础装备,3.47,0.27,4.72,47.43,9.64,5397|2403|5278|1410|5281,卢锡安与赛娜|蔚|希瓦娜|凯特琳|奥恩,5.0,大剑
48,9186,船长的酿造品,https://game.gtimg.cn/images/lol/act/jkzlk/gamedata/equip/captainsbrew.png,0,特殊装备,3.37,0.26,3.97,58.73,17.21,2404|4344|4350|5397|5276,崔斯特|厄运小姐|菲兹|卢锡安与赛娜|塔姆,5.0,桶|酿造
49,9183,酒吧指虎,https://game.gtimg.cn/images/lol/act/jkzlk/gamedata/equip/barknuckles.png,1,特殊装备,3.37,0.26,3.76,60.87,21.88,5276|3324|5281|4336|4332,塔姆|诺提勒斯|奥恩|斯维因|孙悟空,5.0,指虎
50,1009,拳套,https://game.gtimg.cn/images/lol/act/jkzlk/gamedata/equip/1009.png,0,基础装备,3.37,0.26,4.76,45.28,9.49,5397|4339|5281|5278|2403,卢锡安与赛娜|萨勒芬妮|奥恩|希瓦娜|蔚,5.0,
51,6099,暗裔之镰,https://game.gtimg.cn/images/lol/act/jkzlk/gamedata/equip/darkinscythe.png,0,神器装备,3.34,0.26,3.85,58.82,28.01,5288|5278|3337|2403|5281,岩宝|希瓦娜|德莱厄斯|蔚|奥恩,5.0,
52,9181,亡者的短剑,https://game.gtimg.cn/images/lol/act/jkzlk/gamedata/equip/deadmansdagger.png,1,特殊装备,3.3,0.26,3.82,61.02,20.21,4344|4350|2404|5284|5397,厄运小姐|菲兹|崔斯特|千珏|卢锡安与赛娜,5.0,绿叉
53,6052,大亨之铠,https://game.gtimg.cn/images/lol/act/jkzlk/gamedata/equip/5004.png,0,神器装备,3.23,0.25,3.94,61.15,16.65,5281|3337|3328|4337|3324,奥恩|德莱厄斯|蕾欧娜|斯卡纳|诺提勒斯,5.0,大亨
54,41621,迅击战士纹章,https://game.gtimg.cn/images/lol/act/jkzlk/gamedata/equip/41621.png,1,转职纹章,3.17,0.25,4.31,53.29,14.81,3332|5397|5278|4344|5277,金克丝|卢锡安与赛娜|希瓦娜|厄运小姐|塞拉斯,5.0,迅击转
55,9182,大副的燧发枪,https://game.gtimg.cn/images/lol/act/jkzlk/gamedata/equip/firstmatesflintlock.png,1,特殊装备,3.12,0.24,3.81,61.99,20.64,4344|5284|5397|2404|5276,厄运小姐|千珏|卢锡安与赛娜|崔斯特|塔姆,5.0,
56,41616,护卫纹章,https://game.gtimg.cn/images/lol/act/jkzlk/gamedata/equip/41616.png,2,转职纹章,2.75,0.22,4.15,57.15,13.91,4337|5285|5278|3328|4336,斯卡纳|加里奥|希瓦娜|蕾欧娜|斯维因,5.0,护卫转
57,6100,暗裔之盾,https://game.gtimg.cn/images/lol/act/jkzlk/gamedata/equip/darkinaegis.png,0,神器装备,2.58,0.2,3.96,58.48,18.98,5281|2408|3328|2402|4349,奥恩|赛恩|蕾欧娜|赵信|盖伦,5.0,
58,41619,主宰纹章,https://game.gtimg.cn/images/lol/act/jkzlk/gamedata/equip/41619.png,0,转职纹章,2.51,0.2,4.05,56.93,18.11,5276|4349|5281|4337|4352,塔姆|盖伦|奥恩|斯卡纳|布隆,5.0,主宰转
59,41603,弗雷尔卓德纹章,https://game.gtimg.cn/images/lol/act/jkzlk/gamedata/equip/41603.png,0,转职纹章,2.51,0.2,4.45,50.3,10.66,3327|5281|4332|4335|5276,洛里斯|奥恩|孙悟空|塔里克|塔姆,5.0,东北转|弗雷转
60,41623,法师纹章,https://game.gtimg.cn/images/lol/act/jkzlk/gamedata/equip/41623.png,0,转职纹章,2.48,0.19,4.53,49.82,12.8,3320|4342|5397|5287|5271,佐伊|奈德丽|卢锡安与赛娜|费德提克|吉格斯,5.0,法师转
61,41614,斗士纹章,https://game.gtimg.cn/images/lol/act/jkzlk/gamedata/equip/41614.png,1,转职纹章,2.47,0.19,3.84,62.62,16.62,3324|5281|5278|3331|4352,诺提勒斯|奥恩|希瓦娜|凯南|布隆,5.0,斗士转
62,41624,征服者纹章,https://game.gtimg.cn/images/lol/act/jkzlk/gamedata/equip/41624.png,0,转职纹章,2.33,0.18,4.4,50.79,15.31,4344|5397|5282|5277|5284,厄运小姐|卢锡安与赛娜|梅尔|塞拉斯|千珏,5.0,征服转
63,41612,约德尔人纹章,https://game.gtimg.cn/images/lol/act/jkzlk/gamedata/equip/41612.png,1,转职纹章,2.29,0.18,4.39,52.94,12.42,5278|5277|5273|4336|5397,希瓦娜|塞拉斯|沃利贝尔|斯维因|卢锡安与赛娜,5.0,约德尔转
64,41604,艾欧尼亚纹章,https://game.gtimg.cn/images/lol/act/jkzlk/gamedata/equip/41604.png,0,转职纹章,2.23,0.17,4.48,50.04,10.8,2411|5277|5284|5397|5278,妮蔻|塞拉斯|千珏|卢锡安与赛娜|希瓦娜,5.0,艾欧转
65,6089,顽强不屈,https://game.gtimg.cn/images/lol/act/jkzlk/gamedata/equip/theindomitable.png,0,神器装备,2.22,0.17,3.69,63.14,22.18,5281|3328|3337|4337|4349,奥恩|蕾欧娜|德莱厄斯|斯卡纳|盖伦,5.0,
66,41606,诺克萨斯纹章,https://game.gtimg.cn/images/lol/act/jkzlk/gamedata/equip/41606.png,0,转职纹章,2.17,0.17,4.29,50.25,25.42,5278|5397|5277|5284|5285,希瓦娜|卢锡安与赛娜|塞拉斯|千珏|加里奥,5.0,诺克转
67,6091,黎明核心,https://game.gtimg.cn/images/lol/act/jkzlk/gamedata/equip/dawncore.png,2,神器装备,2.09,0.16,3.57,66.28,23.65,5277|4344|3326|3338|4342,塞拉斯|厄运小姐|玛尔扎哈|阿狸|奈德丽,5.0,
68,6085,光盾徽章,https://game.gtimg.cn/images/lol/act/jkzlk/gamedata/equip/lightshield_crest.png,0,神器装备,2.07,0.16,3.59,65.93,22.43,5281|4349|4337|3322|3328,奥恩|盖伦|斯卡纳|瑟庄妮|蕾欧娜,5.0,光盾
69,41605,以绪塔尔纹章,https://game.gtimg.cn/images/lol/act/jkzlk/gamedata/equip/41605.png,0,转职纹章,2.07,0.16,4.67,44.26,25.44,2403|4336|5278|2410|4335,蔚|斯维因|希瓦娜|奥莉安娜|塔里克,5.0,以绪转
70,2092,光明版秘法手套,https://game.gtimg.cn/images/lol/act/jkzlk/gamedata/equip/2581.png,0,光明武器,2.06,0.16,3.94,57.89,26.94,5288|5277|5278|4342|4336,岩宝|塞拉斯|希瓦娜|奈德丽|斯维因,5.0,光明偷偷
71,41607,皮尔特沃夫纹章,https://game.gtimg.cn/images/lol/act/jkzlk/gamedata/equip/41607.png,0,转职纹章,2.02,0.16,4.68,45.53,12.05,3324|4352|5281|2411|4336,诺提勒斯|布隆|奥恩|妮蔻|斯维因,5.0,皮城转
72,6072,密银黎明,https://game.gtimg.cn/images/lol/act/jkzlk/gamedata/equip/silvermere_dawn.png,2,神器装备,2.01,0.16,3.39,69.33,28.06,3337|5281|5278|5288|3328,德莱厄斯|奥恩|希瓦娜|岩宝|蕾欧娜,5.0,秘银
73,6087,烁刃,https://game.gtimg.cn/images/lol/act/jkzlk/gamedata/equip/flickerblade.png,0,神器装备,1.97,0.15,3.77,63.21,19.49,5284|3332|3321|5397|2417,千珏|金克丝|薇恩|卢锡安与赛娜|厄斐琉斯,5.0,
74,41625,神盾使纹章,https://game.gtimg.cn/images/lol/act/jkzlk/gamedata/equip/41625.png,0,转职纹章,1.96,0.15,4.15,56.22,17.11,5276|5278|3322|4335|4349,塔姆|希瓦娜|瑟庄妮|塔里克|盖伦,5.0,神盾转
75,6101,暗裔之弓,https://game.gtimg.cn/images/lol/act/jkzlk/gamedata/equip/darkinbow.png,0,神器装备,1.93,0.15,3.94,59.3,17.36,5284|3321|3332|5397|2417,千珏|薇恩|金克丝|卢锡安与赛娜|厄斐琉斯,5.0,
76,6065,投机者之刃,https://game.gtimg.cn/images/lol/act/jkzlk/gamedata/equip/5008.png,0,神器装备,1.89,0.15,3.97,59.51,16.74,5284|5397|5281|2417|4344,千珏|卢锡安与赛娜|奥恩|厄斐琉斯|厄运小姐,5.0,投机
77,6084,探索者的护臂,https://game.gtimg.cn/images/lol/act/jkzlk/gamedata/equip/seeker_s_armguard.png,0,神器装备,1.81,0.14,3.76,62.13,22.83,5277|5281|3337|4342|3326,塞拉斯|奥恩|德莱厄斯|奈德丽|玛尔扎哈,5.0,护臂
78,41611,虚空纹章,https://game.gtimg.cn/images/lol/act/jkzlk/gamedata/equip/41611.png,0,转职纹章,1.77,0.14,4.5,51.04,8.73,3321|4339|5397|1410|5278,薇恩|萨勒芬妮|卢锡安与赛娜|凯特琳|希瓦娜,5.0,虚空转
79,41618,神谕者纹章,https://game.gtimg.cn/images/lol/act/jkzlk/gamedata/equip/41618.png,2,转职纹章,1.74,0.13,4.46,50.5,15.12,5397|5292|5282|5277|4345,卢锡安与赛娜|安妮|梅尔|塞拉斯|拉克丝,5.0,神谕转
80,9185,幸运达布隆金币,https://game.gtimg.cn/images/lol/act/jkzlk/gamedata/equip/luckydoubloon.png,0,特殊装备,1.73,0.13,4.06,56.4,17.21,4344|2404|4350|5276|3324,厄运小姐|崔斯特|菲兹|塔姆|诺提勒斯,5.0,金币
81,41613,祖安纹章,https://game.gtimg.cn/images/lol/act/jkzlk/gamedata/equip/41613.png,0,转职纹章,1.7,0.13,4.51,50.7,10.11,5278|3327|3322|4352|5397,希瓦娜|洛里斯|瑟庄妮|布隆|卢锡安与赛娜,5.0,祖安转
82,6054,死亡之蔑,https://game.gtimg.cn/images/lol/act/jkzlk/gamedata/equip/3609.png,0,神器装备,1.69,0.13,3.5,68.33,24.23,5278|3337|5288|5281|5277,希瓦娜|德莱厄斯|岩宝|奥恩|塞拉斯,5.0,死舞
83,6070,连指手套,https://game.gtimg.cn/images/lol/act/jkzlk/gamedata/equip/mittens.png,0,神器装备,1.67,0.13,3.59,64.15,26.23,5284|5288|5277|5278|3321,千珏|岩宝|塞拉斯|希瓦娜|薇恩,5.0,
84,41617,枪手纹章,https://game.gtimg.cn/images/lol/act/jkzlk/gamedata/equip/41617.png,1,转职纹章,1.63,0.13,4.01,59.12,18.5,5284|5278|4333|5273|2403,千珏|希瓦娜|沃里克|沃利贝尔|蔚,5.0,枪手转
85,41620,狙神纹章,https://game.gtimg.cn/images/lol/act/jkzlk/gamedata/equip/41620.png,0,转职纹章,1.62,0.12,4.25,57.48,12.43,4345|5397|2403|5278|5277,拉克丝|卢锡安与赛娜|蔚|希瓦娜|塞拉斯,5.0,狙神转
86,6057,三相之力,https://game.gtimg.cn/images/lol/act/jkzlk/gamedata/equip/3607.png,0,神器装备,1.59,0.12,3.64,64.24,25.47,5281|5277|5278|5288|4333,奥恩|塞拉斯|希瓦娜|岩宝|沃里克,5.0,三相
87,6069,鱼骨头,https://game.gtimg.cn/images/lol/act/jkzlk/gamedata/equip/fishbones.png,0,神器装备,1.57,0.12,3.5,67.17,24.65,5284|3321|5397|3332|4344,千珏|薇恩|卢锡安与赛娜|金克丝|厄运小姐,5.0,
88,6092,黎明圣盾,https://game.gtimg.cn/images/lol/act/jkzlk/gamedata/equip/aegisofdawn.png,0,神器装备,1.57,0.12,3.67,64.26,23.26,5281|3328|4337|4349|3322,奥恩|蕾欧娜|斯卡纳|盖伦|瑟庄妮,5.0,
89,6061,碎舰者,https://game.gtimg.cn/images/lol/act/jkzlk/gamedata/equip/2098.png,0,神器装备,1.55,0.12,3.61,65.36,21.92,5281|5278|3337|3328|5277,奥恩|希瓦娜|德莱厄斯|蕾欧娜|塞拉斯,5.0,破舰者
90,6059,金币收集者,https://game.gtimg.cn/images/lol/act/jkzlk/gamedata/equip/3603.png,0,神器装备,1.55,0.12,3.56,65.87,21.81,5397|4344|3321|5284|5288,卢锡安与赛娜|厄运小姐|薇恩|千珏|岩宝,5.0,收集者
91,6080,疾射火炮,https://game.gtimg.cn/images/lol/act/jkzlk/gamedata/equip/rapid_firecannon.png,0,神器装备,1.54,0.12,3.8,62.28,19.91,5284|3321|5397|3332|4344,千珏|薇恩|卢锡安与赛娜|金克丝|厄运小姐,5.0,火炮
92,2048,金锅铲冠冕,https://game.gtimg.cn/images/lol/act/jkzlk/gamedata/equip/tactician_s_cape.png,2,成型装备,1.48,0.11,4.25,52.56,18.2,5281|2411|1410|1406|5397,奥恩|妮蔻|凯特琳|克格莫|卢锡安与赛娜,5.0,
93,6063,狙击手的专注,https://game.gtimg.cn/images/lol/act/jkzlk/gamedata/equip/2097.png,0,神器装备,1.46,0.11,3.83,62.59,18.77,5397|4344|3321|5284|3320,卢锡安与赛娜|厄运小姐|薇恩|千珏|佐伊,5.0,狙击镜
94,6088,斯塔缇克电刃,https://game.gtimg.cn/images/lol/act/jkzlk/gamedata/equip/statikkshiv.png,0,神器装备,1.39,0.11,3.51,68.9,24.37,5284|5397|4348|5277|3320,千珏|卢锡安与赛娜|卡莎|塞拉斯|佐伊,5.0,电刀
95,6060,中娅悖论,https://game.gtimg.cn/images/lol/act/jkzlk/gamedata/equip/3610.png,0,神器装备,1.36,0.1,3.58,64.64,24.2,5277|5281|3326|4348|4342,塞拉斯|奥恩|玛尔扎哈|卡莎|奈德丽,5.0,沙漏|中亚|金身
96,6090,巨型九头蛇,https://game.gtimg.cn/images/lol/act/jkzlk/gamedata/equip/titanichydra.png,0,神器装备,1.33,0.1,3.52,67.58,24.75,5278|5281|5284|3332|3321,希瓦娜|奥恩|千珏|金克丝|薇恩,5.0,巨九
97,6094,虚空护手,https://game.gtimg.cn/images/lol/act/jkzlk/gamedata/equip/voidgauntlet.png,2,神器装备,1.32,0.1,3.51,66.39,25.73,5281|4349|3328|4337|3322,奥恩|盖伦|蕾欧娜|斯卡纳|瑟庄妮,5.0,
98,41615,耀光使纹章,https://game.gtimg.cn/images/lol/act/jkzlk/gamedata/equip/41615.png,0,转职纹章,1.31,0.1,4.43,50.74,11.57,3320|5397|4346|5277|4345,佐伊|卢锡安与赛娜|丽桑卓|塞拉斯|拉克丝,5.0,耀光转
99,6096,恶火小斧,https://game.gtimg.cn/images/lol/act/jkzlk/gamedata/equip/hellfirehatchet.png,1,神器装备,1.31,0.1,3.7,63.34,23.71,5278|5281|5273|5288|4333,希瓦娜|奥恩|沃利贝尔|岩宝|沃里克,5.0,
100,6093,黄昏圣盾,https://game.gtimg.cn/images/lol/act/jkzlk/gamedata/equip/aegisofdusk.png,0,神器装备,1.29,0.1,3.64,66.21,20.5,5281|3328|4349|4337|3322,奥恩|蕾欧娜|盖伦|斯卡纳|瑟庄妮,5.0,
101,6075,智慧末刃,https://game.gtimg.cn/images/lol/act/jkzlk/gamedata/equip/wit_s_end.png,2,神器装备,1.29,0.1,3.51,68.97,25.12,5284|5277|5281|5397|3321,千珏|塞拉斯|奥恩|卢锡安与赛娜|薇恩,5.0,聪明刀
102,6073,暗行者之爪,https://game.gtimg.cn/images/lol/act/jkzlk/gamedata/equip/chonccsprowlersclaw.png,0,神器装备,1.28,0.1,3.31,70.38,29.44,5278|5288|5281|4333|5275,希瓦娜|岩宝|奥恩|沃里克|海克斯霸龙,5.0,暗爪|跳刀
103,6079,视界专注,https://game.gtimg.cn/images/lol/act/jkzlk/gamedata/equip/horizon_focus.png,0,神器装备,1.19,0.09,3.44,67.27,27.42,5277|5281|5288|4336|3327,塞拉斯|奥恩|岩宝|斯维因|洛里斯,5.0,
104,6098,永恒契约,https://game.gtimg.cn/images/lol/act/jkzlk/gamedata/equip/eternalpact.png,0,神器装备,1.18,0.09,3.63,65.93,22.09,5277|5281|3326|3320|4345,塞拉斯|奥恩|玛尔扎哈|佐伊|拉克丝,5.0,
105,2059,光明版无尽之刃,https://game.gtimg.cn/images/lol/act/jkzlk/gamedata/equip/2548.png,2,光明武器,1.16,0.09,2.74,76.77,51.31,5288|3321|5275|2417|4344,岩宝|薇恩|海克斯霸龙|厄斐琉斯|厄运小姐,5.0,光明无尽
106,6083,枯萎珠宝,https://game.gtimg.cn/images/lol/act/jkzlk/gamedata/equip/blighting_jewel.png,0,神器装备,1.16,0.09,3.71,63.97,19.51,5281|5277|3326|5292|5287,奥恩|塞拉斯|玛尔扎哈|安妮|费德提克,5.0,枯萎
107,6086,巫妖之祸,https://game.gtimg.cn/images/lol/act/jkzlk/gamedata/equip/lich_bane.png,0,神器装备,1.15,0.09,3.73,61.58,23.35,5277|5281|4350|4342|4339,塞拉斯|奥恩|菲兹|奈德丽|萨勒芬妮,5.0,巫妖
108,41622,裁决战士纹章,https://game.gtimg.cn/images/lol/act/jkzlk/gamedata/equip/41622.png,0,转职纹章,1.13,0.09,4.56,48.65,13.07,5278|2403|4332|5284|4344,希瓦娜|蔚|孙悟空|千珏|厄运小姐,5.0,裁决转
109,6095,帽子饮品,https://game.gtimg.cn/images/lol/act/jkzlk/gamedata/equip/cappajuice.png,0,神器装备,1.02,0.08,3.63,63.96,24.94,5281|5277|5284|5397|3321,奥恩|塞拉斯|千珏|卢锡安与赛娜|薇恩,5.0,
110,2047,金锅锅冠冕,https://game.gtimg.cn/images/lol/act/jkzlk/gamedata/equip/tactician_s_shield.png,0,成型装备,0.98,0.07,4.23,51.88,22.17,2411|2403|3325|2410|5281,妮蔻|蔚|米利欧|奥莉安娜|奥恩,5.0,冠冕
111,2064,光明版斯特拉克的挑战护手,https://game.gtimg.cn/images/lol/act/jkzlk/gamedata/equip/steraksmegashield.png,2,光明武器,0.95,0.07,2.71,77.67,50.11,5288|3337|5278|2402|4337,岩宝|德莱厄斯|希瓦娜|赵信|斯卡纳,5.0,光明血手
112,6067,飞升护符,https://game.gtimg.cn/images/lol/act/jkzlk/gamedata/equip/talisman_of_ascension.png,0,神器装备,0.94,0.07,3.45,68.36,24.71,5281|3337|5277|4349|5278,奥恩|德莱厄斯|塞拉斯|盖伦|希瓦娜,5.0,金丹
113,6102,暗裔之杖,https://game.gtimg.cn/images/lol/act/jkzlk/gamedata/equip/darkinstaff.png,2,神器装备,0.92,0.07,4.06,57.88,14.35,3326|3338|3320|5277|2415,玛尔扎哈|阿狸|佐伊|塞拉斯|巴德,5.0,
114,2081,光明版石像鬼石板甲,https://game.gtimg.cn/images/lol/act/jkzlk/gamedata/equip/2570.png,2,光明武器,0.91,0.07,3.39,67.78,29.59,4337|3328|3337|2402|3322,斯卡纳|蕾欧娜|德莱厄斯|赵信|瑟庄妮,5.0,光明板甲
115,2076,光明版蓝霸符,https://game.gtimg.cn/images/lol/act/jkzlk/gamedata/equip/2565.png,2,光明武器,0.86,0.06,2.93,72.43,48.37,5288|3320|5292|3326|3338,岩宝|佐伊|安妮|玛尔扎哈|阿狸,5.0,光明蓝buff
116,9230,残酷弯刀,https://game.gtimg.cn/images/lol/act/jkzlk/gamedata/equip/cutthroatscutlass.png,1,特殊装备,0.84,0.06,3.93,60.76,16.66,4344|4350|5278|5276|5284,厄运小姐|菲兹|希瓦娜|塔姆|千珏,5.0,弯刀
117,2093,光明版锐利之刃,https://game.gtimg.cn/images/lol/act/jkzlk/gamedata/equip/2582.png,0,光明武器,0.63,0.05,3.15,70.98,37.54,5288|3321|2417|3332|5284,岩宝|薇恩|厄斐琉斯|金克丝|千珏,5.0,光明杀人剑
118,2087,光明版珠光护手,https://game.gtimg.cn/images/lol/act/jkzlk/gamedata/equip/2576.png,0,光明武器,0.6,0.04,3.14,71.32,40.86,4342|5277|3326|2415|5292,奈德丽|塞拉斯|玛尔扎哈|巴德|安妮,5.0,光明法爆
119,2094,光明版巨人捕手,https://game.gtimg.cn/images/lol/act/jkzlk/gamedata/equip/2583.png,0,光明武器,0.59,0.04,3.16,72.72,38.54,5288|3321|4342|2417|5284,岩宝|薇恩|奈德丽|厄斐琉斯|千珏,5.0,光明巨杀
120,2088,光明版正义之手,https://game.gtimg.cn/images/lol/act/jkzlk/gamedata/equip/2577.png,1,光明武器,0.54,0.04,2.78,77.29,50.19,5288|4342|5277|3321|5278,岩宝|奈德丽|塞拉斯|薇恩|希瓦娜,5.0,光明正义
121,2078,光明版适应性头盔,https://game.gtimg.cn/images/lol/act/jkzlk/gamedata/equip/jakshotheprotean.png,2,光明武器,0.53,0.04,3.0,70.73,44.3,5288|3337|5277|5292|4337,岩宝|德莱厄斯|塞拉斯|安妮|斯卡纳,5.0,光明头盔
122,2063,光明版汲取剑,https://game.gtimg.cn/images/lol/act/jkzlk/gamedata/equip/2552.png,1,光明武器,0.51,0.04,2.76,77.63,49.36,5288|5277|3337|4342|5278,岩宝|塞拉斯|德莱厄斯|奈德丽|希瓦娜,5.0,光明饮血剑
123,2079,光明版振奋盔甲,https://game.gtimg.cn/images/lol/act/jkzlk/gamedata/equip/morespiritedvisage.png,2,光明武器,0.49,0.03,3.62,62.44,27.51,4337|3328|3337|2402|5281,斯卡纳|蕾欧娜|德莱厄斯|赵信|奥恩,5.0,光明振奋
124,2085,光明版狂徒铠甲,https://game.gtimg.cn/images/lol/act/jkzlk/gamedata/equip/2574.png,0,光明武器,0.46,0.03,4.11,52.55,21.39,3328|4337|2402|3324|3337,蕾欧娜|斯卡纳|赵信|诺提勒斯|德莱厄斯,5.0,光明狂徒
125,2060,光明版海克斯科技枪刃,https://game.gtimg.cn/images/lol/act/jkzlk/gamedata/equip/2549.png,2,光明武器,0.41,0.03,3.32,68.22,35.93,5288|3321|5277|3326|3332,岩宝|薇恩|塞拉斯|玛尔扎哈|金克丝,5.0,光明科技枪
126,2061,光明版朔极之矛,https://game.gtimg.cn/images/lol/act/jkzlk/gamedata/equip/2550.png,0,光明武器,0.41,0.03,3.04,74.21,38.42,5288|5292|3326|3320|5397,岩宝|安妮|玛尔扎哈|佐伊|卢锡安与赛娜,5.0,光明青龙刀
127,2066,光明版鬼索的狂暴之刃,https://game.gtimg.cn/images/lol/act/jkzlk/gamedata/equip/2555.png,0,光明武器,0.39,0.03,3.92,57.22,27.22,5288|3321|5284|3332|2417,岩宝|薇恩|千珏|金克丝|厄斐琉斯,5.0,光明鬼刀
128,2091,光明版强袭者的链枷,https://game.gtimg.cn/images/lol/act/jkzlk/gamedata/equip/chainstriker.png,0,光明武器,0.39,0.03,3.18,70.0,39.44,5288|4344|4342|3321|2417,岩宝|厄运小姐|奈德丽|薇恩|厄斐琉斯,5.0,光明破防|光明破防者
129,2070,光明版纳什之牙,https://game.gtimg.cn/images/lol/act/jkzlk/gamedata/equip/thebaronsgift.png,0,光明武器,0.37,0.02,3.39,67.25,28.07,3326|4342|5292|5277|3338,玛尔扎哈|奈德丽|安妮|塞拉斯|阿狸,5.0,光明纳什
130,2086,光明版最后的轻语,https://game.gtimg.cn/images/lol/act/jkzlk/gamedata/equip/2575.png,0,光明武器,0.37,0.02,2.8,76.02,50.87,5288|5397|3321|3332|4344,岩宝|卢锡安与赛娜|薇恩|金克丝|厄运小姐,5.0,光明轻语
131,2068,光明版泰坦的坚决,https://game.gtimg.cn/images/lol/act/jkzlk/gamedata/equip/2557.png,2,光明武器,0.32,0.02,4.0,55.33,27.33,3337|5288|5277|2417|4342,德莱厄斯|岩宝|塞拉斯|厄斐琉斯|奈德丽,5.0,光明泰坦
132,2069,光明版海妖之怒,https://game.gtimg.cn/images/lol/act/jkzlk/gamedata/equip/torrentialmaelstrom.png,0,光明武器,0.32,0.02,3.89,59.73,20.13,3321|5284|3332|2417|5397,薇恩|千珏|金克丝|厄斐琉斯|卢锡安与赛娜,5.0,光明海妖
133,2071,光明版班克斯的魔法帽,https://game.gtimg.cn/images/lol/act/jkzlk/gamedata/equip/2560.png,0,光明武器,0.32,0.02,2.94,76.35,39.86,4342|5277|3326|3320|3338,奈德丽|塞拉斯|玛尔扎哈|佐伊|阿狸,5.0,光明大帽
134,1008,金铲铲,https://game.gtimg.cn/images/lol/act/jkzlk/gamedata/equip/1008.png,0,基础装备,0.31,0.02,4.1,57.34,18.18,5281|2411|2404|1406|5397,奥恩|妮蔻|崔斯特|克格莫|卢锡安与赛娜,5.0,铲子
135,2089,光明版坚定之心,https://game.gtimg.cn/images/lol/act/jkzlk/gamedata/equip/midnightreaper.png,0,光明武器,0.3,0.02,3.54,67.6,28.87,3328|4337|3337|5288|4336,蕾欧娜|斯卡纳|德莱厄斯|岩宝|斯维因,5.0,光明心之钢
136,2080,光明版棘刺背心,https://game.gtimg.cn/images/lol/act/jkzlk/gamedata/equip/2569.png,0,光明武器,0.3,0.02,3.63,64.49,28.98,4337|3328|2402|3322|4336,斯卡纳|蕾欧娜|赵信|瑟庄妮|斯维因,5.0,光明反甲
137,2077,光明版圣盾使的誓约,https://game.gtimg.cn/images/lol/act/jkzlk/gamedata/equip/2566.png,0,光明武器,0.29,0.02,3.29,69.4,35.82,5288|4337|3328|5277|4336,岩宝|斯卡纳|蕾欧娜|塞拉斯|斯维因,5.0,光明冰甲
138,2067,光明版虚空之杖,https://game.gtimg.cn/images/lol/act/jkzlk/gamedata/equip/icathiasrevenge.png,2,光明武器,0.28,0.02,3.25,67.42,36.36,4342|5277|5292|3338|2415,奈德丽|塞拉斯|安妮|阿狸|巴德,5.0,光明法穿棒
139,2084,光明版薄暮法袍,https://game.gtimg.cn/images/lol/act/jkzlk/gamedata/equip/equinox.png,0,光明武器,0.27,0.02,3.08,66.66,47.61,4337|5288|3324|5278|3322,斯卡纳|岩宝|诺提勒斯|希瓦娜|瑟庄妮,5.0,光明薄暮
140,2082,光明版日炎斗篷,https://game.gtimg.cn/images/lol/act/jkzlk/gamedata/equip/2571.png,2,光明武器,0.26,0.02,3.61,59.5,34.71,4337|4349|4336|3337|3331,斯卡纳|盖伦|斯维因|德莱厄斯|凯南,5.0,光明日炎
141,2062,光明版夜之锋刃,https://game.gtimg.cn/images/lol/act/jkzlk/gamedata/equip/2551.png,1,光明武器,0.22,0.01,2.75,75.96,50.0,5288|5277|5278|3321|3337,岩宝|塞拉斯|希瓦娜|薇恩|德莱厄斯,5.0,光明夜刃
142,2065,光明版红霸符,https://game.gtimg.cn/images/lol/act/jkzlk/gamedata/equip/2554.png,0,光明武器,0.22,0.01,3.31,69.9,30.09,5288|5397|5284|5277|3332,岩宝|卢锡安与赛娜|千珏|塞拉斯|金克丝,5.0,光明红buff
143,2072,光明版大天使之杖,https://game.gtimg.cn/images/lol/act/jkzlk/gamedata/equip/2561.png,0,光明武器,0.21,0.01,3.3,71.28,32.67,4342|3326|5277|5292|2415,奈德丽|玛尔扎哈|塞拉斯|安妮|巴德,5.0,光明大天使
144,2090,光明版水银,https://game.gtimg.cn/images/lol/act/jkzlk/gamedata/equip/2579.png,0,光明武器,0.21,0.01,4.04,55.55,23.23,5288|3321|5275|5284|3332,岩宝|薇恩|海克斯霸龙|千珏|金克丝,5.0,光明水银
145,2074,光明版离子火花,https://game.gtimg.cn/images/lol/act/jkzlk/gamedata/equip/2563.png,0,光明武器,0.21,0.01,3.5,65.97,34.02,4342|5277|4337|3331|3328,奈德丽|塞拉斯|斯卡纳|凯南|蕾欧娜,5.0,光明离子
146,2073,光明版冕卫,https://game.gtimg.cn/images/lol/act/jkzlk/gamedata/equip/royalcrownshield.png,0,光明武器,0.17,0.01,3.18,70.37,38.27,4337|5277|4342|3328|4336,斯卡纳|塞拉斯|奈德丽|蕾欧娜|斯维因,5.0,光明冕卫
147,2083,光明版巨龙之爪,https://game.gtimg.cn/images/lol/act/jkzlk/gamedata/equip/2572.png,2,光明武器,0.17,0.01,3.58,68.75,27.5,4337|3328|2402|4336|4352,斯卡纳|蕾欧娜|赵信|斯维因|布隆,5.0,光明龙牙
148,1010,金锅锅,https://game.gtimg.cn/images/lol/act/jkzlk/gamedata/equip/frying_pan.png,0,基础装备,0.11,0.0,4.89,43.63,9.09,5281|2403|2411|1408|5397,奥恩|蔚|妮蔻|嘉文四世|卢锡安与赛娜,5.0,锅子
149,2075,光明版莫雷洛秘典,https://game.gtimg.cn/images/lol/act/jkzlk/gamedata/equip/2564.png,0,光明武器,0.11,0.0,2.65,78.18,50.9,4342|5397|5292|5270|5277,奈德丽|卢锡安与赛娜|安妮|基兰|塞拉斯,5.0,光鬼书
150,6001,基克的先驱,https://game.gtimg.cn/images/lol/act/jkzlk/gamedata/equip/2007.png,0,辅助装备,0.0,0.0,0.0,0.0,0.0,,,,基克
151,6002,兰顿之兆,https://game.gtimg.cn/images/lol/act/jkzlk/gamedata/equip/3602.png,0,辅助装备,0.0,0.0,0.0,0.0,0.0,,,,兰顿|蓝盾
152,6003,能量圣杯,https://game.gtimg.cn/images/lol/act/jkzlk/gamedata/equip/2124.png,0,辅助装备,0.0,0.0,0.0,0.0,0.0,,,,圣杯
153,6004,静止法衣,https://game.gtimg.cn/images/lol/act/jkzlk/gamedata/equip/2240.png,0,辅助装备,0.0,0.0,0.0,0.0,0.0,,,,法衣
154,6005,兹若特传送门,https://game.gtimg.cn/images/lol/act/jkzlk/gamedata/equip/2214.png,0,辅助装备,0.0,0.0,0.0,0.0,0.0,,,,传送门|虫子
155,6006,钢铁烈阳之匣,https://game.gtimg.cn/images/lol/act/jkzlk/gamedata/equip/2018.png,0,辅助装备,0.0,0.0,0.0,0.0,0.0,,,,鸟盾
156,6007,灵风,https://game.gtimg.cn/images/lol/act/jkzlk/gamedata/equip/2032.png,0,辅助装备,0.0,0.0,0.0,0.0,0.0,,,,吹风
157,6008,黑曜石切割者,https://game.gtimg.cn/images/lol/act/jkzlk/gamedata/equip/3601.png,0,辅助装备,0.0,0.0,0.0,0.0,0.0,,,,黑切
158,6009,军团圣盾,https://game.gtimg.cn/images/lol/act/jkzlk/gamedata/equip/aegis.png,0,辅助装备,0.0,0.0,0.0,0.0,0.0,,,,军团
159,6010,殉道美德,https://game.gtimg.cn/images/lol/act/jkzlk/gamedata/equip/virtueofthemartyr.png,0,辅助装备,0.0,0.0,0.0,0.0,0.0,,,,辉耀美德
160,6011,女妖面纱,https://game.gtimg.cn/images/lol/act/jkzlk/gamedata/equip/bansheesveil.png,0,辅助装备,0.0,0.0,0.0,0.0,0.0,,,,女妖
161,6012,无用大宝石,https://game.gtimg.cn/images/lol/act/jkzlk/gamedata/equip/5007.png,0,辅助装备,0.0,0.0,0.0,0.0,0.0,,,,
162,6013,辅助手套,https://game.gtimg.cn/images/lol/act/jkzlk/gamedata/equip/accomplices_gloves.png,0,辅助装备,0.0,0.0,0.0,0.0,0.0,,,,
163,6014,永恒烈焰,https://game.gtimg.cn/images/lol/act/jkzlk/gamedata/equip/the_eternal_flame.png,0,辅助装备,0.0,0.0,0.0,0.0,0.0,,,,
164,6015,骑士之誓,https://game.gtimg.cn/images/lol/act/jkzlk/gamedata/equip/knights_vow.png,0,辅助装备,0.0,0.0,0.0,0.0,0.0,,,,骑士
165,6016,月石再生器,https://game.gtimg.cn/images/lol/act/jkzlk/gamedata/equip/moonstone_renewer.png,0,辅助装备,0.0,0.0,0.0,0.0,0.0,,,,月石
166,6018,不稳定的财宝箱,https://game.gtimg.cn/images/lol/act/jkzlk/gamedata/equip/unstable_treasure_chest.png,0,辅助装备,0.0,0.0,0.0,0.0,0.0,,,,
167,9187,黑市补货,https://game.gtimg.cn/images/lol/act/jkzlk/gamedata/equip/blackmarketrestock.png,0,特殊装备,0.0,0.0,0.0,0.0,0.0,,,,补货|黑市
168,9188,比尔吉沃特次级英雄复制器,https://game.gtimg.cn/images/lol/act/jkzlk/gamedata/equip/bilgewaterlesserchampionduplicator.png,0,特殊装备,0.0,0.0,0.0,0.0,0.0,,,,比尔小妮蔻
169,9189,3%物理加成和法术加成,https://game.gtimg.cn/images/lol/act/jkzlk/gamedata/equip/adap_tier1.png,0,特殊装备,0.0,0.0,0.0,0.0,0.0,,,,
170,9190,5%物理加成和法术加成,https://game.gtimg.cn/images/lol/act/jkzlk/gamedata/equip/adap_tier2.png,0,特殊装备,0.0,0.0,0.0,0.0,0.0,,,,
171,9191,7%物理加成和法术加成,https://game.gtimg.cn/images/lol/act/jkzlk/gamedata/equip/adap_tier3.png,0,特殊装备,0.0,0.0,0.0,0.0,0.0,,,,
172,9192,4%攻击速度,https://game.gtimg.cn/images/lol/act/jkzlk/gamedata/equip/as_tier1.png,0,特殊装备,0.0,0.0,0.0,0.0,0.0,,,,
173,9193,6%攻击速度,https://game.gtimg.cn/images/lol/act/jkzlk/gamedata/equip/as_tier2.png,0,特殊装备,0.0,0.0,0.0,0.0,0.0,,,,
174,9194,8%攻击速度,https://game.gtimg.cn/images/lol/act/jkzlk/gamedata/equip/as_tier3.png,0,特殊装备,0.0,0.0,0.0,0.0,0.0,,,,
175,9195,4%最大生命值,https://game.gtimg.cn/images/lol/act/jkzlk/gamedata/equip/health_tier1.png,0,特殊装备,0.0,0.0,0.0,0.0,0.0,,,,
176,9196,6%最大生命值,https://game.gtimg.cn/images/lol/act/jkzlk/gamedata/equip/health_tier2.png,0,特殊装备,0.0,0.0,0.0,0.0,0.0,,,,
177,9197,8%最大生命值,https://game.gtimg.cn/images/lol/act/jkzlk/gamedata/equip/health_tier3.png,0,特殊装备,0.0,0.0,0.0,0.0,0.0,,,,
178,9198,20%物理加成和法术加成,https://game.gtimg.cn/images/lol/act/jkzlk/gamedata/equip/freeadap.tft_set16.png,0,特殊装备,0.0,0.0,0.0,0.0,0.0,,,,
179,9199,皇室外壳,https://game.gtimg.cn/images/lol/act/jkzlk/gamedata/equip/royalhusk.png,0,特殊装备,0.0,0.0,0.0,0.0,0.0,,,,
180,9200,坚铁甲壳,https://game.gtimg.cn/images/lol/act/jkzlk/gamedata/equip/ironcarapace.png,0,特殊装备,0.0,0.0,0.0,0.0,0.0,,,,
181,9201,榨血核体,https://game.gtimg.cn/images/lol/act/jkzlk/gamedata/equip/leechingnucleus.png,0,特殊装备,0.0,0.0,0.0,0.0,0.0,,,,
182,9202,喷吐棘刺,https://game.gtimg.cn/images/lol/act/jkzlk/gamedata/equip/spitterspines.png,0,特殊装备,0.0,0.0,0.0,0.0,0.0,,,,
183,9203,肾上腺素模块,https://game.gtimg.cn/images/lol/act/jkzlk/gamedata/equip/adrenalinemodules.png,0,特殊装备,0.0,0.0,0.0,0.0,0.0,,,,
184,9204,掠食本能,https://game.gtimg.cn/images/lol/act/jkzlk/gamedata/equip/predatorinstincts.png,0,特殊装备,0.0,0.0,0.0,0.0,0.0,,,,
185,9211,90口径绳网,https://game.gtimg.cn/images/lol/act/jkzlk/gamedata/equip/90calibernets.png,0,特殊装备,0.0,0.0,0.0,0.0,0.0,,,,
186,9212,超频电容器,https://game.gtimg.cn/images/lol/act/jkzlk/gamedata/equip/overclockedcapacitors.png,0,特殊装备,0.0,0.0,0.0,0.0,0.0,,,,
187,9213,调谐振荡器,https://game.gtimg.cn/images/lol/act/jkzlk/gamedata/equip/tunedoscillator.png,0,特殊装备,0.0,0.0,0.0,0.0,0.0,,,,
188,9214,爆裂护盾,https://game.gtimg.cn/images/lol/act/jkzlk/gamedata/equip/blastshield.png,0,特殊装备,0.0,0.0,0.0,0.0,0.0,,,,
189,9215,电磁脉冲,https://game.gtimg.cn/images/lol/act/jkzlk/gamedata/equip/emp.png,0,特殊装备,0.0,0.0,0.0,0.0,0.0,,,,
190,9216,电流过载,https://game.gtimg.cn/images/lol/act/jkzlk/gamedata/equip/electricaloverload.png,0,特殊装备,0.0,0.0,0.0,0.0,0.0,,,,
191,9217,连续齿轮,https://game.gtimg.cn/images/lol/act/jkzlk/gamedata/equip/continuumcogs.png,0,特殊装备,0.0,0.0,0.0,0.0,0.0,,,,
192,9218,磁控线圈,https://game.gtimg.cn/images/lol/act/jkzlk/gamedata/equip/magnetroncoil.png,0,特殊装备,0.0,0.0,0.0,0.0,0.0,,,,
193,9219,微型导弹,https://game.gtimg.cn/images/lol/act/jkzlk/gamedata/equip/microrockets.png,0,特殊装备,0.0,0.0,0.0,0.0,0.0,,,,
194,9220,动能屏障,https://game.gtimg.cn/images/lol/act/jkzlk/gamedata/equip/kineticbarrier.png,0,特殊装备,0.0,0.0,0.0,0.0,0.0,,,,
195,9221,巨大化射线,https://game.gtimg.cn/images/lol/act/jkzlk/gamedata/equip/gigantificationray.png,0,特殊装备,0.0,0.0,0.0,0.0,0.0,,,,
196,9222,加速之门,https://game.gtimg.cn/images/lol/act/jkzlk/gamedata/equip/accelerationgate.png,0,特殊装备,0.0,0.0,0.0,0.0,0.0,,,,
197,9223,采矿钻机,https://game.gtimg.cn/images/lol/act/jkzlk/gamedata/equip/miningdrill.png,0,特殊装备,0.0,0.0,0.0,0.0,0.0,,,,
198,9224,高级生命体,https://game.gtimg.cn/images/lol/act/jkzlk/gamedata/equip/superiorlifeform.png,0,特殊装备,0.0,0.0,0.0,0.0,0.0,,,,
199,9225,回声引擎,https://game.gtimg.cn/images/lol/act/jkzlk/gamedata/equip/echoengine.png,0,特殊装备,0.0,0.0,0.0,0.0,0.0,,,,
200,9226,护甲消除器,https://game.gtimg.cn/images/lol/act/jkzlk/gamedata/equip/armornullifier.png,0,特殊装备,0.0,0.0,0.0,0.0,0.0,,,,
201,9227,升级！,https://game.gtimg.cn/images/lol/act/jkzlk/gamedata/equip/upgrade.png,0,特殊装备,0.0,0.0,0.0,0.0,0.0,,,,
