comp_row_id,comp_name,enemy_comp_row_id,enemy_comp_name,suggested_counter_items,suggested_augment_themes,positioning_advice
1,德玛西亚 薇恩 && 德莱厄斯,2,比尔吉沃特 厄运小姐 && 诺提勒斯,日炎斗篷、莫雷洛秘典、红霸符、巨龙之爪、棘刺背心,优先补减疗/重伤与持续作战；优先补保后排、解控与容错；若你是中期阵容，优先拿经济/节奏强化抢压制（可参考：DD街区、大百宝袋）,尽量让减疗装备尽早覆盖对手前排；主C别贴边单防，避免被对位切入；如果你中期强，尽量在对手9级前多入血
1,德玛西亚 薇恩 && 德莱厄斯,3,巨神峰 玛尔扎哈 && 蕾欧娜,,优先选择泛用战力强化（可参考：珠光莲花 I、珠光莲花 II）,根据对手主C位置灵活换边
1,德玛西亚 薇恩 && 德莱厄斯,4,法师 安妮 && 斯维因,日炎斗篷、莫雷洛秘典、红霸符,优先补减疗/重伤与持续作战；若你是中期阵容，优先拿经济/节奏强化抢压制（可参考：DD街区、大百宝袋）,尽量让减疗装备尽早覆盖对手前排；如果你中期强，尽量在对手9级前多入血
1,德玛西亚 薇恩 && 德莱厄斯,5,诺克萨斯 千珏 && 德莱文,日炎斗篷、莫雷洛秘典、红霸符、巨人捕手、薄暮法袍,优先补减疗/重伤与持续作战；优先补破前排、穿透或巨杀类战力；优先补保后排、解控与容错（可参考：珠光莲花 I、珠光莲花 II）,尽量让减疗装备尽早覆盖对手前排；优先保证主C能持续处理对手前排；主C别贴边单防，避免被对位切入
1,德玛西亚 薇恩 && 德莱厄斯,6,以绪塔尔 奈德丽 && 斯卡纳,,若你是中期阵容，优先拿经济/节奏强化抢压制（可参考：DD街区、大百宝袋）,如果你中期强，尽量在对手9级前多入血
1,德玛西亚 薇恩 && 德莱厄斯,7,裁决战士 阿狸 && 永恩,日炎斗篷、莫雷洛秘典、红霸符、巨龙之爪、棘刺背心,优先补减疗/重伤与持续作战；优先补保后排、解控与容错（可参考：珠光莲花 I、珠光莲花 II）,尽量让减疗装备尽早覆盖对手前排；主C别贴边单防，避免被对位切入
1,德玛西亚 薇恩 && 德莱厄斯,8,弗雷尔卓德 金克丝 && 瑟庄妮,日炎斗篷、莫雷洛秘典、红霸符、巨龙之爪、棘刺背心,优先补减疗/重伤与持续作战；优先补保后排、解控与容错（可参考：珠光莲花 I、珠光莲花 II）,尽量让减疗装备尽早覆盖对手前排；主C别贴边单防，避免被对位切入
1,德玛西亚 薇恩 && 德莱厄斯,9,约德尔人 吉格斯 && 凯南,,若你是中期阵容，优先拿经济/节奏强化抢压制（可参考：DD街区、大百宝袋）,如果你中期强，尽量在对手9级前多入血
1,德玛西亚 薇恩 && 德莱厄斯,10,德玛西亚 卡莎 && 盖伦,巨人捕手、薄暮法袍、离子火花、强袭者的链枷,优先补破前排、穿透或巨杀类战力；若你是中期阵容，优先拿经济/节奏强化抢压制（可参考：DD街区、大百宝袋）,优先保证主C能持续处理对手前排；如果你中期强，尽量在对手9级前多入血
1,德玛西亚 薇恩 && 德莱厄斯,11,德玛西亚 卡莎 && 盖伦,,若你是中期阵容，优先拿经济/节奏强化抢压制（可参考：DD街区、大百宝袋）,如果你中期强，尽量在对手9级前多入血
1,德玛西亚 薇恩 && 德莱厄斯,12,约德尔人 维迦 && 凯南,,若你是中期阵容，优先拿经济/节奏强化抢压制（可参考：DD街区、大百宝袋）,如果你中期强，尽量在对手9级前多入血
1,德玛西亚 薇恩 && 德莱厄斯,13,弗雷尔卓德 丽桑卓 && 布隆,巨人捕手、薄暮法袍、离子火花、强袭者的链枷,优先补破前排、穿透或巨杀类战力；若你是中期阵容，优先拿经济/节奏强化抢压制（可参考：DD街区、大百宝袋）,优先保证主C能持续处理对手前排；如果你中期强，尽量在对手9级前多入血
1,德玛西亚 薇恩 && 德莱厄斯,14,斗士 巴德 && 赛恩,日炎斗篷、莫雷洛秘典、红霸符,优先补减疗/重伤与持续作战（可参考：珠光莲花 I、珠光莲花 II）,尽量让减疗装备尽早覆盖对手前排
1,德玛西亚 薇恩 && 德莱厄斯,15,德玛西亚 瑞兹 && 塔里克,,若你是中期阵容，优先拿经济/节奏强化抢压制（可参考：DD街区、大百宝袋）,如果你中期强，尽量在对手9级前多入血
1,德玛西亚 薇恩 && 德莱厄斯,16,约德尔人 维迦 && 凯南,日炎斗篷、莫雷洛秘典、红霸符,优先补减疗/重伤与持续作战；若你是中期阵容，优先拿经济/节奏强化抢压制（可参考：DD街区、大百宝袋）,尽量让减疗装备尽早覆盖对手前排；如果你中期强，尽量在对手9级前多入血
1,德玛西亚 薇恩 && 德莱厄斯,17,皮尔特沃夫 海克斯霸龙 && 蔚,日炎斗篷、莫雷洛秘典、红霸符,优先补减疗/重伤与持续作战；若你是中期阵容，优先拿经济/节奏强化抢压制（可参考：DD街区、大百宝袋）,尽量让减疗装备尽早覆盖对手前排；如果你中期强，尽量在对手9级前多入血
1,德玛西亚 薇恩 && 德莱厄斯,18,迅击战士 芸阿娜 && 孙悟空,日炎斗篷、莫雷洛秘典、红霸符、巨龙之爪、棘刺背心,优先补减疗/重伤与持续作战；优先补保后排、解控与容错；若你是中期阵容，优先拿经济/节奏强化抢压制（可参考：DD街区、大百宝袋）,尽量让减疗装备尽早覆盖对手前排；主C别贴边单防，避免被对位切入；如果你中期强，尽量在对手9级前多入血
1,德玛西亚 薇恩 && 德莱厄斯,19,暗影岛 卡莉丝塔 && 锤石,日炎斗篷、莫雷洛秘典、红霸符、巨人捕手、薄暮法袍,优先补减疗/重伤与持续作战；优先补破前排、穿透或巨杀类战力；优先补保后排、解控与容错（可参考：珠光莲花 I、珠光莲花 II）,尽量让减疗装备尽早覆盖对手前排；优先保证主C能持续处理对手前排；主C别贴边单防，避免被对位切入
1,德玛西亚 薇恩 && 德莱厄斯,20,虚空 卡莎 && 峡谷先锋,日炎斗篷、莫雷洛秘典、红霸符,优先补减疗/重伤与持续作战；若你是中期阵容，优先拿经济/节奏强化抢压制（可参考：DD街区、大百宝袋）,尽量让减疗装备尽早覆盖对手前排；如果你中期强，尽量在对手9级前多入血
1,德玛西亚 薇恩 && 德莱厄斯,21,以绪塔尔 巴德 && 妮蔻,,若你是中期阵容，优先拿经济/节奏强化抢压制（可参考：DD街区、大百宝袋）,如果你中期强，尽量在对手9级前多入血
1,德玛西亚 薇恩 && 德莱厄斯,22,巨神峰 奥瑞利安·索尔 && 塔里克,日炎斗篷、莫雷洛秘典、红霸符,优先补减疗/重伤与持续作战；若你是中期阵容，优先拿经济/节奏强化抢压制（可参考：DD街区、大百宝袋）,尽量让减疗装备尽早覆盖对手前排；如果你中期强，尽量在对手9级前多入血
1,德玛西亚 薇恩 && 德莱厄斯,23,神盾使 玛尔扎哈 && 萨勒芬妮,日炎斗篷、莫雷洛秘典、红霸符,优先补减疗/重伤与持续作战（可参考：珠光莲花 I、珠光莲花 II）,尽量让减疗装备尽早覆盖对手前排
1,德玛西亚 薇恩 && 德莱厄斯,24,诺克萨斯 乐芙兰 && 德莱厄斯,巨龙之爪、棘刺背心、水银,优先补保后排、解控与容错（可参考：珠光莲花 I、珠光莲花 II）,主C别贴边单防，避免被对位切入
1,德玛西亚 薇恩 && 德莱厄斯,25,诺克萨斯 卑尔维斯 && 斯维因,巨龙之爪、棘刺背心、水银,优先补保后排、解控与容错（可参考：珠光莲花 I、珠光莲花 II）,主C别贴边单防，避免被对位切入
2,比尔吉沃特 厄运小姐 && 诺提勒斯,1,德玛西亚 薇恩 && 德莱厄斯,日炎斗篷、莫雷洛秘典、红霸符、巨人捕手、薄暮法袍,优先补减疗/重伤与持续作战；优先补破前排、穿透或巨杀类战力；若你是中期阵容，优先拿经济/节奏强化抢压制（可参考：DD街区、大百宝袋）,尽量让减疗装备尽早覆盖对手前排；优先保证主C能持续处理对手前排；如果你中期强，尽量在对手9级前多入血
2,比尔吉沃特 厄运小姐 && 诺提勒斯,3,巨神峰 玛尔扎哈 && 蕾欧娜,,优先选择泛用战力强化（可参考：珠光莲花 I、珠光莲花 II）,根据对手主C位置灵活换边
2,比尔吉沃特 厄运小姐 && 诺提勒斯,4,法师 安妮 && 斯维因,日炎斗篷、莫雷洛秘典、红霸符,优先补减疗/重伤与持续作战；若你是中期阵容，优先拿经济/节奏强化抢压制（可参考：DD街区、大百宝袋）,尽量让减疗装备尽早覆盖对手前排；如果你中期强，尽量在对手9级前多入血
2,比尔吉沃特 厄运小姐 && 诺提勒斯,5,诺克萨斯 千珏 && 德莱文,日炎斗篷、莫雷洛秘典、红霸符、巨人捕手、薄暮法袍,优先补减疗/重伤与持续作战；优先补破前排、穿透或巨杀类战力；优先补保后排、解控与容错（可参考：珠光莲花 I、珠光莲花 II）,尽量让减疗装备尽早覆盖对手前排；优先保证主C能持续处理对手前排；主C别贴边单防，避免被对位切入
2,比尔吉沃特 厄运小姐 && 诺提勒斯,6,以绪塔尔 奈德丽 && 斯卡纳,,若你是中期阵容，优先拿经济/节奏强化抢压制（可参考：DD街区、大百宝袋）,如果你中期强，尽量在对手9级前多入血
2,比尔吉沃特 厄运小姐 && 诺提勒斯,7,裁决战士 阿狸 && 永恩,日炎斗篷、莫雷洛秘典、红霸符、巨龙之爪、棘刺背心,优先补减疗/重伤与持续作战；优先补保后排、解控与容错（可参考：珠光莲花 I、珠光莲花 II）,尽量让减疗装备尽早覆盖对手前排；主C别贴边单防，避免被对位切入
2,比尔吉沃特 厄运小姐 && 诺提勒斯,8,弗雷尔卓德 金克丝 && 瑟庄妮,日炎斗篷、莫雷洛秘典、红霸符、巨龙之爪、棘刺背心,优先补减疗/重伤与持续作战；优先补保后排、解控与容错（可参考：珠光莲花 I、珠光莲花 II）,尽量让减疗装备尽早覆盖对手前排；主C别贴边单防，避免被对位切入
2,比尔吉沃特 厄运小姐 && 诺提勒斯,9,约德尔人 吉格斯 && 凯南,,若你是中期阵容，优先拿经济/节奏强化抢压制（可参考：DD街区、大百宝袋）,如果你中期强，尽量在对手9级前多入血
2,比尔吉沃特 厄运小姐 && 诺提勒斯,10,德玛西亚 卡莎 && 盖伦,巨人捕手、薄暮法袍、离子火花、强袭者的链枷,优先补破前排、穿透或巨杀类战力；若你是中期阵容，优先拿经济/节奏强化抢压制（可参考：DD街区、大百宝袋）,优先保证主C能持续处理对手前排；如果你中期强，尽量在对手9级前多入血
2,比尔吉沃特 厄运小姐 && 诺提勒斯,11,德玛西亚 卡莎 && 盖伦,,若你是中期阵容，优先拿经济/节奏强化抢压制（可参考：DD街区、大百宝袋）,如果你中期强，尽量在对手9级前多入血
2,比尔吉沃特 厄运小姐 && 诺提勒斯,12,约德尔人 维迦 && 凯南,,若你是中期阵容，优先拿经济/节奏强化抢压制（可参考：DD街区、大百宝袋）,如果你中期强，尽量在对手9级前多入血
2,比尔吉沃特 厄运小姐 && 诺提勒斯,13,弗雷尔卓德 丽桑卓 && 布隆,巨人捕手、薄暮法袍、离子火花、强袭者的链枷,优先补破前排、穿透或巨杀类战力；若你是中期阵容，优先拿经济/节奏强化抢压制（可参考：DD街区、大百宝袋）,优先保证主C能持续处理对手前排；如果你中期强，尽量在对手9级前多入血
2,比尔吉沃特 厄运小姐 && 诺提勒斯,14,斗士 巴德 && 赛恩,日炎斗篷、莫雷洛秘典、红霸符,优先补减疗/重伤与持续作战（可参考：珠光莲花 I、珠光莲花 II）,尽量让减疗装备尽早覆盖对手前排
2,比尔吉沃特 厄运小姐 && 诺提勒斯,15,德玛西亚 瑞兹 && 塔里克,,若你是中期阵容，优先拿经济/节奏强化抢压制（可参考：DD街区、大百宝袋）,如果你中期强，尽量在对手9级前多入血
2,比尔吉沃特 厄运小姐 && 诺提勒斯,16,约德尔人 维迦 && 凯南,日炎斗篷、莫雷洛秘典、红霸符,优先补减疗/重伤与持续作战；若你是中期阵容，优先拿经济/节奏强化抢压制（可参考：DD街区、大百宝袋）,尽量让减疗装备尽早覆盖对手前排；如果你中期强，尽量在对手9级前多入血
2,比尔吉沃特 厄运小姐 && 诺提勒斯,17,皮尔特沃夫 海克斯霸龙 && 蔚,日炎斗篷、莫雷洛秘典、红霸符,优先补减疗/重伤与持续作战；若你是中期阵容，优先拿经济/节奏强化抢压制（可参考：DD街区、大百宝袋）,尽量让减疗装备尽早覆盖对手前排；如果你中期强，尽量在对手9级前多入血
2,比尔吉沃特 厄运小姐 && 诺提勒斯,18,迅击战士 芸阿娜 && 孙悟空,日炎斗篷、莫雷洛秘典、红霸符、巨龙之爪、棘刺背心,优先补减疗/重伤与持续作战；优先补保后排、解控与容错；若你是中期阵容，优先拿经济/节奏强化抢压制（可参考：DD街区、大百宝袋）,尽量让减疗装备尽早覆盖对手前排；主C别贴边单防，避免被对位切入；如果你中期强，尽量在对手9级前多入血
2,比尔吉沃特 厄运小姐 && 诺提勒斯,19,暗影岛 卡莉丝塔 && 锤石,日炎斗篷、莫雷洛秘典、红霸符、巨人捕手、薄暮法袍,优先补减疗/重伤与持续作战；优先补破前排、穿透或巨杀类战力；优先补保后排、解控与容错（可参考：珠光莲花 I、珠光莲花 II）,尽量让减疗装备尽早覆盖对手前排；优先保证主C能持续处理对手前排；主C别贴边单防，避免被对位切入
2,比尔吉沃特 厄运小姐 && 诺提勒斯,20,虚空 卡莎 && 峡谷先锋,日炎斗篷、莫雷洛秘典、红霸符,优先补减疗/重伤与持续作战；若你是中期阵容，优先拿经济/节奏强化抢压制（可参考：DD街区、大百宝袋）,尽量让减疗装备尽早覆盖对手前排；如果你中期强，尽量在对手9级前多入血
2,比尔吉沃特 厄运小姐 && 诺提勒斯,21,以绪塔尔 巴德 && 妮蔻,,若你是中期阵容，优先拿经济/节奏强化抢压制（可参考：DD街区、大百宝袋）,如果你中期强，尽量在对手9级前多入血
2,比尔吉沃特 厄运小姐 && 诺提勒斯,22,巨神峰 奥瑞利安·索尔 && 塔里克,日炎斗篷、莫雷洛秘典、红霸符,优先补减疗/重伤与持续作战；若你是中期阵容，优先拿经济/节奏强化抢压制（可参考：DD街区、大百宝袋）,尽量让减疗装备尽早覆盖对手前排；如果你中期强，尽量在对手9级前多入血
2,比尔吉沃特 厄运小姐 && 诺提勒斯,23,神盾使 玛尔扎哈 && 萨勒芬妮,日炎斗篷、莫雷洛秘典、红霸符,优先补减疗/重伤与持续作战（可参考：珠光莲花 I、珠光莲花 II）,尽量让减疗装备尽早覆盖对手前排
2,比尔吉沃特 厄运小姐 && 诺提勒斯,24,诺克萨斯 乐芙兰 && 德莱厄斯,巨龙之爪、棘刺背心、水银,优先补保后排、解控与容错（可参考：珠光莲花 I、珠光莲花 II）,主C别贴边单防，避免被对位切入
2,比尔吉沃特 厄运小姐 && 诺提勒斯,25,诺克萨斯 卑尔维斯 && 斯维因,巨龙之爪、棘刺背心、水银,优先补保后排、解控与容错（可参考：珠光莲花 I、珠光莲花 II）,主C别贴边单防，避免被对位切入
3,巨神峰 玛尔扎哈 && 蕾欧娜,1,德玛西亚 薇恩 && 德莱厄斯,日炎斗篷、莫雷洛秘典、红霸符、巨人捕手、薄暮法袍,优先补减疗/重伤与持续作战；优先补破前排、穿透或巨杀类战力；若你是中期阵容，优先拿经济/节奏强化抢压制（可参考：DD街区、大百宝袋）,尽量让减疗装备尽早覆盖对手前排；优先保证主C能持续处理对手前排；如果你中期强，尽量在对手9级前多入血
3,巨神峰 玛尔扎哈 && 蕾欧娜,2,比尔吉沃特 厄运小姐 && 诺提勒斯,日炎斗篷、莫雷洛秘典、红霸符、巨龙之爪、棘刺背心,优先补减疗/重伤与持续作战；优先补保后排、解控与容错；若你是中期阵容，优先拿经济/节奏强化抢压制（可参考：DD街区、大百宝袋）,尽量让减疗装备尽早覆盖对手前排；主C别贴边单防，避免被对位切入；如果你中期强，尽量在对手9级前多入血
3,巨神峰 玛尔扎哈 && 蕾欧娜,4,法师 安妮 && 斯维因,日炎斗篷、莫雷洛秘典、红霸符,优先补减疗/重伤与持续作战；若你是中期阵容，优先拿经济/节奏强化抢压制（可参考：DD街区、大百宝袋）,尽量让减疗装备尽早覆盖对手前排；如果你中期强，尽量在对手9级前多入血
3,巨神峰 玛尔扎哈 && 蕾欧娜,5,诺克萨斯 千珏 && 德莱文,日炎斗篷、莫雷洛秘典、红霸符、巨人捕手、薄暮法袍,优先补减疗/重伤与持续作战；优先补破前排、穿透或巨杀类战力；优先补保后排、解控与容错（可参考：珠光莲花 I、珠光莲花 II）,尽量让减疗装备尽早覆盖对手前排；优先保证主C能持续处理对手前排；主C别贴边单防，避免被对位切入
3,巨神峰 玛尔扎哈 && 蕾欧娜,6,以绪塔尔 奈德丽 && 斯卡纳,,若你是中期阵容，优先拿经济/节奏强化抢压制（可参考：DD街区、大百宝袋）,如果你中期强，尽量在对手9级前多入血
3,巨神峰 玛尔扎哈 && 蕾欧娜,7,裁决战士 阿狸 && 永恩,日炎斗篷、莫雷洛秘典、红霸符、巨龙之爪、棘刺背心,优先补减疗/重伤与持续作战；优先补保后排、解控与容错（可参考：珠光莲花 I、珠光莲花 II）,尽量让减疗装备尽早覆盖对手前排；主C别贴边单防，避免被对位切入
3,巨神峰 玛尔扎哈 && 蕾欧娜,8,弗雷尔卓德 金克丝 && 瑟庄妮,日炎斗篷、莫雷洛秘典、红霸符、巨龙之爪、棘刺背心,优先补减疗/重伤与持续作战；优先补保后排、解控与容错（可参考：珠光莲花 I、珠光莲花 II）,尽量让减疗装备尽早覆盖对手前排；主C别贴边单防，避免被对位切入
3,巨神峰 玛尔扎哈 && 蕾欧娜,9,约德尔人 吉格斯 && 凯南,,若你是中期阵容，优先拿经济/节奏强化抢压制（可参考：DD街区、大百宝袋）,如果你中期强，尽量在对手9级前多入血
3,巨神峰 玛尔扎哈 && 蕾欧娜,10,德玛西亚 卡莎 && 盖伦,巨人捕手、薄暮法袍、离子火花、强袭者的链枷,优先补破前排、穿透或巨杀类战力；若你是中期阵容，优先拿经济/节奏强化抢压制（可参考：DD街区、大百宝袋）,优先保证主C能持续处理对手前排；如果你中期强，尽量在对手9级前多入血
3,巨神峰 玛尔扎哈 && 蕾欧娜,11,德玛西亚 卡莎 && 盖伦,,若你是中期阵容，优先拿经济/节奏强化抢压制（可参考：DD街区、大百宝袋）,如果你中期强，尽量在对手9级前多入血
3,巨神峰 玛尔扎哈 && 蕾欧娜,12,约德尔人 维迦 && 凯南,,若你是中期阵容，优先拿经济/节奏强化抢压制（可参考：DD街区、大百宝袋）,如果你中期强，尽量在对手9级前多入血
3,巨神峰 玛尔扎哈 && 蕾欧娜,13,弗雷尔卓德 丽桑卓 && 布隆,巨人捕手、薄暮法袍、离子火花、强袭者的链枷,优先补破前排、穿透或巨杀类战力；若你是中期阵容，优先拿经济/节奏强化抢压制（可参考：DD街区、大百宝袋）,优先保证主C能持续处理对手前排；如果你中期强，尽量在对手9级前多入血
3,巨神峰 玛尔扎哈 && 蕾欧娜,14,斗士 巴德 && 赛恩,日炎斗篷、莫雷洛秘典、红霸符,优先补减疗/重伤与持续作战（可参考：珠光莲花 I、珠光莲花 II）,尽量让减疗装备尽早覆盖对手前排
3,巨神峰 玛尔扎哈 && 蕾欧娜,15,德玛西亚 瑞兹 && 塔里克,,若你是中期阵容，优先拿经济/节奏强化抢压制（可参考：DD街区、大百宝袋）,如果你中期强，尽量在对手9级前多入血
3,巨神峰 玛尔扎哈 && 蕾欧娜,16,约德尔人 维迦 && 凯南,日炎斗篷、莫雷洛秘典、红霸符,优先补减疗/重伤与持续作战；若你是中期阵容，优先拿经济/节奏强化抢压制（可参考：DD街区、大百宝袋）,尽量让减疗装备尽早覆盖对手前排；如果你中期强，尽量在对手9级前多入血
3,巨神峰 玛尔扎哈 && 蕾欧娜,17,皮尔特沃夫 海克斯霸龙 && 蔚,日炎斗篷、莫雷洛秘典、红霸符,优先补减疗/重伤与持续作战；若你是中期阵容，优先拿经济/节奏强化抢压制（可参考：DD街区、大百宝袋）,尽量让减疗装备尽早覆盖对手前排；如果你中期强，尽量在对手9级前多入血
3,巨神峰 玛尔扎哈 && 蕾欧娜,18,迅击战士 芸阿娜 && 孙悟空,日炎斗篷、莫雷洛秘典、红霸符、巨龙之爪、棘刺背心,优先补减疗/重伤与持续作战；优先补保后排、解控与容错；若你是中期阵容，优先拿经济/节奏强化抢压制（可参考：DD街区、大百宝袋）,尽量让减疗装备尽早覆盖对手前排；主C别贴边单防，避免被对位切入；如果你中期强，尽量在对手9级前多入血
3,巨神峰 玛尔扎哈 && 蕾欧娜,19,暗影岛 卡莉丝塔 && 锤石,日炎斗篷、莫雷洛秘典、红霸符、巨人捕手、薄暮法袍,优先补减疗/重伤与持续作战；优先补破前排、穿透或巨杀类战力；优先补保后排、解控与容错（可参考：珠光莲花 I、珠光莲花 II）,尽量让减疗装备尽早覆盖对手前排；优先保证主C能持续处理对手前排；主C别贴边单防，避免被对位切入
3,巨神峰 玛尔扎哈 && 蕾欧娜,20,虚空 卡莎 && 峡谷先锋,日炎斗篷、莫雷洛秘典、红霸符,优先补减疗/重伤与持续作战；若你是中期阵容，优先拿经济/节奏强化抢压制（可参考：DD街区、大百宝袋）,尽量让减疗装备尽早覆盖对手前排；如果你中期强，尽量在对手9级前多入血
3,巨神峰 玛尔扎哈 && 蕾欧娜,21,以绪塔尔 巴德 && 妮蔻,,若你是中期阵容，优先拿经济/节奏强化抢压制（可参考：DD街区、大百宝袋）,如果你中期强，尽量在对手9级前多入血
3,巨神峰 玛尔扎哈 && 蕾欧娜,22,巨神峰 奥瑞利安·索尔 && 塔里克,日炎斗篷、莫雷洛秘典、红霸符,优先补减疗/重伤与持续作战；若你是中期阵容，优先拿经济/节奏强化抢压制（可参考：DD街区、大百宝袋）,尽量让减疗装备尽早覆盖对手前排；如果你中期强，尽量在对手9级前多入血
3,巨神峰 玛尔扎哈 && 蕾欧娜,23,神盾使 玛尔扎哈 && 萨勒芬妮,日炎斗篷、莫雷洛秘典、红霸符,优先补减疗/重伤与持续作战（可参考：珠光莲花 I、珠光莲花 II）,尽量让减疗装备尽早覆盖对手前排
3,巨神峰 玛尔扎哈 && 蕾欧娜,24,诺克萨斯 乐芙兰 && 德莱厄斯,巨龙之爪、棘刺背心、水银,优先补保后排、解控与容错（可参考：珠光莲花 I、珠光莲花 II）,主C别贴边单防，避免被对位切入
3,巨神峰 玛尔扎哈 && 蕾欧娜,25,诺克萨斯 卑尔维斯 && 斯维因,巨龙之爪、棘刺背心、水银,优先补保后排、解控与容错（可参考：珠光莲花 I、珠光莲花 II）,主C别贴边单防，避免被对位切入
4,法师 安妮 && 斯维因,1,德玛西亚 薇恩 && 德莱厄斯,日炎斗篷、莫雷洛秘典、红霸符、巨人捕手、薄暮法袍,优先补减疗/重伤与持续作战；优先补破前排、穿透或巨杀类战力；若你是中期阵容，优先拿经济/节奏强化抢压制（可参考：DD街区、大百宝袋）,尽量让减疗装备尽早覆盖对手前排；优先保证主C能持续处理对手前排；如果你中期强，尽量在对手9级前多入血
4,法师 安妮 && 斯维因,2,比尔吉沃特 厄运小姐 && 诺提勒斯,日炎斗篷、莫雷洛秘典、红霸符、巨龙之爪、棘刺背心,优先补减疗/重伤与持续作战；优先补保后排、解控与容错；若你是中期阵容，优先拿经济/节奏强化抢压制（可参考：DD街区、大百宝袋）,尽量让减疗装备尽早覆盖对手前排；主C别贴边单防，避免被对位切入；如果你中期强，尽量在对手9级前多入血
4,法师 安妮 && 斯维因,3,巨神峰 玛尔扎哈 && 蕾欧娜,,优先选择泛用战力强化（可参考：珠光莲花 I、珠光莲花 II）,根据对手主C位置灵活换边
4,法师 安妮 && 斯维因,5,诺克萨斯 千珏 && 德莱文,日炎斗篷、莫雷洛秘典、红霸符、巨人捕手、薄暮法袍,优先补减疗/重伤与持续作战；优先补破前排、穿透或巨杀类战力；优先补保后排、解控与容错（可参考：珠光莲花 I、珠光莲花 II）,尽量让减疗装备尽早覆盖对手前排；优先保证主C能持续处理对手前排；主C别贴边单防，避免被对位切入
4,法师 安妮 && 斯维因,6,以绪塔尔 奈德丽 && 斯卡纳,,若你是中期阵容，优先拿经济/节奏强化抢压制（可参考：DD街区、大百宝袋）,如果你中期强，尽量在对手9级前多入血
4,法师 安妮 && 斯维因,7,裁决战士 阿狸 && 永恩,日炎斗篷、莫雷洛秘典、红霸符、巨龙之爪、棘刺背心,优先补减疗/重伤与持续作战；优先补保后排、解控与容错（可参考：珠光莲花 I、珠光莲花 II）,尽量让减疗装备尽早覆盖对手前排；主C别贴边单防，避免被对位切入
4,法师 安妮 && 斯维因,8,弗雷尔卓德 金克丝 && 瑟庄妮,日炎斗篷、莫雷洛秘典、红霸符、巨龙之爪、棘刺背心,优先补减疗/重伤与持续作战；优先补保后排、解控与容错（可参考：珠光莲花 I、珠光莲花 II）,尽量让减疗装备尽早覆盖对手前排；主C别贴边单防，避免被对位切入
4,法师 安妮 && 斯维因,9,约德尔人 吉格斯 && 凯南,,若你是中期阵容，优先拿经济/节奏强化抢压制（可参考：DD街区、大百宝袋）,如果你中期强，尽量在对手9级前多入血
4,法师 安妮 && 斯维因,10,德玛西亚 卡莎 && 盖伦,巨人捕手、薄暮法袍、离子火花、强袭者的链枷,优先补破前排、穿透或巨杀类战力；若你是中期阵容，优先拿经济/节奏强化抢压制（可参考：DD街区、大百宝袋）,优先保证主C能持续处理对手前排；如果你中期强，尽量在对手9级前多入血
4,法师 安妮 && 斯维因,11,德玛西亚 卡莎 && 盖伦,,若你是中期阵容，优先拿经济/节奏强化抢压制（可参考：DD街区、大百宝袋）,如果你中期强，尽量在对手9级前多入血
4,法师 安妮 && 斯维因,12,约德尔人 维迦 && 凯南,,若你是中期阵容，优先拿经济/节奏强化抢压制（可参考：DD街区、大百宝袋）,如果你中期强，尽量在对手9级前多入血
4,法师 安妮 && 斯维因,13,弗雷尔卓德 丽桑卓 && 布隆,巨人捕手、薄暮法袍、离子火花、强袭者的链枷,优先补破前排、穿透或巨杀类战力；若你是中期阵容，优先拿经济/节奏强化抢压制（可参考：DD街区、大百宝袋）,优先保证主C能持续处理对手前排；如果你中期强，尽量在对手9级前多入血
4,法师 安妮 && 斯维因,14,斗士 巴德 && 赛恩,日炎斗篷、莫雷洛秘典、红霸符,优先补减疗/重伤与持续作战（可参考：珠光莲花 I、珠光莲花 II）,尽量让减疗装备尽早覆盖对手前排
4,法师 安妮 && 斯维因,15,德玛西亚 瑞兹 && 塔里克,,若你是中期阵容，优先拿经济/节奏强化抢压制（可参考：DD街区、大百宝袋）,如果你中期强，尽量在对手9级前多入血
4,法师 安妮 && 斯维因,16,约德尔人 维迦 && 凯南,日炎斗篷、莫雷洛秘典、红霸符,优先补减疗/重伤与持续作战；若你是中期阵容，优先拿经济/节奏强化抢压制（可参考：DD街区、大百宝袋）,尽量让减疗装备尽早覆盖对手前排；如果你中期强，尽量在对手9级前多入血
4,法师 安妮 && 斯维因,17,皮尔特沃夫 海克斯霸龙 && 蔚,日炎斗篷、莫雷洛秘典、红霸符,优先补减疗/重伤与持续作战；若你是中期阵容，优先拿经济/节奏强化抢压制（可参考：DD街区、大百宝袋）,尽量让减疗装备尽早覆盖对手前排；如果你中期强，尽量在对手9级前多入血
4,法师 安妮 && 斯维因,18,迅击战士 芸阿娜 && 孙悟空,日炎斗篷、莫雷洛秘典、红霸符、巨龙之爪、棘刺背心,优先补减疗/重伤与持续作战；优先补保后排、解控与容错；若你是中期阵容，优先拿经济/节奏强化抢压制（可参考：DD街区、大百宝袋）,尽量让减疗装备尽早覆盖对手前排；主C别贴边单防，避免被对位切入；如果你中期强，尽量在对手9级前多入血
4,法师 安妮 && 斯维因,19,暗影岛 卡莉丝塔 && 锤石,日炎斗篷、莫雷洛秘典、红霸符、巨人捕手、薄暮法袍,优先补减疗/重伤与持续作战；优先补破前排、穿透或巨杀类战力；优先补保后排、解控与容错（可参考：珠光莲花 I、珠光莲花 II）,尽量让减疗装备尽早覆盖对手前排；优先保证主C能持续处理对手前排；主C别贴边单防，避免被对位切入
4,法师 安妮 && 斯维因,20,虚空 卡莎 && 峡谷先锋,日炎斗篷、莫雷洛秘典、红霸符,优先补减疗/重伤与持续作战；若你是中期阵容，优先拿经济/节奏强化抢压制（可参考：DD街区、大百宝袋）,尽量让减疗装备尽早覆盖对手前排；如果你中期强，尽量在对手9级前多入血
4,法师 安妮 && 斯维因,21,以绪塔尔 巴德 && 妮蔻,,若你是中期阵容，优先拿经济/节奏强化抢压制（可参考：DD街区、大百宝袋）,如果你中期强，尽量在对手9级前多入血
4,法师 安妮 && 斯维因,22,巨神峰 奥瑞利安·索尔 && 塔里克,日炎斗篷、莫雷洛秘典、红霸符,优先补减疗/重伤与持续作战；若你是中期阵容，优先拿经济/节奏强化抢压制（可参考：DD街区、大百宝袋）,尽量让减疗装备尽早覆盖对手前排；如果你中期强，尽量在对手9级前多入血
4,法师 安妮 && 斯维因,23,神盾使 玛尔扎哈 && 萨勒芬妮,日炎斗篷、莫雷洛秘典、红霸符,优先补减疗/重伤与持续作战（可参考：珠光莲花 I、珠光莲花 II）,尽量让减疗装备尽早覆盖对手前排
4,法师 安妮 && 斯维因,24,诺克萨斯 乐芙兰 && 德莱厄斯,巨龙之爪、棘刺背心、水银,优先补保后排、解控与容错（可参考：珠光莲花 I、珠光莲花 II）,主C别贴边单防，避免被对位切入
4,法师 安妮 && 斯维因,25,诺克萨斯 卑尔维斯 && 斯维因,巨龙之爪、棘刺背心、水银,优先补保后排、解控与容错（可参考：珠光莲花 I、珠光莲花 II）,主C别贴边单防，避免被对位切入
5,诺克萨斯 千珏 && 德莱文,1,德玛西亚 薇恩 && 德莱厄斯,日炎斗篷、莫雷洛秘典、红霸符、巨人捕手、薄暮法袍,优先补减疗/重伤与持续作战；优先补破前排、穿透或巨杀类战力；若你是中期阵容，优先拿经济/节奏强化抢压制（可参考：DD街区、大百宝袋）,尽量让减疗装备尽早覆盖对手前排；优先保证主C能持续处理对手前排；如果你中期强，尽量在对手9级前多入血
5,诺克萨斯 千珏 && 德莱文,2,比尔吉沃特 厄运小姐 && 诺提勒斯,日炎斗篷、莫雷洛秘典、红霸符、巨龙之爪、棘刺背心,优先补减疗/重伤与持续作战；优先补保后排、解控与容错；若你是中期阵容，优先拿经济/节奏强化抢压制（可参考：DD街区、大百宝袋）,尽量让减疗装备尽早覆盖对手前排；主C别贴边单防，避免被对位切入；如果你中期强，尽量在对手9级前多入血
5,诺克萨斯 千珏 && 德莱文,3,巨神峰 玛尔扎哈 && 蕾欧娜,,优先选择泛用战力强化（可参考：珠光莲花 I、珠光莲花 II）,根据对手主C位置灵活换边
5,诺克萨斯 千珏 && 德莱文,4,法师 安妮 && 斯维因,日炎斗篷、莫雷洛秘典、红霸符,优先补减疗/重伤与持续作战；若你是中期阵容，优先拿经济/节奏强化抢压制（可参考：DD街区、大百宝袋）,尽量让减疗装备尽早覆盖对手前排；如果你中期强，尽量在对手9级前多入血
5,诺克萨斯 千珏 && 德莱文,6,以绪塔尔 奈德丽 && 斯卡纳,,若你是中期阵容，优先拿经济/节奏强化抢压制（可参考：DD街区、大百宝袋）,如果你中期强，尽量在对手9级前多入血
5,诺克萨斯 千珏 && 德莱文,7,裁决战士 阿狸 && 永恩,日炎斗篷、莫雷洛秘典、红霸符、巨龙之爪、棘刺背心,优先补减疗/重伤与持续作战；优先补保后排、解控与容错（可参考：珠光莲花 I、珠光莲花 II）,尽量让减疗装备尽早覆盖对手前排；主C别贴边单防，避免被对位切入
5,诺克萨斯 千珏 && 德莱文,8,弗雷尔卓德 金克丝 && 瑟庄妮,日炎斗篷、莫雷洛秘典、红霸符、巨龙之爪、棘刺背心,优先补减疗/重伤与持续作战；优先补保后排、解控与容错（可参考：珠光莲花 I、珠光莲花 II）,尽量让减疗装备尽早覆盖对手前排；主C别贴边单防，避免被对位切入
5,诺克萨斯 千珏 && 德莱文,9,约德尔人 吉格斯 && 凯南,,若你是中期阵容，优先拿经济/节奏强化抢压制（可参考：DD街区、大百宝袋）,如果你中期强，尽量在对手9级前多入血
5,诺克萨斯 千珏 && 德莱文,10,德玛西亚 卡莎 && 盖伦,巨人捕手、薄暮法袍、离子火花、强袭者的链枷,优先补破前排、穿透或巨杀类战力；若你是中期阵容，优先拿经济/节奏强化抢压制（可参考：DD街区、大百宝袋）,优先保证主C能持续处理对手前排；如果你中期强，尽量在对手9级前多入血
5,诺克萨斯 千珏 && 德莱文,11,德玛西亚 卡莎 && 盖伦,,若你是中期阵容，优先拿经济/节奏强化抢压制（可参考：DD街区、大百宝袋）,如果你中期强，尽量在对手9级前多入血
5,诺克萨斯 千珏 && 德莱文,12,约德尔人 维迦 && 凯南,,若你是中期阵容，优先拿经济/节奏强化抢压制（可参考：DD街区、大百宝袋）,如果你中期强，尽量在对手9级前多入血
5,诺克萨斯 千珏 && 德莱文,13,弗雷尔卓德 丽桑卓 && 布隆,巨人捕手、薄暮法袍、离子火花、强袭者的链枷,优先补破前排、穿透或巨杀类战力；若你是中期阵容，优先拿经济/节奏强化抢压制（可参考：DD街区、大百宝袋）,优先保证主C能持续处理对手前排；如果你中期强，尽量在对手9级前多入血
5,诺克萨斯 千珏 && 德莱文,14,斗士 巴德 && 赛恩,日炎斗篷、莫雷洛秘典、红霸符,优先补减疗/重伤与持续作战（可参考：珠光莲花 I、珠光莲花 II）,尽量让减疗装备尽早覆盖对手前排
5,诺克萨斯 千珏 && 德莱文,15,德玛西亚 瑞兹 && 塔里克,,若你是中期阵容，优先拿经济/节奏强化抢压制（可参考：DD街区、大百宝袋）,如果你中期强，尽量在对手9级前多入血
5,诺克萨斯 千珏 && 德莱文,16,约德尔人 维迦 && 凯南,日炎斗篷、莫雷洛秘典、红霸符,优先补减疗/重伤与持续作战；若你是中期阵容，优先拿经济/节奏强化抢压制（可参考：DD街区、大百宝袋）,尽量让减疗装备尽早覆盖对手前排；如果你中期强，尽量在对手9级前多入血
5,诺克萨斯 千珏 && 德莱文,17,皮尔特沃夫 海克斯霸龙 && 蔚,日炎斗篷、莫雷洛秘典、红霸符,优先补减疗/重伤与持续作战；若你是中期阵容，优先拿经济/节奏强化抢压制（可参考：DD街区、大百宝袋）,尽量让减疗装备尽早覆盖对手前排；如果你中期强，尽量在对手9级前多入血
5,诺克萨斯 千珏 && 德莱文,18,迅击战士 芸阿娜 && 孙悟空,日炎斗篷、莫雷洛秘典、红霸符、巨龙之爪、棘刺背心,优先补减疗/重伤与持续作战；优先补保后排、解控与容错；若你是中期阵容，优先拿经济/节奏强化抢压制（可参考：DD街区、大百宝袋）,尽量让减疗装备尽早覆盖对手前排；主C别贴边单防，避免被对位切入；如果你中期强，尽量在对手9级前多入血
5,诺克萨斯 千珏 && 德莱文,19,暗影岛 卡莉丝塔 && 锤石,日炎斗篷、莫雷洛秘典、红霸符、巨人捕手、薄暮法袍,优先补减疗/重伤与持续作战；优先补破前排、穿透或巨杀类战力；优先补保后排、解控与容错（可参考：珠光莲花 I、珠光莲花 II）,尽量让减疗装备尽早覆盖对手前排；优先保证主C能持续处理对手前排；主C别贴边单防，避免被对位切入
5,诺克萨斯 千珏 && 德莱文,20,虚空 卡莎 && 峡谷先锋,日炎斗篷、莫雷洛秘典、红霸符,优先补减疗/重伤与持续作战；若你是中期阵容，优先拿经济/节奏强化抢压制（可参考：DD街区、大百宝袋）,尽量让减疗装备尽早覆盖对手前排；如果你中期强，尽量在对手9级前多入血
5,诺克萨斯 千珏 && 德莱文,21,以绪塔尔 巴德 && 妮蔻,,若你是中期阵容，优先拿经济/节奏强化抢压制（可参考：DD街区、大百宝袋）,如果你中期强，尽量在对手9级前多入血
5,诺克萨斯 千珏 && 德莱文,22,巨神峰 奥瑞利安·索尔 && 塔里克,日炎斗篷、莫雷洛秘典、红霸符,优先补减疗/重伤与持续作战；若你是中期阵容，优先拿经济/节奏强化抢压制（可参考：DD街区、大百宝袋）,尽量让减疗装备尽早覆盖对手前排；如果你中期强，尽量在对手9级前多入血
5,诺克萨斯 千珏 && 德莱文,23,神盾使 玛尔扎哈 && 萨勒芬妮,日炎斗篷、莫雷洛秘典、红霸符,优先补减疗/重伤与持续作战（可参考：珠光莲花 I、珠光莲花 II）,尽量让减疗装备尽早覆盖对手前排
5,诺克萨斯 千珏 && 德莱文,24,诺克萨斯 乐芙兰 && 德莱厄斯,巨龙之爪、棘刺背心、水银,优先补保后排、解控与容错（可参考：珠光莲花 I、珠光莲花 II）,主C别贴边单防，避免被对位切入
5,诺克萨斯 千珏 && 德莱文,25,诺克萨斯 卑尔维斯 && 斯维因,巨龙之爪、棘刺背心、水银,优先补保后排、解控与容错（可参考：珠光莲花 I、珠光莲花 II）,主C别贴边单防，避免被对位切入
6,以绪塔尔 奈德丽 && 斯卡纳,1,德玛西亚 薇恩 && 德莱厄斯,日炎斗篷、莫雷洛秘典、红霸符、巨人捕手、薄暮法袍,优先补减疗/重伤与持续作战；优先补破前排、穿透或巨杀类战力；若你是中期阵容，优先拿经济/节奏强化抢压制（可参考：DD街区、大百宝袋）,尽量让减疗装备尽早覆盖对手前排；优先保证主C能持续处理对手前排；如果你中期强，尽量在对手9级前多入血
6,以绪塔尔 奈德丽 && 斯卡纳,2,比尔吉沃特 厄运小姐 && 诺提勒斯,日炎斗篷、莫雷洛秘典、红霸符、巨龙之爪、棘刺背心,优先补减疗/重伤与持续作战；优先补保后排、解控与容错；若你是中期阵容，优先拿经济/节奏强化抢压制（可参考：DD街区、大百宝袋）,尽量让减疗装备尽早覆盖对手前排；主C别贴边单防，避免被对位切入；如果你中期强，尽量在对手9级前多入血
6,以绪塔尔 奈德丽 && 斯卡纳,3,巨神峰 玛尔扎哈 && 蕾欧娜,,优先选择泛用战力强化（可参考：珠光莲花 I、珠光莲花 II）,根据对手主C位置灵活换边
6,以绪塔尔 奈德丽 && 斯卡纳,4,法师 安妮 && 斯维因,日炎斗篷、莫雷洛秘典、红霸符,优先补减疗/重伤与持续作战；若你是中期阵容，优先拿经济/节奏强化抢压制（可参考：DD街区、大百宝袋）,尽量让减疗装备尽早覆盖对手前排；如果你中期强，尽量在对手9级前多入血
6,以绪塔尔 奈德丽 && 斯卡纳,5,诺克萨斯 千珏 && 德莱文,日炎斗篷、莫雷洛秘典、红霸符、巨人捕手、薄暮法袍,优先补减疗/重伤与持续作战；优先补破前排、穿透或巨杀类战力；优先补保后排、解控与容错（可参考：珠光莲花 I、珠光莲花 II）,尽量让减疗装备尽早覆盖对手前排；优先保证主C能持续处理对手前排；主C别贴边单防，避免被对位切入
6,以绪塔尔 奈德丽 && 斯卡纳,7,裁决战士 阿狸 && 永恩,日炎斗篷、莫雷洛秘典、红霸符、巨龙之爪、棘刺背心,优先补减疗/重伤与持续作战；优先补保后排、解控与容错（可参考：珠光莲花 I、珠光莲花 II）,尽量让减疗装备尽早覆盖对手前排；主C别贴边单防，避免被对位切入
6,以绪塔尔 奈德丽 && 斯卡纳,8,弗雷尔卓德 金克丝 && 瑟庄妮,日炎斗篷、莫雷洛秘典、红霸符、巨龙之爪、棘刺背心,优先补减疗/重伤与持续作战；优先补保后排、解控与容错（可参考：珠光莲花 I、珠光莲花 II）,尽量让减疗装备尽早覆盖对手前排；主C别贴边单防，避免被对位切入
6,以绪塔尔 奈德丽 && 斯卡纳,9,约德尔人 吉格斯 && 凯南,,若你是中期阵容，优先拿经济/节奏强化抢压制（可参考：DD街区、大百宝袋）,如果你中期强，尽量在对手9级前多入血
6,以绪塔尔 奈德丽 && 斯卡纳,10,德玛西亚 卡莎 && 盖伦,巨人捕手、薄暮法袍、离子火花、强袭者的链枷,优先补破前排、穿透或巨杀类战力；若你是中期阵容，优先拿经济/节奏强化抢压制（可参考：DD街区、大百宝袋）,优先保证主C能持续处理对手前排；如果你中期强，尽量在对手9级前多入血
6,以绪塔尔 奈德丽 && 斯卡纳,11,德玛西亚 卡莎 && 盖伦,,若你是中期阵容，优先拿经济/节奏强化抢压制（可参考：DD街区、大百宝袋）,如果你中期强，尽量在对手9级前多入血
6,以绪塔尔 奈德丽 && 斯卡纳,12,约德尔人 维迦 && 凯南,,若你是中期阵容，优先拿经济/节奏强化抢压制（可参考：DD街区、大百宝袋）,如果你中期强，尽量在对手9级前多入血
6,以绪塔尔 奈德丽 && 斯卡纳,13,弗雷尔卓德 丽桑卓 && 布隆,巨人捕手、薄暮法袍、离子火花、强袭者的链枷,优先补破前排、穿透或巨杀类战力；若你是中期阵容，优先拿经济/节奏强化抢压制（可参考：DD街区、大百宝袋）,优先保证主C能持续处理对手前排；如果你中期强，尽量在对手9级前多入血
6,以绪塔尔 奈德丽 && 斯卡纳,14,斗士 巴德 && 赛恩,日炎斗篷、莫雷洛秘典、红霸符,优先补减疗/重伤与持续作战（可参考：珠光莲花 I、珠光莲花 II）,尽量让减疗装备尽早覆盖对手前排
6,以绪塔尔 奈德丽 && 斯卡纳,15,德玛西亚 瑞兹 && 塔里克,,若你是中期阵容，优先拿经济/节奏强化抢压制（可参考：DD街区、大百宝袋）,如果你中期强，尽量在对手9级前多入血
6,以绪塔尔 奈德丽 && 斯卡纳,16,约德尔人 维迦 && 凯南,日炎斗篷、莫雷洛秘典、红霸符,优先补减疗/重伤与持续作战；若你是中期阵容，优先拿经济/节奏强化抢压制（可参考：DD街区、大百宝袋）,尽量让减疗装备尽早覆盖对手前排；如果你中期强，尽量在对手9级前多入血
6,以绪塔尔 奈德丽 && 斯卡纳,17,皮尔特沃夫 海克斯霸龙 && 蔚,日炎斗篷、莫雷洛秘典、红霸符,优先补减疗/重伤与持续作战；若你是中期阵容，优先拿经济/节奏强化抢压制（可参考：DD街区、大百宝袋）,尽量让减疗装备尽早覆盖对手前排；如果你中期强，尽量在对手9级前多入血
6,以绪塔尔 奈德丽 && 斯卡纳,18,迅击战士 芸阿娜 && 孙悟空,日炎斗篷、莫雷洛秘典、红霸符、巨龙之爪、棘刺背心,优先补减疗/重伤与持续作战；优先补保后排、解控与容错；若你是中期阵容，优先拿经济/节奏强化抢压制（可参考：DD街区、大百宝袋）,尽量让减疗装备尽早覆盖对手前排；主C别贴边单防，避免被对位切入；如果你中期强，尽量在对手9级前多入血
6,以绪塔尔 奈德丽 && 斯卡纳,19,暗影岛 卡莉丝塔 && 锤石,日炎斗篷、莫雷洛秘典、红霸符、巨人捕手、薄暮法袍,优先补减疗/重伤与持续作战；优先补破前排、穿透或巨杀类战力；优先补保后排、解控与容错（可参考：珠光莲花 I、珠光莲花 II）,尽量让减疗装备尽早覆盖对手前排；优先保证主C能持续处理对手前排；主C别贴边单防，避免被对位切入
6,以绪塔尔 奈德丽 && 斯卡纳,20,虚空 卡莎 && 峡谷先锋,日炎斗篷、莫雷洛秘典、红霸符,优先补减疗/重伤与持续作战；若你是中期阵容，优先拿经济/节奏强化抢压制（可参考：DD街区、大百宝袋）,尽量让减疗装备尽早覆盖对手前排；如果你中期强，尽量在对手9级前多入血
6,以绪塔尔 奈德丽 && 斯卡纳,21,以绪塔尔 巴德 && 妮蔻,,若你是中期阵容，优先拿经济/节奏强化抢压制（可参考：DD街区、大百宝袋）,如果你中期强，尽量在对手9级前多入血
6,以绪塔尔 奈德丽 && 斯卡纳,22,巨神峰 奥瑞利安·索尔 && 塔里克,日炎斗篷、莫雷洛秘典、红霸符,优先补减疗/重伤与持续作战；若你是中期阵容，优先拿经济/节奏强化抢压制（可参考：DD街区、大百宝袋）,尽量让减疗装备尽早覆盖对手前排；如果你中期强，尽量在对手9级前多入血
6,以绪塔尔 奈德丽 && 斯卡纳,23,神盾使 玛尔扎哈 && 萨勒芬妮,日炎斗篷、莫雷洛秘典、红霸符,优先补减疗/重伤与持续作战（可参考：珠光莲花 I、珠光莲花 II）,尽量让减疗装备尽早覆盖对手前排
6,以绪塔尔 奈德丽 && 斯卡纳,24,诺克萨斯 乐芙兰 && 德莱厄斯,巨龙之爪、棘刺背心、水银,优先补保后排、解控与容错（可参考：珠光莲花 I、珠光莲花 II）,主C别贴边单防，避免被对位切入
6,以绪塔尔 奈德丽 && 斯卡纳,25,诺克萨斯 卑尔维斯 && 斯维因,巨龙之爪、棘刺背心、水银,优先补保后排、解控与容错（可参考：珠光莲花 I、珠光莲花 II）,主C别贴边单防，避免被对位切入
7,裁决战士 阿狸 && 永恩,1,德玛西亚 薇恩 && 德莱厄斯,日炎斗篷、莫雷洛秘典、红霸符、巨人捕手、薄暮法袍,优先补减疗/重伤与持续作战；优先补破前排、穿透或巨杀类战力；若你是中期阵容，优先拿经济/节奏强化抢压制（可参考：DD街区、大百宝袋）,尽量让减疗装备尽早覆盖对手前排；优先保证主C能持续处理对手前排；如果你中期强，尽量在对手9级前多入血
7,裁决战士 阿狸 && 永恩,2,比尔吉沃特 厄运小姐 && 诺提勒斯,日炎斗篷、莫雷洛秘典、红霸符、巨龙之爪、棘刺背心,优先补减疗/重伤与持续作战；优先补保后排、解控与容错；若你是中期阵容，优先拿经济/节奏强化抢压制（可参考：DD街区、大百宝袋）,尽量让减疗装备尽早覆盖对手前排；主C别贴边单防，避免被对位切入；如果你中期强，尽量在对手9级前多入血
7,裁决战士 阿狸 && 永恩,3,巨神峰 玛尔扎哈 && 蕾欧娜,,优先选择泛用战力强化（可参考：珠光莲花 I、珠光莲花 II）,根据对手主C位置灵活换边
7,裁决战士 阿狸 && 永恩,4,法师 安妮 && 斯维因,日炎斗篷、莫雷洛秘典、红霸符,优先补减疗/重伤与持续作战；若你是中期阵容，优先拿经济/节奏强化抢压制（可参考：DD街区、大百宝袋）,尽量让减疗装备尽早覆盖对手前排；如果你中期强，尽量在对手9级前多入血
7,裁决战士 阿狸 && 永恩,5,诺克萨斯 千珏 && 德莱文,日炎斗篷、莫雷洛秘典、红霸符、巨人捕手、薄暮法袍,优先补减疗/重伤与持续作战；优先补破前排、穿透或巨杀类战力；优先补保后排、解控与容错（可参考：珠光莲花 I、珠光莲花 II）,尽量让减疗装备尽早覆盖对手前排；优先保证主C能持续处理对手前排；主C别贴边单防，避免被对位切入
7,裁决战士 阿狸 && 永恩,6,以绪塔尔 奈德丽 && 斯卡纳,,若你是中期阵容，优先拿经济/节奏强化抢压制（可参考：DD街区、大百宝袋）,如果你中期强，尽量在对手9级前多入血
7,裁决战士 阿狸 && 永恩,8,弗雷尔卓德 金克丝 && 瑟庄妮,日炎斗篷、莫雷洛秘典、红霸符、巨龙之爪、棘刺背心,优先补减疗/重伤与持续作战；优先补保后排、解控与容错（可参考：珠光莲花 I、珠光莲花 II）,尽量让减疗装备尽早覆盖对手前排；主C别贴边单防，避免被对位切入
7,裁决战士 阿狸 && 永恩,9,约德尔人 吉格斯 && 凯南,,若你是中期阵容，优先拿经济/节奏强化抢压制（可参考：DD街区、大百宝袋）,如果你中期强，尽量在对手9级前多入血
7,裁决战士 阿狸 && 永恩,10,德玛西亚 卡莎 && 盖伦,巨人捕手、薄暮法袍、离子火花、强袭者的链枷,优先补破前排、穿透或巨杀类战力；若你是中期阵容，优先拿经济/节奏强化抢压制（可参考：DD街区、大百宝袋）,优先保证主C能持续处理对手前排；如果你中期强，尽量在对手9级前多入血
7,裁决战士 阿狸 && 永恩,11,德玛西亚 卡莎 && 盖伦,,若你是中期阵容，优先拿经济/节奏强化抢压制（可参考：DD街区、大百宝袋）,如果你中期强，尽量在对手9级前多入血
7,裁决战士 阿狸 && 永恩,12,约德尔人 维迦 && 凯南,,若你是中期阵容，优先拿经济/节奏强化抢压制（可参考：DD街区、大百宝袋）,如果你中期强，尽量在对手9级前多入血
7,裁决战士 阿狸 && 永恩,13,弗雷尔卓德 丽桑卓 && 布隆,巨人捕手、薄暮法袍、离子火花、强袭者的链枷,优先补破前排、穿透或巨杀类战力；若你是中期阵容，优先拿经济/节奏强化抢压制（可参考：DD街区、大百宝袋）,优先保证主C能持续处理对手前排；如果你中期强，尽量在对手9级前多入血
7,裁决战士 阿狸 && 永恩,14,斗士 巴德 && 赛恩,日炎斗篷、莫雷洛秘典、红霸符,优先补减疗/重伤与持续作战（可参考：珠光莲花 I、珠光莲花 II）,尽量让减疗装备尽早覆盖对手前排
7,裁决战士 阿狸 && 永恩,15,德玛西亚 瑞兹 && 塔里克,,若你是中期阵容，优先拿经济/节奏强化抢压制（可参考：DD街区、大百宝袋）,如果你中期强，尽量在对手9级前多入血
7,裁决战士 阿狸 && 永恩,16,约德尔人 维迦 && 凯南,日炎斗篷、莫雷洛秘典、红霸符,优先补减疗/重伤与持续作战；若你是中期阵容，优先拿经济/节奏强化抢压制（可参考：DD街区、大百宝袋）,尽量让减疗装备尽早覆盖对手前排；如果你中期强，尽量在对手9级前多入血
7,裁决战士 阿狸 && 永恩,17,皮尔特沃夫 海克斯霸龙 && 蔚,日炎斗篷、莫雷洛秘典、红霸符,优先补减疗/重伤与持续作战；若你是中期阵容，优先拿经济/节奏强化抢压制（可参考：DD街区、大百宝袋）,尽量让减疗装备尽早覆盖对手前排；如果你中期强，尽量在对手9级前多入血
7,裁决战士 阿狸 && 永恩,18,迅击战士 芸阿娜 && 孙悟空,日炎斗篷、莫雷洛秘典、红霸符、巨龙之爪、棘刺背心,优先补减疗/重伤与持续作战；优先补保后排、解控与容错；若你是中期阵容，优先拿经济/节奏强化抢压制（可参考：DD街区、大百宝袋）,尽量让减疗装备尽早覆盖对手前排；主C别贴边单防，避免被对位切入；如果你中期强，尽量在对手9级前多入血
7,裁决战士 阿狸 && 永恩,19,暗影岛 卡莉丝塔 && 锤石,日炎斗篷、莫雷洛秘典、红霸符、巨人捕手、薄暮法袍,优先补减疗/重伤与持续作战；优先补破前排、穿透或巨杀类战力；优先补保后排、解控与容错（可参考：珠光莲花 I、珠光莲花 II）,尽量让减疗装备尽早覆盖对手前排；优先保证主C能持续处理对手前排；主C别贴边单防，避免被对位切入
7,裁决战士 阿狸 && 永恩,20,虚空 卡莎 && 峡谷先锋,日炎斗篷、莫雷洛秘典、红霸符,优先补减疗/重伤与持续作战；若你是中期阵容，优先拿经济/节奏强化抢压制（可参考：DD街区、大百宝袋）,尽量让减疗装备尽早覆盖对手前排；如果你中期强，尽量在对手9级前多入血
7,裁决战士 阿狸 && 永恩,21,以绪塔尔 巴德 && 妮蔻,,若你是中期阵容，优先拿经济/节奏强化抢压制（可参考：DD街区、大百宝袋）,如果你中期强，尽量在对手9级前多入血
7,裁决战士 阿狸 && 永恩,22,巨神峰 奥瑞利安·索尔 && 塔里克,日炎斗篷、莫雷洛秘典、红霸符,优先补减疗/重伤与持续作战；若你是中期阵容，优先拿经济/节奏强化抢压制（可参考：DD街区、大百宝袋）,尽量让减疗装备尽早覆盖对手前排；如果你中期强，尽量在对手9级前多入血
7,裁决战士 阿狸 && 永恩,23,神盾使 玛尔扎哈 && 萨勒芬妮,日炎斗篷、莫雷洛秘典、红霸符,优先补减疗/重伤与持续作战（可参考：珠光莲花 I、珠光莲花 II）,尽量让减疗装备尽早覆盖对手前排
7,裁决战士 阿狸 && 永恩,24,诺克萨斯 乐芙兰 && 德莱厄斯,巨龙之爪、棘刺背心、水银,优先补保后排、解控与容错（可参考：珠光莲花 I、珠光莲花 II）,主C别贴边单防，避免被对位切入
7,裁决战士 阿狸 && 永恩,25,诺克萨斯 卑尔维斯 && 斯维因,巨龙之爪、棘刺背心、水银,优先补保后排、解控与容错（可参考：珠光莲花 I、珠光莲花 II）,主C别贴边单防，避免被对位切入
8,弗雷尔卓德 金克丝 && 瑟庄妮,1,德玛西亚 薇恩 && 德莱厄斯,日炎斗篷、莫雷洛秘典、红霸符、巨人捕手、薄暮法袍,优先补减疗/重伤与持续作战；优先补破前排、穿透或巨杀类战力；若你是中期阵容，优先拿经济/节奏强化抢压制（可参考：DD街区、大百宝袋）,尽量让减疗装备尽早覆盖对手前排；优先保证主C能持续处理对手前排；如果你中期强，尽量在对手9级前多入血
8,弗雷尔卓德 金克丝 && 瑟庄妮,2,比尔吉沃特 厄运小姐 && 诺提勒斯,日炎斗篷、莫雷洛秘典、红霸符、巨龙之爪、棘刺背心,优先补减疗/重伤与持续作战；优先补保后排、解控与容错；若你是中期阵容，优先拿经济/节奏强化抢压制（可参考：DD街区、大百宝袋）,尽量让减疗装备尽早覆盖对手前排；主C别贴边单防，避免被对位切入；如果你中期强，尽量在对手9级前多入血
8,弗雷尔卓德 金克丝 && 瑟庄妮,3,巨神峰 玛尔扎哈 && 蕾欧娜,,优先选择泛用战力强化（可参考：珠光莲花 I、珠光莲花 II）,根据对手主C位置灵活换边
8,弗雷尔卓德 金克丝 && 瑟庄妮,4,法师 安妮 && 斯维因,日炎斗篷、莫雷洛秘典、红霸符,优先补减疗/重伤与持续作战；若你是中期阵容，优先拿经济/节奏强化抢压制（可参考：DD街区、大百宝袋）,尽量让减疗装备尽早覆盖对手前排；如果你中期强，尽量在对手9级前多入血
8,弗雷尔卓德 金克丝 && 瑟庄妮,5,诺克萨斯 千珏 && 德莱文,日炎斗篷、莫雷洛秘典、红霸符、巨人捕手、薄暮法袍,优先补减疗/重伤与持续作战；优先补破前排、穿透或巨杀类战力；优先补保后排、解控与容错（可参考：珠光莲花 I、珠光莲花 II）,尽量让减疗装备尽早覆盖对手前排；优先保证主C能持续处理对手前排；主C别贴边单防，避免被对位切入
8,弗雷尔卓德 金克丝 && 瑟庄妮,6,以绪塔尔 奈德丽 && 斯卡纳,,若你是中期阵容，优先拿经济/节奏强化抢压制（可参考：DD街区、大百宝袋）,如果你中期强，尽量在对手9级前多入血
8,弗雷尔卓德 金克丝 && 瑟庄妮,7,裁决战士 阿狸 && 永恩,日炎斗篷、莫雷洛秘典、红霸符、巨龙之爪、棘刺背心,优先补减疗/重伤与持续作战；优先补保后排、解控与容错（可参考：珠光莲花 I、珠光莲花 II）,尽量让减疗装备尽早覆盖对手前排；主C别贴边单防，避免被对位切入
8,弗雷尔卓德 金克丝 && 瑟庄妮,9,约德尔人 吉格斯 && 凯南,,若你是中期阵容，优先拿经济/节奏强化抢压制（可参考：DD街区、大百宝袋）,如果你中期强，尽量在对手9级前多入血
8,弗雷尔卓德 金克丝 && 瑟庄妮,10,德玛西亚 卡莎 && 盖伦,巨人捕手、薄暮法袍、离子火花、强袭者的链枷,优先补破前排、穿透或巨杀类战力；若你是中期阵容，优先拿经济/节奏强化抢压制（可参考：DD街区、大百宝袋）,优先保证主C能持续处理对手前排；如果你中期强，尽量在对手9级前多入血
8,弗雷尔卓德 金克丝 && 瑟庄妮,11,德玛西亚 卡莎 && 盖伦,,若你是中期阵容，优先拿经济/节奏强化抢压制（可参考：DD街区、大百宝袋）,如果你中期强，尽量在对手9级前多入血
8,弗雷尔卓德 金克丝 && 瑟庄妮,12,约德尔人 维迦 && 凯南,,若你是中期阵容，优先拿经济/节奏强化抢压制（可参考：DD街区、大百宝袋）,如果你中期强，尽量在对手9级前多入血
8,弗雷尔卓德 金克丝 && 瑟庄妮,13,弗雷尔卓德 丽桑卓 && 布隆,巨人捕手、薄暮法袍、离子火花、强袭者的链枷,优先补破前排、穿透或巨杀类战力；若你是中期阵容，优先拿经济/节奏强化抢压制（可参考：DD街区、大百宝袋）,优先保证主C能持续处理对手前排；如果你中期强，尽量在对手9级前多入血
8,弗雷尔卓德 金克丝 && 瑟庄妮,14,斗士 巴德 && 赛恩,日炎斗篷、莫雷洛秘典、红霸符,优先补减疗/重伤与持续作战（可参考：珠光莲花 I、珠光莲花 II）,尽量让减疗装备尽早覆盖对手前排
8,弗雷尔卓德 金克丝 && 瑟庄妮,15,德玛西亚 瑞兹 && 塔里克,,若你是中期阵容，优先拿经济/节奏强化抢压制（可参考：DD街区、大百宝袋）,如果你中期强，尽量在对手9级前多入血
8,弗雷尔卓德 金克丝 && 瑟庄妮,16,约德尔人 维迦 && 凯南,日炎斗篷、莫雷洛秘典、红霸符,优先补减疗/重伤与持续作战；若你是中期阵容，优先拿经济/节奏强化抢压制（可参考：DD街区、大百宝袋）,尽量让减疗装备尽早覆盖对手前排；如果你中期强，尽量在对手9级前多入血
8,弗雷尔卓德 金克丝 && 瑟庄妮,17,皮尔特沃夫 海克斯霸龙 && 蔚,日炎斗篷、莫雷洛秘典、红霸符,优先补减疗/重伤与持续作战；若你是中期阵容，优先拿经济/节奏强化抢压制（可参考：DD街区、大百宝袋）,尽量让减疗装备尽早覆盖对手前排；如果你中期强，尽量在对手9级前多入血
8,弗雷尔卓德 金克丝 && 瑟庄妮,18,迅击战士 芸阿娜 && 孙悟空,日炎斗篷、莫雷洛秘典、红霸符、巨龙之爪、棘刺背心,优先补减疗/重伤与持续作战；优先补保后排、解控与容错；若你是中期阵容，优先拿经济/节奏强化抢压制（可参考：DD街区、大百宝袋）,尽量让减疗装备尽早覆盖对手前排；主C别贴边单防，避免被对位切入；如果你中期强，尽量在对手9级前多入血
8,弗雷尔卓德 金克丝 && 瑟庄妮,19,暗影岛 卡莉丝塔 && 锤石,日炎斗篷、莫雷洛秘典、红霸符、巨人捕手、薄暮法袍,优先补减疗/重伤与持续作战；优先补破前排、穿透或巨杀类战力；优先补保后排、解控与容错（可参考：珠光莲花 I、珠光莲花 II）,尽量让减疗装备尽早覆盖对手前排；优先保证主C能持续处理对手前排；主C别贴边单防，避免被对位切入
8,弗雷尔卓德 金克丝 && 瑟庄妮,20,虚空 卡莎 && 峡谷先锋,日炎斗篷、莫雷洛秘典、红霸符,优先补减疗/重伤与持续作战；若你是中期阵容，优先拿经济/节奏强化抢压制（可参考：DD街区、大百宝袋）,尽量让减疗装备尽早覆盖对手前排；如果你中期强，尽量在对手9级前多入血
8,弗雷尔卓德 金克丝 && 瑟庄妮,21,以绪塔尔 巴德 && 妮蔻,,若你是中期阵容，优先拿经济/节奏强化抢压制（可参考：DD街区、大百宝袋）,如果你中期强，尽量在对手9级前多入血
8,弗雷尔卓德 金克丝 && 瑟庄妮,22,巨神峰 奥瑞利安·索尔 && 塔里克,日炎斗篷、莫雷洛秘典、红霸符,优先补减疗/重伤与持续作战；若你是中期阵容，优先拿经济/节奏强化抢压制（可参考：DD街区、大百宝袋）,尽量让减疗装备尽早覆盖对手前排；如果你中期强，尽量在对手9级前多入血
8,弗雷尔卓德 金克丝 && 瑟庄妮,23,神盾使 玛尔扎哈 && 萨勒芬妮,日炎斗篷、莫雷洛秘典、红霸符,优先补减疗/重伤与持续作战（可参考：珠光莲花 I、珠光莲花 II）,尽量让减疗装备尽早覆盖对手前排
8,弗雷尔卓德 金克丝 && 瑟庄妮,24,诺克萨斯 乐芙兰 && 德莱厄斯,巨龙之爪、棘刺背心、水银,优先补保后排、解控与容错（可参考：珠光莲花 I、珠光莲花 II）,主C别贴边单防，避免被对位切入
8,弗雷尔卓德 金克丝 && 瑟庄妮,25,诺克萨斯 卑尔维斯 && 斯维因,巨龙之爪、棘刺背心、水银,优先补保后排、解控与容错（可参考：珠光莲花 I、珠光莲花 II）,主C别贴边单防，避免被对位切入
9,约德尔人 吉格斯 && 凯南,1,德玛西亚 薇恩 && 德莱厄斯,日炎斗篷、莫雷洛秘典、红霸符、巨人捕手、薄暮法袍,优先补减疗/重伤与持续作战；优先补破前排、穿透或巨杀类战力；若你是中期阵容，优先拿经济/节奏强化抢压制（可参考：DD街区、大百宝袋）,尽量让减疗装备尽早覆盖对手前排；优先保证主C能持续处理对手前排；如果你中期强，尽量在对手9级前多入血
9,约德尔人 吉格斯 && 凯南,2,比尔吉沃特 厄运小姐 && 诺提勒斯,日炎斗篷、莫雷洛秘典、红霸符、巨龙之爪、棘刺背心,优先补减疗/重伤与持续作战；优先补保后排、解控与容错；若你是中期阵容，优先拿经济/节奏强化抢压制（可参考：DD街区、大百宝袋）,尽量让减疗装备尽早覆盖对手前排；主C别贴边单防，避免被对位切入；如果你中期强，尽量在对手9级前多入血
9,约德尔人 吉格斯 && 凯南,3,巨神峰 玛尔扎哈 && 蕾欧娜,,优先选择泛用战力强化（可参考：珠光莲花 I、珠光莲花 II）,根据对手主C位置灵活换边
9,约德尔人 吉格斯 && 凯南,4,法师 安妮 && 斯维因,日炎斗篷、莫雷洛秘典、红霸符,优先补减疗/重伤与持续作战；若你是中期阵容，优先拿经济/节奏强化抢压制（可参考：DD街区、大百宝袋）,尽量让减疗装备尽早覆盖对手前排；如果你中期强，尽量在对手9级前多入血
9,约德尔人 吉格斯 && 凯南,5,诺克萨斯 千珏 && 德莱文,日炎斗篷、莫雷洛秘典、红霸符、巨人捕手、薄暮法袍,优先补减疗/重伤与持续作战；优先补破前排、穿透或巨杀类战力；优先补保后排、解控与容错（可参考：珠光莲花 I、珠光莲花 II）,尽量让减疗装备尽早覆盖对手前排；优先保证主C能持续处理对手前排；主C别贴边单防，避免被对位切入
9,约德尔人 吉格斯 && 凯南,6,以绪塔尔 奈德丽 && 斯卡纳,,若你是中期阵容，优先拿经济/节奏强化抢压制（可参考：DD街区、大百宝袋）,如果你中期强，尽量在对手9级前多入血
9,约德尔人 吉格斯 && 凯南,7,裁决战士 阿狸 && 永恩,日炎斗篷、莫雷洛秘典、红霸符、巨龙之爪、棘刺背心,优先补减疗/重伤与持续作战；优先补保后排、解控与容错（可参考：珠光莲花 I、珠光莲花 II）,尽量让减疗装备尽早覆盖对手前排；主C别贴边单防，避免被对位切入
9,约德尔人 吉格斯 && 凯南,8,弗雷尔卓德 金克丝 && 瑟庄妮,日炎斗篷、莫雷洛秘典、红霸符、巨龙之爪、棘刺背心,优先补减疗/重伤与持续作战；优先补保后排、解控与容错（可参考：珠光莲花 I、珠光莲花 II）,尽量让减疗装备尽早覆盖对手前排；主C别贴边单防，避免被对位切入
9,约德尔人 吉格斯 && 凯南,10,德玛西亚 卡莎 && 盖伦,巨人捕手、薄暮法袍、离子火花、强袭者的链枷,优先补破前排、穿透或巨杀类战力；若你是中期阵容，优先拿经济/节奏强化抢压制（可参考：DD街区、大百宝袋）,优先保证主C能持续处理对手前排；如果你中期强，尽量在对手9级前多入血
9,约德尔人 吉格斯 && 凯南,11,德玛西亚 卡莎 && 盖伦,,若你是中期阵容，优先拿经济/节奏强化抢压制（可参考：DD街区、大百宝袋）,如果你中期强，尽量在对手9级前多入血
9,约德尔人 吉格斯 && 凯南,12,约德尔人 维迦 && 凯南,,若你是中期阵容，优先拿经济/节奏强化抢压制（可参考：DD街区、大百宝袋）,如果你中期强，尽量在对手9级前多入血
9,约德尔人 吉格斯 && 凯南,13,弗雷尔卓德 丽桑卓 && 布隆,巨人捕手、薄暮法袍、离子火花、强袭者的链枷,优先补破前排、穿透或巨杀类战力；若你是中期阵容，优先拿经济/节奏强化抢压制（可参考：DD街区、大百宝袋）,优先保证主C能持续处理对手前排；如果你中期强，尽量在对手9级前多入血
9,约德尔人 吉格斯 && 凯南,14,斗士 巴德 && 赛恩,日炎斗篷、莫雷洛秘典、红霸符,优先补减疗/重伤与持续作战（可参考：珠光莲花 I、珠光莲花 II）,尽量让减疗装备尽早覆盖对手前排
9,约德尔人 吉格斯 && 凯南,15,德玛西亚 瑞兹 && 塔里克,,若你是中期阵容，优先拿经济/节奏强化抢压制（可参考：DD街区、大百宝袋）,如果你中期强，尽量在对手9级前多入血
9,约德尔人 吉格斯 && 凯南,16,约德尔人 维迦 && 凯南,日炎斗篷、莫雷洛秘典、红霸符,优先补减疗/重伤与持续作战；若你是中期阵容，优先拿经济/节奏强化抢压制（可参考：DD街区、大百宝袋）,尽量让减疗装备尽早覆盖对手前排；如果你中期强，尽量在对手9级前多入血
9,约德尔人 吉格斯 && 凯南,17,皮尔特沃夫 海克斯霸龙 && 蔚,日炎斗篷、莫雷洛秘典、红霸符,优先补减疗/重伤与持续作战；若你是中期阵容，优先拿经济/节奏强化抢压制（可参考：DD街区、大百宝袋）,尽量让减疗装备尽早覆盖对手前排；如果你中期强，尽量在对手9级前多入血
9,约德尔人 吉格斯 && 凯南,18,迅击战士 芸阿娜 && 孙悟空,日炎斗篷、莫雷洛秘典、红霸符、巨龙之爪、棘刺背心,优先补减疗/重伤与持续作战；优先补保后排、解控与容错；若你是中期阵容，优先拿经济/节奏强化抢压制（可参考：DD街区、大百宝袋）,尽量让减疗装备尽早覆盖对手前排；主C别贴边单防，避免被对位切入；如果你中期强，尽量在对手9级前多入血
9,约德尔人 吉格斯 && 凯南,19,暗影岛 卡莉丝塔 && 锤石,日炎斗篷、莫雷洛秘典、红霸符、巨人捕手、薄暮法袍,优先补减疗/重伤与持续作战；优先补破前排、穿透或巨杀类战力；优先补保后排、解控与容错（可参考：珠光莲花 I、珠光莲花 II）,尽量让减疗装备尽早覆盖对手前排；优先保证主C能持续处理对手前排；主C别贴边单防，避免被对位切入
9,约德尔人 吉格斯 && 凯南,20,虚空 卡莎 && 峡谷先锋,日炎斗篷、莫雷洛秘典、红霸符,优先补减疗/重伤与持续作战；若你是中期阵容，优先拿经济/节奏强化抢压制（可参考：DD街区、大百宝袋）,尽量让减疗装备尽早覆盖对手前排；如果你中期强，尽量在对手9级前多入血
9,约德尔人 吉格斯 && 凯南,21,以绪塔尔 巴德 && 妮蔻,,若你是中期阵容，优先拿经济/节奏强化抢压制（可参考：DD街区、大百宝袋）,如果你中期强，尽量在对手9级前多入血
9,约德尔人 吉格斯 && 凯南,22,巨神峰 奥瑞利安·索尔 && 塔里克,日炎斗篷、莫雷洛秘典、红霸符,优先补减疗/重伤与持续作战；若你是中期阵容，优先拿经济/节奏强化抢压制（可参考：DD街区、大百宝袋）,尽量让减疗装备尽早覆盖对手前排；如果你中期强，尽量在对手9级前多入血
9,约德尔人 吉格斯 && 凯南,23,神盾使 玛尔扎哈 && 萨勒芬妮,日炎斗篷、莫雷洛秘典、红霸符,优先补减疗/重伤与持续作战（可参考：珠光莲花 I、珠光莲花 II）,尽量让减疗装备尽早覆盖对手前排
9,约德尔人 吉格斯 && 凯南,24,诺克萨斯 乐芙兰 && 德莱厄斯,巨龙之爪、棘刺背心、水银,优先补保后排、解控与容错（可参考：珠光莲花 I、珠光莲花 II）,主C别贴边单防，避免被对位切入
9,约德尔人 吉格斯 && 凯南,25,诺克萨斯 卑尔维斯 && 斯维因,巨龙之爪、棘刺背心、水银,优先补保后排、解控与容错（可参考：珠光莲花 I、珠光莲花 II）,主C别贴边单防，避免被对位切入
10,德玛西亚 卡莎 && 盖伦,1,德玛西亚 薇恩 && 德莱厄斯,日炎斗篷、莫雷洛秘典、红霸符、巨人捕手、薄暮法袍,优先补减疗/重伤与持续作战；优先补破前排、穿透或巨杀类战力；若你是中期阵容，优先拿经济/节奏强化抢压制（可参考：DD街区、大百宝袋）,尽量让减疗装备尽早覆盖对手前排；优先保证主C能持续处理对手前排；如果你中期强，尽量在对手9级前多入血
10,德玛西亚 卡莎 && 盖伦,2,比尔吉沃特 厄运小姐 && 诺提勒斯,日炎斗篷、莫雷洛秘典、红霸符、巨龙之爪、棘刺背心,优先补减疗/重伤与持续作战；优先补保后排、解控与容错；若你是中期阵容，优先拿经济/节奏强化抢压制（可参考：DD街区、大百宝袋）,尽量让减疗装备尽早覆盖对手前排；主C别贴边单防，避免被对位切入；如果你中期强，尽量在对手9级前多入血
10,德玛西亚 卡莎 && 盖伦,3,巨神峰 玛尔扎哈 && 蕾欧娜,,优先选择泛用战力强化（可参考：珠光莲花 I、珠光莲花 II）,根据对手主C位置灵活换边
10,德玛西亚 卡莎 && 盖伦,4,法师 安妮 && 斯维因,日炎斗篷、莫雷洛秘典、红霸符,优先补减疗/重伤与持续作战；若你是中期阵容，优先拿经济/节奏强化抢压制（可参考：DD街区、大百宝袋）,尽量让减疗装备尽早覆盖对手前排；如果你中期强，尽量在对手9级前多入血
10,德玛西亚 卡莎 && 盖伦,5,诺克萨斯 千珏 && 德莱文,日炎斗篷、莫雷洛秘典、红霸符、巨人捕手、薄暮法袍,优先补减疗/重伤与持续作战；优先补破前排、穿透或巨杀类战力；优先补保后排、解控与容错（可参考：珠光莲花 I、珠光莲花 II）,尽量让减疗装备尽早覆盖对手前排；优先保证主C能持续处理对手前排；主C别贴边单防，避免被对位切入
10,德玛西亚 卡莎 && 盖伦,6,以绪塔尔 奈德丽 && 斯卡纳,,若你是中期阵容，优先拿经济/节奏强化抢压制（可参考：DD街区、大百宝袋）,如果你中期强，尽量在对手9级前多入血
10,德玛西亚 卡莎 && 盖伦,7,裁决战士 阿狸 && 永恩,日炎斗篷、莫雷洛秘典、红霸符、巨龙之爪、棘刺背心,优先补减疗/重伤与持续作战；优先补保后排、解控与容错（可参考：珠光莲花 I、珠光莲花 II）,尽量让减疗装备尽早覆盖对手前排；主C别贴边单防，避免被对位切入
10,德玛西亚 卡莎 && 盖伦,8,弗雷尔卓德 金克丝 && 瑟庄妮,日炎斗篷、莫雷洛秘典、红霸符、巨龙之爪、棘刺背心,优先补减疗/重伤与持续作战；优先补保后排、解控与容错（可参考：珠光莲花 I、珠光莲花 II）,尽量让减疗装备尽早覆盖对手前排；主C别贴边单防，避免被对位切入
10,德玛西亚 卡莎 && 盖伦,9,约德尔人 吉格斯 && 凯南,,若你是中期阵容，优先拿经济/节奏强化抢压制（可参考：DD街区、大百宝袋）,如果你中期强，尽量在对手9级前多入血
10,德玛西亚 卡莎 && 盖伦,11,德玛西亚 卡莎 && 盖伦,,若你是中期阵容，优先拿经济/节奏强化抢压制（可参考：DD街区、大百宝袋）,如果你中期强，尽量在对手9级前多入血
10,德玛西亚 卡莎 && 盖伦,12,约德尔人 维迦 && 凯南,,若你是中期阵容，优先拿经济/节奏强化抢压制（可参考：DD街区、大百宝袋）,如果你中期强，尽量在对手9级前多入血
10,德玛西亚 卡莎 && 盖伦,13,弗雷尔卓德 丽桑卓 && 布隆,巨人捕手、薄暮法袍、离子火花、强袭者的链枷,优先补破前排、穿透或巨杀类战力；若你是中期阵容，优先拿经济/节奏强化抢压制（可参考：DD街区、大百宝袋）,优先保证主C能持续处理对手前排；如果你中期强，尽量在对手9级前多入血
10,德玛西亚 卡莎 && 盖伦,14,斗士 巴德 && 赛恩,日炎斗篷、莫雷洛秘典、红霸符,优先补减疗/重伤与持续作战（可参考：珠光莲花 I、珠光莲花 II）,尽量让减疗装备尽早覆盖对手前排
10,德玛西亚 卡莎 && 盖伦,15,德玛西亚 瑞兹 && 塔里克,,若你是中期阵容，优先拿经济/节奏强化抢压制（可参考：DD街区、大百宝袋）,如果你中期强，尽量在对手9级前多入血
10,德玛西亚 卡莎 && 盖伦,16,约德尔人 维迦 && 凯南,日炎斗篷、莫雷洛秘典、红霸符,优先补减疗/重伤与持续作战；若你是中期阵容，优先拿经济/节奏强化抢压制（可参考：DD街区、大百宝袋）,尽量让减疗装备尽早覆盖对手前排；如果你中期强，尽量在对手9级前多入血
10,德玛西亚 卡莎 && 盖伦,17,皮尔特沃夫 海克斯霸龙 && 蔚,日炎斗篷、莫雷洛秘典、红霸符,优先补减疗/重伤与持续作战；若你是中期阵容，优先拿经济/节奏强化抢压制（可参考：DD街区、大百宝袋）,尽量让减疗装备尽早覆盖对手前排；如果你中期强，尽量在对手9级前多入血
10,德玛西亚 卡莎 && 盖伦,18,迅击战士 芸阿娜 && 孙悟空,日炎斗篷、莫雷洛秘典、红霸符、巨龙之爪、棘刺背心,优先补减疗/重伤与持续作战；优先补保后排、解控与容错；若你是中期阵容，优先拿经济/节奏强化抢压制（可参考：DD街区、大百宝袋）,尽量让减疗装备尽早覆盖对手前排；主C别贴边单防，避免被对位切入；如果你中期强，尽量在对手9级前多入血
10,德玛西亚 卡莎 && 盖伦,19,暗影岛 卡莉丝塔 && 锤石,日炎斗篷、莫雷洛秘典、红霸符、巨人捕手、薄暮法袍,优先补减疗/重伤与持续作战；优先补破前排、穿透或巨杀类战力；优先补保后排、解控与容错（可参考：珠光莲花 I、珠光莲花 II）,尽量让减疗装备尽早覆盖对手前排；优先保证主C能持续处理对手前排；主C别贴边单防，避免被对位切入
10,德玛西亚 卡莎 && 盖伦,20,虚空 卡莎 && 峡谷先锋,日炎斗篷、莫雷洛秘典、红霸符,优先补减疗/重伤与持续作战；若你是中期阵容，优先拿经济/节奏强化抢压制（可参考：DD街区、大百宝袋）,尽量让减疗装备尽早覆盖对手前排；如果你中期强，尽量在对手9级前多入血
10,德玛西亚 卡莎 && 盖伦,21,以绪塔尔 巴德 && 妮蔻,,若你是中期阵容，优先拿经济/节奏强化抢压制（可参考：DD街区、大百宝袋）,如果你中期强，尽量在对手9级前多入血
10,德玛西亚 卡莎 && 盖伦,22,巨神峰 奥瑞利安·索尔 && 塔里克,日炎斗篷、莫雷洛秘典、红霸符,优先补减疗/重伤与持续作战；若你是中期阵容，优先拿经济/节奏强化抢压制（可参考：DD街区、大百宝袋）,尽量让减疗装备尽早覆盖对手前排；如果你中期强，尽量在对手9级前多入血
10,德玛西亚 卡莎 && 盖伦,23,神盾使 玛尔扎哈 && 萨勒芬妮,日炎斗篷、莫雷洛秘典、红霸符,优先补减疗/重伤与持续作战（可参考：珠光莲花 I、珠光莲花 II）,尽量让减疗装备尽早覆盖对手前排
10,德玛西亚 卡莎 && 盖伦,24,诺克萨斯 乐芙兰 && 德莱厄斯,巨龙之爪、棘刺背心、水银,优先补保后排、解控与容错（可参考：珠光莲花 I、珠光莲花 II）,主C别贴边单防，避免被对位切入
10,德玛西亚 卡莎 && 盖伦,25,诺克萨斯 卑尔维斯 && 斯维因,巨龙之爪、棘刺背心、水银,优先补保后排、解控与容错（可参考：珠光莲花 I、珠光莲花 II）,主C别贴边单防，避免被对位切入
11,德玛西亚 卡莎 && 盖伦,1,德玛西亚 薇恩 && 德莱厄斯,日炎斗篷、莫雷洛秘典、红霸符、巨人捕手、薄暮法袍,优先补减疗/重伤与持续作战；优先补破前排、穿透或巨杀类战力；若你是中期阵容，优先拿经济/节奏强化抢压制（可参考：DD街区、大百宝袋）,尽量让减疗装备尽早覆盖对手前排；优先保证主C能持续处理对手前排；如果你中期强，尽量在对手9级前多入血
11,德玛西亚 卡莎 && 盖伦,2,比尔吉沃特 厄运小姐 && 诺提勒斯,日炎斗篷、莫雷洛秘典、红霸符、巨龙之爪、棘刺背心,优先补减疗/重伤与持续作战；优先补保后排、解控与容错；若你是中期阵容，优先拿经济/节奏强化抢压制（可参考：DD街区、大百宝袋）,尽量让减疗装备尽早覆盖对手前排；主C别贴边单防，避免被对位切入；如果你中期强，尽量在对手9级前多入血
11,德玛西亚 卡莎 && 盖伦,3,巨神峰 玛尔扎哈 && 蕾欧娜,,优先选择泛用战力强化（可参考：珠光莲花 I、珠光莲花 II）,根据对手主C位置灵活换边
11,德玛西亚 卡莎 && 盖伦,4,法师 安妮 && 斯维因,日炎斗篷、莫雷洛秘典、红霸符,优先补减疗/重伤与持续作战；若你是中期阵容，优先拿经济/节奏强化抢压制（可参考：DD街区、大百宝袋）,尽量让减疗装备尽早覆盖对手前排；如果你中期强，尽量在对手9级前多入血
11,德玛西亚 卡莎 && 盖伦,5,诺克萨斯 千珏 && 德莱文,日炎斗篷、莫雷洛秘典、红霸符、巨人捕手、薄暮法袍,优先补减疗/重伤与持续作战；优先补破前排、穿透或巨杀类战力；优先补保后排、解控与容错（可参考：珠光莲花 I、珠光莲花 II）,尽量让减疗装备尽早覆盖对手前排；优先保证主C能持续处理对手前排；主C别贴边单防，避免被对位切入
11,德玛西亚 卡莎 && 盖伦,6,以绪塔尔 奈德丽 && 斯卡纳,,若你是中期阵容，优先拿经济/节奏强化抢压制（可参考：DD街区、大百宝袋）,如果你中期强，尽量在对手9级前多入血
11,德玛西亚 卡莎 && 盖伦,7,裁决战士 阿狸 && 永恩,日炎斗篷、莫雷洛秘典、红霸符、巨龙之爪、棘刺背心,优先补减疗/重伤与持续作战；优先补保后排、解控与容错（可参考：珠光莲花 I、珠光莲花 II）,尽量让减疗装备尽早覆盖对手前排；主C别贴边单防，避免被对位切入
11,德玛西亚 卡莎 && 盖伦,8,弗雷尔卓德 金克丝 && 瑟庄妮,日炎斗篷、莫雷洛秘典、红霸符、巨龙之爪、棘刺背心,优先补减疗/重伤与持续作战；优先补保后排、解控与容错（可参考：珠光莲花 I、珠光莲花 II）,尽量让减疗装备尽早覆盖对手前排；主C别贴边单防，避免被对位切入
11,德玛西亚 卡莎 && 盖伦,9,约德尔人 吉格斯 && 凯南,,若你是中期阵容，优先拿经济/节奏强化抢压制（可参考：DD街区、大百宝袋）,如果你中期强，尽量在对手9级前多入血
11,德玛西亚 卡莎 && 盖伦,10,德玛西亚 卡莎 && 盖伦,巨人捕手、薄暮法袍、离子火花、强袭者的链枷,优先补破前排、穿透或巨杀类战力；若你是中期阵容，优先拿经济/节奏强化抢压制（可参考：DD街区、大百宝袋）,优先保证主C能持续处理对手前排；如果你中期强，尽量在对手9级前多入血
11,德玛西亚 卡莎 && 盖伦,12,约德尔人 维迦 && 凯南,,若你是中期阵容，优先拿经济/节奏强化抢压制（可参考：DD街区、大百宝袋）,如果你中期强，尽量在对手9级前多入血
11,德玛西亚 卡莎 && 盖伦,13,弗雷尔卓德 丽桑卓 && 布隆,巨人捕手、薄暮法袍、离子火花、强袭者的链枷,优先补破前排、穿透或巨杀类战力；若你是中期阵容，优先拿经济/节奏强化抢压制（可参考：DD街区、大百宝袋）,优先保证主C能持续处理对手前排；如果你中期强，尽量在对手9级前多入血
11,德玛西亚 卡莎 && 盖伦,14,斗士 巴德 && 赛恩,日炎斗篷、莫雷洛秘典、红霸符,优先补减疗/重伤与持续作战（可参考：珠光莲花 I、珠光莲花 II）,尽量让减疗装备尽早覆盖对手前排
11,德玛西亚 卡莎 && 盖伦,15,德玛西亚 瑞兹 && 塔里克,,若你是中期阵容，优先拿经济/节奏强化抢压制（可参考：DD街区、大百宝袋）,如果你中期强，尽量在对手9级前多入血
11,德玛西亚 卡莎 && 盖伦,16,约德尔人 维迦 && 凯南,日炎斗篷、莫雷洛秘典、红霸符,优先补减疗/重伤与持续作战；若你是中期阵容，优先拿经济/节奏强化抢压制（可参考：DD街区、大百宝袋）,尽量让减疗装备尽早覆盖对手前排；如果你中期强，尽量在对手9级前多入血
11,德玛西亚 卡莎 && 盖伦,17,皮尔特沃夫 海克斯霸龙 && 蔚,日炎斗篷、莫雷洛秘典、红霸符,优先补减疗/重伤与持续作战；若你是中期阵容，优先拿经济/节奏强化抢压制（可参考：DD街区、大百宝袋）,尽量让减疗装备尽早覆盖对手前排；如果你中期强，尽量在对手9级前多入血
11,德玛西亚 卡莎 && 盖伦,18,迅击战士 芸阿娜 && 孙悟空,日炎斗篷、莫雷洛秘典、红霸符、巨龙之爪、棘刺背心,优先补减疗/重伤与持续作战；优先补保后排、解控与容错；若你是中期阵容，优先拿经济/节奏强化抢压制（可参考：DD街区、大百宝袋）,尽量让减疗装备尽早覆盖对手前排；主C别贴边单防，避免被对位切入；如果你中期强，尽量在对手9级前多入血
11,德玛西亚 卡莎 && 盖伦,19,暗影岛 卡莉丝塔 && 锤石,日炎斗篷、莫雷洛秘典、红霸符、巨人捕手、薄暮法袍,优先补减疗/重伤与持续作战；优先补破前排、穿透或巨杀类战力；优先补保后排、解控与容错（可参考：珠光莲花 I、珠光莲花 II）,尽量让减疗装备尽早覆盖对手前排；优先保证主C能持续处理对手前排；主C别贴边单防，避免被对位切入
11,德玛西亚 卡莎 && 盖伦,20,虚空 卡莎 && 峡谷先锋,日炎斗篷、莫雷洛秘典、红霸符,优先补减疗/重伤与持续作战；若你是中期阵容，优先拿经济/节奏强化抢压制（可参考：DD街区、大百宝袋）,尽量让减疗装备尽早覆盖对手前排；如果你中期强，尽量在对手9级前多入血
11,德玛西亚 卡莎 && 盖伦,21,以绪塔尔 巴德 && 妮蔻,,若你是中期阵容，优先拿经济/节奏强化抢压制（可参考：DD街区、大百宝袋）,如果你中期强，尽量在对手9级前多入血
11,德玛西亚 卡莎 && 盖伦,22,巨神峰 奥瑞利安·索尔 && 塔里克,日炎斗篷、莫雷洛秘典、红霸符,优先补减疗/重伤与持续作战；若你是中期阵容，优先拿经济/节奏强化抢压制（可参考：DD街区、大百宝袋）,尽量让减疗装备尽早覆盖对手前排；如果你中期强，尽量在对手9级前多入血
11,德玛西亚 卡莎 && 盖伦,23,神盾使 玛尔扎哈 && 萨勒芬妮,日炎斗篷、莫雷洛秘典、红霸符,优先补减疗/重伤与持续作战（可参考：珠光莲花 I、珠光莲花 II）,尽量让减疗装备尽早覆盖对手前排
11,德玛西亚 卡莎 && 盖伦,24,诺克萨斯 乐芙兰 && 德莱厄斯,巨龙之爪、棘刺背心、水银,优先补保后排、解控与容错（可参考：珠光莲花 I、珠光莲花 II）,主C别贴边单防，避免被对位切入
11,德玛西亚 卡莎 && 盖伦,25,诺克萨斯 卑尔维斯 && 斯维因,巨龙之爪、棘刺背心、水银,优先补保后排、解控与容错（可参考：珠光莲花 I、珠光莲花 II）,主C别贴边单防，避免被对位切入
12,约德尔人 维迦 && 凯南,1,德玛西亚 薇恩 && 德莱厄斯,日炎斗篷、莫雷洛秘典、红霸符、巨人捕手、薄暮法袍,优先补减疗/重伤与持续作战；优先补破前排、穿透或巨杀类战力；若你是中期阵容，优先拿经济/节奏强化抢压制（可参考：DD街区、大百宝袋）,尽量让减疗装备尽早覆盖对手前排；优先保证主C能持续处理对手前排；如果你中期强，尽量在对手9级前多入血
12,约德尔人 维迦 && 凯南,2,比尔吉沃特 厄运小姐 && 诺提勒斯,日炎斗篷、莫雷洛秘典、红霸符、巨龙之爪、棘刺背心,优先补减疗/重伤与持续作战；优先补保后排、解控与容错；若你是中期阵容，优先拿经济/节奏强化抢压制（可参考：DD街区、大百宝袋）,尽量让减疗装备尽早覆盖对手前排；主C别贴边单防，避免被对位切入；如果你中期强，尽量在对手9级前多入血
12,约德尔人 维迦 && 凯南,3,巨神峰 玛尔扎哈 && 蕾欧娜,,优先选择泛用战力强化（可参考：珠光莲花 I、珠光莲花 II）,根据对手主C位置灵活换边
12,约德尔人 维迦 && 凯南,4,法师 安妮 && 斯维因,日炎斗篷、莫雷洛秘典、红霸符,优先补减疗/重伤与持续作战；若你是中期阵容，优先拿经济/节奏强化抢压制（可参考：DD街区、大百宝袋）,尽量让减疗装备尽早覆盖对手前排；如果你中期强，尽量在对手9级前多入血
12,约德尔人 维迦 && 凯南,5,诺克萨斯 千珏 && 德莱文,日炎斗篷、莫雷洛秘典、红霸符、巨人捕手、薄暮法袍,优先补减疗/重伤与持续作战；优先补破前排、穿透或巨杀类战力；优先补保后排、解控与容错（可参考：珠光莲花 I、珠光莲花 II）,尽量让减疗装备尽早覆盖对手前排；优先保证主C能持续处理对手前排；主C别贴边单防，避免被对位切入
12,约德尔人 维迦 && 凯南,6,以绪塔尔 奈德丽 && 斯卡纳,,若你是中期阵容，优先拿经济/节奏强化抢压制（可参考：DD街区、大百宝袋）,如果你中期强，尽量在对手9级前多入血
12,约德尔人 维迦 && 凯南,7,裁决战士 阿狸 && 永恩,日炎斗篷、莫雷洛秘典、红霸符、巨龙之爪、棘刺背心,优先补减疗/重伤与持续作战；优先补保后排、解控与容错（可参考：珠光莲花 I、珠光莲花 II）,尽量让减疗装备尽早覆盖对手前排；主C别贴边单防，避免被对位切入
12,约德尔人 维迦 && 凯南,8,弗雷尔卓德 金克丝 && 瑟庄妮,日炎斗篷、莫雷洛秘典、红霸符、巨龙之爪、棘刺背心,优先补减疗/重伤与持续作战；优先补保后排、解控与容错（可参考：珠光莲花 I、珠光莲花 II）,尽量让减疗装备尽早覆盖对手前排；主C别贴边单防，避免被对位切入
12,约德尔人 维迦 && 凯南,9,约德尔人 吉格斯 && 凯南,,若你是中期阵容，优先拿经济/节奏强化抢压制（可参考：DD街区、大百宝袋）,如果你中期强，尽量在对手9级前多入血
12,约德尔人 维迦 && 凯南,10,德玛西亚 卡莎 && 盖伦,巨人捕手、薄暮法袍、离子火花、强袭者的链枷,优先补破前排、穿透或巨杀类战力；若你是中期阵容，优先拿经济/节奏强化抢压制（可参考：DD街区、大百宝袋）,优先保证主C能持续处理对手前排；如果你中期强，尽量在对手9级前多入血
12,约德尔人 维迦 && 凯南,11,德玛西亚 卡莎 && 盖伦,,若你是中期阵容，优先拿经济/节奏强化抢压制（可参考：DD街区、大百宝袋）,如果你中期强，尽量在对手9级前多入血
12,约德尔人 维迦 && 凯南,13,弗雷尔卓德 丽桑卓 && 布隆,巨人捕手、薄暮法袍、离子火花、强袭者的链枷,优先补破前排、穿透或巨杀类战力；若你是中期阵容，优先拿经济/节奏强化抢压制（可参考：DD街区、大百宝袋）,优先保证主C能持续处理对手前排；如果你中期强，尽量在对手9级前多入血
12,约德尔人 维迦 && 凯南,14,斗士 巴德 && 赛恩,日炎斗篷、莫雷洛秘典、红霸符,优先补减疗/重伤与持续作战（可参考：珠光莲花 I、珠光莲花 II）,尽量让减疗装备尽早覆盖对手前排
12,约德尔人 维迦 && 凯南,15,德玛西亚 瑞兹 && 塔里克,,若你是中期阵容，优先拿经济/节奏强化抢压制（可参考：DD街区、大百宝袋）,如果你中期强，尽量在对手9级前多入血
12,约德尔人 维迦 && 凯南,16,约德尔人 维迦 && 凯南,日炎斗篷、莫雷洛秘典、红霸符,优先补减疗/重伤与持续作战；若你是中期阵容，优先拿经济/节奏强化抢压制（可参考：DD街区、大百宝袋）,尽量让减疗装备尽早覆盖对手前排；如果你中期强，尽量在对手9级前多入血
12,约德尔人 维迦 && 凯南,17,皮尔特沃夫 海克斯霸龙 && 蔚,日炎斗篷、莫雷洛秘典、红霸符,优先补减疗/重伤与持续作战；若你是中期阵容，优先拿经济/节奏强化抢压制（可参考：DD街区、大百宝袋）,尽量让减疗装备尽早覆盖对手前排；如果你中期强，尽量在对手9级前多入血
12,约德尔人 维迦 && 凯南,18,迅击战士 芸阿娜 && 孙悟空,日炎斗篷、莫雷洛秘典、红霸符、巨龙之爪、棘刺背心,优先补减疗/重伤与持续作战；优先补保后排、解控与容错；若你是中期阵容，优先拿经济/节奏强化抢压制（可参考：DD街区、大百宝袋）,尽量让减疗装备尽早覆盖对手前排；主C别贴边单防，避免被对位切入；如果你中期强，尽量在对手9级前多入血
12,约德尔人 维迦 && 凯南,19,暗影岛 卡莉丝塔 && 锤石,日炎斗篷、莫雷洛秘典、红霸符、巨人捕手、薄暮法袍,优先补减疗/重伤与持续作战；优先补破前排、穿透或巨杀类战力；优先补保后排、解控与容错（可参考：珠光莲花 I、珠光莲花 II）,尽量让减疗装备尽早覆盖对手前排；优先保证主C能持续处理对手前排；主C别贴边单防，避免被对位切入
12,约德尔人 维迦 && 凯南,20,虚空 卡莎 && 峡谷先锋,日炎斗篷、莫雷洛秘典、红霸符,优先补减疗/重伤与持续作战；若你是中期阵容，优先拿经济/节奏强化抢压制（可参考：DD街区、大百宝袋）,尽量让减疗装备尽早覆盖对手前排；如果你中期强，尽量在对手9级前多入血
12,约德尔人 维迦 && 凯南,21,以绪塔尔 巴德 && 妮蔻,,若你是中期阵容，优先拿经济/节奏强化抢压制（可参考：DD街区、大百宝袋）,如果你中期强，尽量在对手9级前多入血
12,约德尔人 维迦 && 凯南,22,巨神峰 奥瑞利安·索尔 && 塔里克,日炎斗篷、莫雷洛秘典、红霸符,优先补减疗/重伤与持续作战；若你是中期阵容，优先拿经济/节奏强化抢压制（可参考：DD街区、大百宝袋）,尽量让减疗装备尽早覆盖对手前排；如果你中期强，尽量在对手9级前多入血
12,约德尔人 维迦 && 凯南,23,神盾使 玛尔扎哈 && 萨勒芬妮,日炎斗篷、莫雷洛秘典、红霸符,优先补减疗/重伤与持续作战（可参考：珠光莲花 I、珠光莲花 II）,尽量让减疗装备尽早覆盖对手前排
12,约德尔人 维迦 && 凯南,24,诺克萨斯 乐芙兰 && 德莱厄斯,巨龙之爪、棘刺背心、水银,优先补保后排、解控与容错（可参考：珠光莲花 I、珠光莲花 II）,主C别贴边单防，避免被对位切入
12,约德尔人 维迦 && 凯南,25,诺克萨斯 卑尔维斯 && 斯维因,巨龙之爪、棘刺背心、水银,优先补保后排、解控与容错（可参考：珠光莲花 I、珠光莲花 II）,主C别贴边单防，避免被对位切入
13,弗雷尔卓德 丽桑卓 && 布隆,1,德玛西亚 薇恩 && 德莱厄斯,日炎斗篷、莫雷洛秘典、红霸符、巨人捕手、薄暮法袍,优先补减疗/重伤与持续作战；优先补破前排、穿透或巨杀类战力；若你是中期阵容，优先拿经济/节奏强化抢压制（可参考：DD街区、大百宝袋）,尽量让减疗装备尽早覆盖对手前排；优先保证主C能持续处理对手前排；如果你中期强，尽量在对手9级前多入血
13,弗雷尔卓德 丽桑卓 && 布隆,2,比尔吉沃特 厄运小姐 && 诺提勒斯,日炎斗篷、莫雷洛秘典、红霸符、巨龙之爪、棘刺背心,优先补减疗/重伤与持续作战；优先补保后排、解控与容错；若你是中期阵容，优先拿经济/节奏强化抢压制（可参考：DD街区、大百宝袋）,尽量让减疗装备尽早覆盖对手前排；主C别贴边单防，避免被对位切入；如果你中期强，尽量在对手9级前多入血
13,弗雷尔卓德 丽桑卓 && 布隆,3,巨神峰 玛尔扎哈 && 蕾欧娜,,优先选择泛用战力强化（可参考：珠光莲花 I、珠光莲花 II）,根据对手主C位置灵活换边
13,弗雷尔卓德 丽桑卓 && 布隆,4,法师 安妮 && 斯维因,日炎斗篷、莫雷洛秘典、红霸符,优先补减疗/重伤与持续作战；若你是中期阵容，优先拿经济/节奏强化抢压制（可参考：DD街区、大百宝袋）,尽量让减疗装备尽早覆盖对手前排；如果你中期强，尽量在对手9级前多入血
13,弗雷尔卓德 丽桑卓 && 布隆,5,诺克萨斯 千珏 && 德莱文,日炎斗篷、莫雷洛秘典、红霸符、巨人捕手、薄暮法袍,优先补减疗/重伤与持续作战；优先补破前排、穿透或巨杀类战力；优先补保后排、解控与容错（可参考：珠光莲花 I、珠光莲花 II）,尽量让减疗装备尽早覆盖对手前排；优先保证主C能持续处理对手前排；主C别贴边单防，避免被对位切入
13,弗雷尔卓德 丽桑卓 && 布隆,6,以绪塔尔 奈德丽 && 斯卡纳,,若你是中期阵容，优先拿经济/节奏强化抢压制（可参考：DD街区、大百宝袋）,如果你中期强，尽量在对手9级前多入血
13,弗雷尔卓德 丽桑卓 && 布隆,7,裁决战士 阿狸 && 永恩,日炎斗篷、莫雷洛秘典、红霸符、巨龙之爪、棘刺背心,优先补减疗/重伤与持续作战；优先补保后排、解控与容错（可参考：珠光莲花 I、珠光莲花 II）,尽量让减疗装备尽早覆盖对手前排；主C别贴边单防，避免被对位切入
13,弗雷尔卓德 丽桑卓 && 布隆,8,弗雷尔卓德 金克丝 && 瑟庄妮,日炎斗篷、莫雷洛秘典、红霸符、巨龙之爪、棘刺背心,优先补减疗/重伤与持续作战；优先补保后排、解控与容错（可参考：珠光莲花 I、珠光莲花 II）,尽量让减疗装备尽早覆盖对手前排；主C别贴边单防，避免被对位切入
13,弗雷尔卓德 丽桑卓 && 布隆,9,约德尔人 吉格斯 && 凯南,,若你是中期阵容，优先拿经济/节奏强化抢压制（可参考：DD街区、大百宝袋）,如果你中期强，尽量在对手9级前多入血
13,弗雷尔卓德 丽桑卓 && 布隆,10,德玛西亚 卡莎 && 盖伦,巨人捕手、薄暮法袍、离子火花、强袭者的链枷,优先补破前排、穿透或巨杀类战力；若你是中期阵容，优先拿经济/节奏强化抢压制（可参考：DD街区、大百宝袋）,优先保证主C能持续处理对手前排；如果你中期强，尽量在对手9级前多入血
13,弗雷尔卓德 丽桑卓 && 布隆,11,德玛西亚 卡莎 && 盖伦,,若你是中期阵容，优先拿经济/节奏强化抢压制（可参考：DD街区、大百宝袋）,如果你中期强，尽量在对手9级前多入血
13,弗雷尔卓德 丽桑卓 && 布隆,12,约德尔人 维迦 && 凯南,,若你是中期阵容，优先拿经济/节奏强化抢压制（可参考：DD街区、大百宝袋）,如果你中期强，尽量在对手9级前多入血
13,弗雷尔卓德 丽桑卓 && 布隆,14,斗士 巴德 && 赛恩,日炎斗篷、莫雷洛秘典、红霸符,优先补减疗/重伤与持续作战（可参考：珠光莲花 I、珠光莲花 II）,尽量让减疗装备尽早覆盖对手前排
13,弗雷尔卓德 丽桑卓 && 布隆,15,德玛西亚 瑞兹 && 塔里克,,若你是中期阵容，优先拿经济/节奏强化抢压制（可参考：DD街区、大百宝袋）,如果你中期强，尽量在对手9级前多入血
13,弗雷尔卓德 丽桑卓 && 布隆,16,约德尔人 维迦 && 凯南,日炎斗篷、莫雷洛秘典、红霸符,优先补减疗/重伤与持续作战；若你是中期阵容，优先拿经济/节奏强化抢压制（可参考：DD街区、大百宝袋）,尽量让减疗装备尽早覆盖对手前排；如果你中期强，尽量在对手9级前多入血
13,弗雷尔卓德 丽桑卓 && 布隆,17,皮尔特沃夫 海克斯霸龙 && 蔚,日炎斗篷、莫雷洛秘典、红霸符,优先补减疗/重伤与持续作战；若你是中期阵容，优先拿经济/节奏强化抢压制（可参考：DD街区、大百宝袋）,尽量让减疗装备尽早覆盖对手前排；如果你中期强，尽量在对手9级前多入血
13,弗雷尔卓德 丽桑卓 && 布隆,18,迅击战士 芸阿娜 && 孙悟空,日炎斗篷、莫雷洛秘典、红霸符、巨龙之爪、棘刺背心,优先补减疗/重伤与持续作战；优先补保后排、解控与容错；若你是中期阵容，优先拿经济/节奏强化抢压制（可参考：DD街区、大百宝袋）,尽量让减疗装备尽早覆盖对手前排；主C别贴边单防，避免被对位切入；如果你中期强，尽量在对手9级前多入血
13,弗雷尔卓德 丽桑卓 && 布隆,19,暗影岛 卡莉丝塔 && 锤石,日炎斗篷、莫雷洛秘典、红霸符、巨人捕手、薄暮法袍,优先补减疗/重伤与持续作战；优先补破前排、穿透或巨杀类战力；优先补保后排、解控与容错（可参考：珠光莲花 I、珠光莲花 II）,尽量让减疗装备尽早覆盖对手前排；优先保证主C能持续处理对手前排；主C别贴边单防，避免被对位切入
13,弗雷尔卓德 丽桑卓 && 布隆,20,虚空 卡莎 && 峡谷先锋,日炎斗篷、莫雷洛秘典、红霸符,优先补减疗/重伤与持续作战；若你是中期阵容，优先拿经济/节奏强化抢压制（可参考：DD街区、大百宝袋）,尽量让减疗装备尽早覆盖对手前排；如果你中期强，尽量在对手9级前多入血
13,弗雷尔卓德 丽桑卓 && 布隆,21,以绪塔尔 巴德 && 妮蔻,,若你是中期阵容，优先拿经济/节奏强化抢压制（可参考：DD街区、大百宝袋）,如果你中期强，尽量在对手9级前多入血
13,弗雷尔卓德 丽桑卓 && 布隆,22,巨神峰 奥瑞利安·索尔 && 塔里克,日炎斗篷、莫雷洛秘典、红霸符,优先补减疗/重伤与持续作战；若你是中期阵容，优先拿经济/节奏强化抢压制（可参考：DD街区、大百宝袋）,尽量让减疗装备尽早覆盖对手前排；如果你中期强，尽量在对手9级前多入血
13,弗雷尔卓德 丽桑卓 && 布隆,23,神盾使 玛尔扎哈 && 萨勒芬妮,日炎斗篷、莫雷洛秘典、红霸符,优先补减疗/重伤与持续作战（可参考：珠光莲花 I、珠光莲花 II）,尽量让减疗装备尽早覆盖对手前排
13,弗雷尔卓德 丽桑卓 && 布隆,24,诺克萨斯 乐芙兰 && 德莱厄斯,巨龙之爪、棘刺背心、水银,优先补保后排、解控与容错（可参考：珠光莲花 I、珠光莲花 II）,主C别贴边单防，避免被对位切入
13,弗雷尔卓德 丽桑卓 && 布隆,25,诺克萨斯 卑尔维斯 && 斯维因,巨龙之爪、棘刺背心、水银,优先补保后排、解控与容错（可参考：珠光莲花 I、珠光莲花 II）,主C别贴边单防，避免被对位切入
14,斗士 巴德 && 赛恩,1,德玛西亚 薇恩 && 德莱厄斯,日炎斗篷、莫雷洛秘典、红霸符、巨人捕手、薄暮法袍,优先补减疗/重伤与持续作战；优先补破前排、穿透或巨杀类战力；若你是中期阵容，优先拿经济/节奏强化抢压制（可参考：DD街区、大百宝袋）,尽量让减疗装备尽早覆盖对手前排；优先保证主C能持续处理对手前排；如果你中期强，尽量在对手9级前多入血
14,斗士 巴德 && 赛恩,2,比尔吉沃特 厄运小姐 && 诺提勒斯,日炎斗篷、莫雷洛秘典、红霸符、巨龙之爪、棘刺背心,优先补减疗/重伤与持续作战；优先补保后排、解控与容错；若你是中期阵容，优先拿经济/节奏强化抢压制（可参考：DD街区、大百宝袋）,尽量让减疗装备尽早覆盖对手前排；主C别贴边单防，避免被对位切入；如果你中期强，尽量在对手9级前多入血
14,斗士 巴德 && 赛恩,3,巨神峰 玛尔扎哈 && 蕾欧娜,,优先选择泛用战力强化（可参考：珠光莲花 I、珠光莲花 II）,根据对手主C位置灵活换边
14,斗士 巴德 && 赛恩,4,法师 安妮 && 斯维因,日炎斗篷、莫雷洛秘典、红霸符,优先补减疗/重伤与持续作战；若你是中期阵容，优先拿经济/节奏强化抢压制（可参考：DD街区、大百宝袋）,尽量让减疗装备尽早覆盖对手前排；如果你中期强，尽量在对手9级前多入血
14,斗士 巴德 && 赛恩,5,诺克萨斯 千珏 && 德莱文,日炎斗篷、莫雷洛秘典、红霸符、巨人捕手、薄暮法袍,优先补减疗/重伤与持续作战；优先补破前排、穿透或巨杀类战力；优先补保后排、解控与容错（可参考：珠光莲花 I、珠光莲花 II）,尽量让减疗装备尽早覆盖对手前排；优先保证主C能持续处理对手前排；主C别贴边单防，避免被对位切入
14,斗士 巴德 && 赛恩,6,以绪塔尔 奈德丽 && 斯卡纳,,若你是中期阵容，优先拿经济/节奏强化抢压制（可参考：DD街区、大百宝袋）,如果你中期强，尽量在对手9级前多入血
14,斗士 巴德 && 赛恩,7,裁决战士 阿狸 && 永恩,日炎斗篷、莫雷洛秘典、红霸符、巨龙之爪、棘刺背心,优先补减疗/重伤与持续作战；优先补保后排、解控与容错（可参考：珠光莲花 I、珠光莲花 II）,尽量让减疗装备尽早覆盖对手前排；主C别贴边单防，避免被对位切入
14,斗士 巴德 && 赛恩,8,弗雷尔卓德 金克丝 && 瑟庄妮,日炎斗篷、莫雷洛秘典、红霸符、巨龙之爪、棘刺背心,优先补减疗/重伤与持续作战；优先补保后排、解控与容错（可参考：珠光莲花 I、珠光莲花 II）,尽量让减疗装备尽早覆盖对手前排；主C别贴边单防，避免被对位切入
14,斗士 巴德 && 赛恩,9,约德尔人 吉格斯 && 凯南,,若你是中期阵容，优先拿经济/节奏强化抢压制（可参考：DD街区、大百宝袋）,如果你中期强，尽量在对手9级前多入血
14,斗士 巴德 && 赛恩,10,德玛西亚 卡莎 && 盖伦,巨人捕手、薄暮法袍、离子火花、强袭者的链枷,优先补破前排、穿透或巨杀类战力；若你是中期阵容，优先拿经济/节奏强化抢压制（可参考：DD街区、大百宝袋）,优先保证主C能持续处理对手前排；如果你中期强，尽量在对手9级前多入血
14,斗士 巴德 && 赛恩,11,德玛西亚 卡莎 && 盖伦,,若你是中期阵容，优先拿经济/节奏强化抢压制（可参考：DD街区、大百宝袋）,如果你中期强，尽量在对手9级前多入血
14,斗士 巴德 && 赛恩,12,约德尔人 维迦 && 凯南,,若你是中期阵容，优先拿经济/节奏强化抢压制（可参考：DD街区、大百宝袋）,如果你中期强，尽量在对手9级前多入血
14,斗士 巴德 && 赛恩,13,弗雷尔卓德 丽桑卓 && 布隆,巨人捕手、薄暮法袍、离子火花、强袭者的链枷,优先补破前排、穿透或巨杀类战力；若你是中期阵容，优先拿经济/节奏强化抢压制（可参考：DD街区、大百宝袋）,优先保证主C能持续处理对手前排；如果你中期强，尽量在对手9级前多入血
14,斗士 巴德 && 赛恩,15,德玛西亚 瑞兹 && 塔里克,,若你是中期阵容，优先拿经济/节奏强化抢压制（可参考：DD街区、大百宝袋）,如果你中期强，尽量在对手9级前多入血
14,斗士 巴德 && 赛恩,16,约德尔人 维迦 && 凯南,日炎斗篷、莫雷洛秘典、红霸符,优先补减疗/重伤与持续作战；若你是中期阵容，优先拿经济/节奏强化抢压制（可参考：DD街区、大百宝袋）,尽量让减疗装备尽早覆盖对手前排；如果你中期强，尽量在对手9级前多入血
14,斗士 巴德 && 赛恩,17,皮尔特沃夫 海克斯霸龙 && 蔚,日炎斗篷、莫雷洛秘典、红霸符,优先补减疗/重伤与持续作战；若你是中期阵容，优先拿经济/节奏强化抢压制（可参考：DD街区、大百宝袋）,尽量让减疗装备尽早覆盖对手前排；如果你中期强，尽量在对手9级前多入血
14,斗士 巴德 && 赛恩,18,迅击战士 芸阿娜 && 孙悟空,日炎斗篷、莫雷洛秘典、红霸符、巨龙之爪、棘刺背心,优先补减疗/重伤与持续作战；优先补保后排、解控与容错；若你是中期阵容，优先拿经济/节奏强化抢压制（可参考：DD街区、大百宝袋）,尽量让减疗装备尽早覆盖对手前排；主C别贴边单防，避免被对位切入；如果你中期强，尽量在对手9级前多入血
14,斗士 巴德 && 赛恩,19,暗影岛 卡莉丝塔 && 锤石,日炎斗篷、莫雷洛秘典、红霸符、巨人捕手、薄暮法袍,优先补减疗/重伤与持续作战；优先补破前排、穿透或巨杀类战力；优先补保后排、解控与容错（可参考：珠光莲花 I、珠光莲花 II）,尽量让减疗装备尽早覆盖对手前排；优先保证主C能持续处理对手前排；主C别贴边单防，避免被对位切入
14,斗士 巴德 && 赛恩,20,虚空 卡莎 && 峡谷先锋,日炎斗篷、莫雷洛秘典、红霸符,优先补减疗/重伤与持续作战；若你是中期阵容，优先拿经济/节奏强化抢压制（可参考：DD街区、大百宝袋）,尽量让减疗装备尽早覆盖对手前排；如果你中期强，尽量在对手9级前多入血
14,斗士 巴德 && 赛恩,21,以绪塔尔 巴德 && 妮蔻,,若你是中期阵容，优先拿经济/节奏强化抢压制（可参考：DD街区、大百宝袋）,如果你中期强，尽量在对手9级前多入血
14,斗士 巴德 && 赛恩,22,巨神峰 奥瑞利安·索尔 && 塔里克,日炎斗篷、莫雷洛秘典、红霸符,优先补减疗/重伤与持续作战；若你是中期阵容，优先拿经济/节奏强化抢压制（可参考：DD街区、大百宝袋）,尽量让减疗装备尽早覆盖对手前排；如果你中期强，尽量在对手9级前多入血
14,斗士 巴德 && 赛恩,23,神盾使 玛尔扎哈 && 萨勒芬妮,日炎斗篷、莫雷洛秘典、红霸符,优先补减疗/重伤与持续作战（可参考：珠光莲花 I、珠光莲花 II）,尽量让减疗装备尽早覆盖对手前排
14,斗士 巴德 && 赛恩,24,诺克萨斯 乐芙兰 && 德莱厄斯,巨龙之爪、棘刺背心、水银,优先补保后排、解控与容错（可参考：珠光莲花 I、珠光莲花 II）,主C别贴边单防，避免被对位切入
14,斗士 巴德 && 赛恩,25,诺克萨斯 卑尔维斯 && 斯维因,巨龙之爪、棘刺背心、水银,优先补保后排、解控与容错（可参考：珠光莲花 I、珠光莲花 II）,主C别贴边单防，避免被对位切入
15,德玛西亚 瑞兹 && 塔里克,1,德玛西亚 薇恩 && 德莱厄斯,日炎斗篷、莫雷洛秘典、红霸符、巨人捕手、薄暮法袍,优先补减疗/重伤与持续作战；优先补破前排、穿透或巨杀类战力；若你是中期阵容，优先拿经济/节奏强化抢压制（可参考：DD街区、大百宝袋）,尽量让减疗装备尽早覆盖对手前排；优先保证主C能持续处理对手前排；如果你中期强，尽量在对手9级前多入血
15,德玛西亚 瑞兹 && 塔里克,2,比尔吉沃特 厄运小姐 && 诺提勒斯,日炎斗篷、莫雷洛秘典、红霸符、巨龙之爪、棘刺背心,优先补减疗/重伤与持续作战；优先补保后排、解控与容错；若你是中期阵容，优先拿经济/节奏强化抢压制（可参考：DD街区、大百宝袋）,尽量让减疗装备尽早覆盖对手前排；主C别贴边单防，避免被对位切入；如果你中期强，尽量在对手9级前多入血
15,德玛西亚 瑞兹 && 塔里克,3,巨神峰 玛尔扎哈 && 蕾欧娜,,优先选择泛用战力强化（可参考：珠光莲花 I、珠光莲花 II）,根据对手主C位置灵活换边
15,德玛西亚 瑞兹 && 塔里克,4,法师 安妮 && 斯维因,日炎斗篷、莫雷洛秘典、红霸符,优先补减疗/重伤与持续作战；若你是中期阵容，优先拿经济/节奏强化抢压制（可参考：DD街区、大百宝袋）,尽量让减疗装备尽早覆盖对手前排；如果你中期强，尽量在对手9级前多入血
15,德玛西亚 瑞兹 && 塔里克,5,诺克萨斯 千珏 && 德莱文,日炎斗篷、莫雷洛秘典、红霸符、巨人捕手、薄暮法袍,优先补减疗/重伤与持续作战；优先补破前排、穿透或巨杀类战力；优先补保后排、解控与容错（可参考：珠光莲花 I、珠光莲花 II）,尽量让减疗装备尽早覆盖对手前排；优先保证主C能持续处理对手前排；主C别贴边单防，避免被对位切入
15,德玛西亚 瑞兹 && 塔里克,6,以绪塔尔 奈德丽 && 斯卡纳,,若你是中期阵容，优先拿经济/节奏强化抢压制（可参考：DD街区、大百宝袋）,如果你中期强，尽量在对手9级前多入血
15,德玛西亚 瑞兹 && 塔里克,7,裁决战士 阿狸 && 永恩,日炎斗篷、莫雷洛秘典、红霸符、巨龙之爪、棘刺背心,优先补减疗/重伤与持续作战；优先补保后排、解控与容错（可参考：珠光莲花 I、珠光莲花 II）,尽量让减疗装备尽早覆盖对手前排；主C别贴边单防，避免被对位切入
15,德玛西亚 瑞兹 && 塔里克,8,弗雷尔卓德 金克丝 && 瑟庄妮,日炎斗篷、莫雷洛秘典、红霸符、巨龙之爪、棘刺背心,优先补减疗/重伤与持续作战；优先补保后排、解控与容错（可参考：珠光莲花 I、珠光莲花 II）,尽量让减疗装备尽早覆盖对手前排；主C别贴边单防，避免被对位切入
15,德玛西亚 瑞兹 && 塔里克,9,约德尔人 吉格斯 && 凯南,,若你是中期阵容，优先拿经济/节奏强化抢压制（可参考：DD街区、大百宝袋）,如果你中期强，尽量在对手9级前多入血
15,德玛西亚 瑞兹 && 塔里克,10,德玛西亚 卡莎 && 盖伦,巨人捕手、薄暮法袍、离子火花、强袭者的链枷,优先补破前排、穿透或巨杀类战力；若你是中期阵容，优先拿经济/节奏强化抢压制（可参考：DD街区、大百宝袋）,优先保证主C能持续处理对手前排；如果你中期强，尽量在对手9级前多入血
15,德玛西亚 瑞兹 && 塔里克,11,德玛西亚 卡莎 && 盖伦,,若你是中期阵容，优先拿经济/节奏强化抢压制（可参考：DD街区、大百宝袋）,如果你中期强，尽量在对手9级前多入血
15,德玛西亚 瑞兹 && 塔里克,12,约德尔人 维迦 && 凯南,,若你是中期阵容，优先拿经济/节奏强化抢压制（可参考：DD街区、大百宝袋）,如果你中期强，尽量在对手9级前多入血
15,德玛西亚 瑞兹 && 塔里克,13,弗雷尔卓德 丽桑卓 && 布隆,巨人捕手、薄暮法袍、离子火花、强袭者的链枷,优先补破前排、穿透或巨杀类战力；若你是中期阵容，优先拿经济/节奏强化抢压制（可参考：DD街区、大百宝袋）,优先保证主C能持续处理对手前排；如果你中期强，尽量在对手9级前多入血
15,德玛西亚 瑞兹 && 塔里克,14,斗士 巴德 && 赛恩,日炎斗篷、莫雷洛秘典、红霸符,优先补减疗/重伤与持续作战（可参考：珠光莲花 I、珠光莲花 II）,尽量让减疗装备尽早覆盖对手前排
15,德玛西亚 瑞兹 && 塔里克,16,约德尔人 维迦 && 凯南,日炎斗篷、莫雷洛秘典、红霸符,优先补减疗/重伤与持续作战；若你是中期阵容，优先拿经济/节奏强化抢压制（可参考：DD街区、大百宝袋）,尽量让减疗装备尽早覆盖对手前排；如果你中期强，尽量在对手9级前多入血
15,德玛西亚 瑞兹 && 塔里克,17,皮尔特沃夫 海克斯霸龙 && 蔚,日炎斗篷、莫雷洛秘典、红霸符,优先补减疗/重伤与持续作战；若你是中期阵容，优先拿经济/节奏强化抢压制（可参考：DD街区、大百宝袋）,尽量让减疗装备尽早覆盖对手前排；如果你中期强，尽量在对手9级前多入血
15,德玛西亚 瑞兹 && 塔里克,18,迅击战士 芸阿娜 && 孙悟空,日炎斗篷、莫雷洛秘典、红霸符、巨龙之爪、棘刺背心,优先补减疗/重伤与持续作战；优先补保后排、解控与容错；若你是中期阵容，优先拿经济/节奏强化抢压制（可参考：DD街区、大百宝袋）,尽量让减疗装备尽早覆盖对手前排；主C别贴边单防，避免被对位切入；如果你中期强，尽量在对手9级前多入血
15,德玛西亚 瑞兹 && 塔里克,19,暗影岛 卡莉丝塔 && 锤石,日炎斗篷、莫雷洛秘典、红霸符、巨人捕手、薄暮法袍,优先补减疗/重伤与持续作战；优先补破前排、穿透或巨杀类战力；优先补保后排、解控与容错（可参考：珠光莲花 I、珠光莲花 II）,尽量让减疗装备尽早覆盖对手前排；优先保证主C能持续处理对手前排；主C别贴边单防，避免被对位切入
15,德玛西亚 瑞兹 && 塔里克,20,虚空 卡莎 && 峡谷先锋,日炎斗篷、莫雷洛秘典、红霸符,优先补减疗/重伤与持续作战；若你是中期阵容，优先拿经济/节奏强化抢压制（可参考：DD街区、大百宝袋）,尽量让减疗装备尽早覆盖对手前排；如果你中期强，尽量在对手9级前多入血
15,德玛西亚 瑞兹 && 塔里克,21,以绪塔尔 巴德 && 妮蔻,,若你是中期阵容，优先拿经济/节奏强化抢压制（可参考：DD街区、大百宝袋）,如果你中期强，尽量在对手9级前多入血
15,德玛西亚 瑞兹 && 塔里克,22,巨神峰 奥瑞利安·索尔 && 塔里克,日炎斗篷、莫雷洛秘典、红霸符,优先补减疗/重伤与持续作战；若你是中期阵容，优先拿经济/节奏强化抢压制（可参考：DD街区、大百宝袋）,尽量让减疗装备尽早覆盖对手前排；如果你中期强，尽量在对手9级前多入血
15,德玛西亚 瑞兹 && 塔里克,23,神盾使 玛尔扎哈 && 萨勒芬妮,日炎斗篷、莫雷洛秘典、红霸符,优先补减疗/重伤与持续作战（可参考：珠光莲花 I、珠光莲花 II）,尽量让减疗装备尽早覆盖对手前排
15,德玛西亚 瑞兹 && 塔里克,24,诺克萨斯 乐芙兰 && 德莱厄斯,巨龙之爪、棘刺背心、水银,优先补保后排、解控与容错（可参考：珠光莲花 I、珠光莲花 II）,主C别贴边单防，避免被对位切入
15,德玛西亚 瑞兹 && 塔里克,25,诺克萨斯 卑尔维斯 && 斯维因,巨龙之爪、棘刺背心、水银,优先补保后排、解控与容错（可参考：珠光莲花 I、珠光莲花 II）,主C别贴边单防，避免被对位切入
16,约德尔人 维迦 && 凯南,1,德玛西亚 薇恩 && 德莱厄斯,日炎斗篷、莫雷洛秘典、红霸符、巨人捕手、薄暮法袍,优先补减疗/重伤与持续作战；优先补破前排、穿透或巨杀类战力；若你是中期阵容，优先拿经济/节奏强化抢压制（可参考：DD街区、大百宝袋）,尽量让减疗装备尽早覆盖对手前排；优先保证主C能持续处理对手前排；如果你中期强，尽量在对手9级前多入血
16,约德尔人 维迦 && 凯南,2,比尔吉沃特 厄运小姐 && 诺提勒斯,日炎斗篷、莫雷洛秘典、红霸符、巨龙之爪、棘刺背心,优先补减疗/重伤与持续作战；优先补保后排、解控与容错；若你是中期阵容，优先拿经济/节奏强化抢压制（可参考：DD街区、大百宝袋）,尽量让减疗装备尽早覆盖对手前排；主C别贴边单防，避免被对位切入；如果你中期强，尽量在对手9级前多入血
16,约德尔人 维迦 && 凯南,3,巨神峰 玛尔扎哈 && 蕾欧娜,,优先选择泛用战力强化（可参考：珠光莲花 I、珠光莲花 II）,根据对手主C位置灵活换边
16,约德尔人 维迦 && 凯南,4,法师 安妮 && 斯维因,日炎斗篷、莫雷洛秘典、红霸符,优先补减疗/重伤与持续作战；若你是中期阵容，优先拿经济/节奏强化抢压制（可参考：DD街区、大百宝袋）,尽量让减疗装备尽早覆盖对手前排；如果你中期强，尽量在对手9级前多入血
16,约德尔人 维迦 && 凯南,5,诺克萨斯 千珏 && 德莱文,日炎斗篷、莫雷洛秘典、红霸符、巨人捕手、薄暮法袍,优先补减疗/重伤与持续作战；优先补破前排、穿透或巨杀类战力；优先补保后排、解控与容错（可参考：珠光莲花 I、珠光莲花 II）,尽量让减疗装备尽早覆盖对手前排；优先保证主C能持续处理对手前排；主C别贴边单防，避免被对位切入
16,约德尔人 维迦 && 凯南,6,以绪塔尔 奈德丽 && 斯卡纳,,若你是中期阵容，优先拿经济/节奏强化抢压制（可参考：DD街区、大百宝袋）,如果你中期强，尽量在对手9级前多入血
16,约德尔人 维迦 && 凯南,7,裁决战士 阿狸 && 永恩,日炎斗篷、莫雷洛秘典、红霸符、巨龙之爪、棘刺背心,优先补减疗/重伤与持续作战；优先补保后排、解控与容错（可参考：珠光莲花 I、珠光莲花 II）,尽量让减疗装备尽早覆盖对手前排；主C别贴边单防，避免被对位切入
16,约德尔人 维迦 && 凯南,8,弗雷尔卓德 金克丝 && 瑟庄妮,日炎斗篷、莫雷洛秘典、红霸符、巨龙之爪、棘刺背心,优先补减疗/重伤与持续作战；优先补保后排、解控与容错（可参考：珠光莲花 I、珠光莲花 II）,尽量让减疗装备尽早覆盖对手前排；主C别贴边单防，避免被对位切入
16,约德尔人 维迦 && 凯南,9,约德尔人 吉格斯 && 凯南,,若你是中期阵容，优先拿经济/节奏强化抢压制（可参考：DD街区、大百宝袋）,如果你中期强，尽量在对手9级前多入血
16,约德尔人 维迦 && 凯南,10,德玛西亚 卡莎 && 盖伦,巨人捕手、薄暮法袍、离子火花、强袭者的链枷,优先补破前排、穿透或巨杀类战力；若你是中期阵容，优先拿经济/节奏强化抢压制（可参考：DD街区、大百宝袋）,优先保证主C能持续处理对手前排；如果你中期强，尽量在对手9级前多入血
16,约德尔人 维迦 && 凯南,11,德玛西亚 卡莎 && 盖伦,,若你是中期阵容，优先拿经济/节奏强化抢压制（可参考：DD街区、大百宝袋）,如果你中期强，尽量在对手9级前多入血
16,约德尔人 维迦 && 凯南,12,约德尔人 维迦 && 凯南,,若你是中期阵容，优先拿经济/节奏强化抢压制（可参考：DD街区、大百宝袋）,如果你中期强，尽量在对手9级前多入血
16,约德尔人 维迦 && 凯南,13,弗雷尔卓德 丽桑卓 && 布隆,巨人捕手、薄暮法袍、离子火花、强袭者的链枷,优先补破前排、穿透或巨杀类战力；若你是中期阵容，优先拿经济/节奏强化抢压制（可参考：DD街区、大百宝袋）,优先保证主C能持续处理对手前排；如果你中期强，尽量在对手9级前多入血
16,约德尔人 维迦 && 凯南,14,斗士 巴德 && 赛恩,日炎斗篷、莫雷洛秘典、红霸符,优先补减疗/重伤与持续作战（可参考：珠光莲花 I、珠光莲花 II）,尽量让减疗装备尽早覆盖对手前排
16,约德尔人 维迦 && 凯南,15,德玛西亚 瑞兹 && 塔里克,,若你是中期阵容，优先拿经济/节奏强化抢压制（可参考：DD街区、大百宝袋）,如果你中期强，尽量在对手9级前多入血
16,约德尔人 维迦 && 凯南,17,皮尔特沃夫 海克斯霸龙 && 蔚,日炎斗篷、莫雷洛秘典、红霸符,优先补减疗/重伤与持续作战；若你是中期阵容，优先拿经济/节奏强化抢压制（可参考：DD街区、大百宝袋）,尽量让减疗装备尽早覆盖对手前排；如果你中期强，尽量在对手9级前多入血
16,约德尔人 维迦 && 凯南,18,迅击战士 芸阿娜 && 孙悟空,日炎斗篷、莫雷洛秘典、红霸符、巨龙之爪、棘刺背心,优先补减疗/重伤与持续作战；优先补保后排、解控与容错；若你是中期阵容，优先拿经济/节奏强化抢压制（可参考：DD街区、大百宝袋）,尽量让减疗装备尽早覆盖对手前排；主C别贴边单防，避免被对位切入；如果你中期强，尽量在对手9级前多入血
16,约德尔人 维迦 && 凯南,19,暗影岛 卡莉丝塔 && 锤石,日炎斗篷、莫雷洛秘典、红霸符、巨人捕手、薄暮法袍,优先补减疗/重伤与持续作战；优先补破前排、穿透或巨杀类战力；优先补保后排、解控与容错（可参考：珠光莲花 I、珠光莲花 II）,尽量让减疗装备尽早覆盖对手前排；优先保证主C能持续处理对手前排；主C别贴边单防，避免被对位切入
16,约德尔人 维迦 && 凯南,20,虚空 卡莎 && 峡谷先锋,日炎斗篷、莫雷洛秘典、红霸符,优先补减疗/重伤与持续作战；若你是中期阵容，优先拿经济/节奏强化抢压制（可参考：DD街区、大百宝袋）,尽量让减疗装备尽早覆盖对手前排；如果你中期强，尽量在对手9级前多入血
16,约德尔人 维迦 && 凯南,21,以绪塔尔 巴德 && 妮蔻,,若你是中期阵容，优先拿经济/节奏强化抢压制（可参考：DD街区、大百宝袋）,如果你中期强，尽量在对手9级前多入血
16,约德尔人 维迦 && 凯南,22,巨神峰 奥瑞利安·索尔 && 塔里克,日炎斗篷、莫雷洛秘典、红霸符,优先补减疗/重伤与持续作战；若你是中期阵容，优先拿经济/节奏强化抢压制（可参考：DD街区、大百宝袋）,尽量让减疗装备尽早覆盖对手前排；如果你中期强，尽量在对手9级前多入血
16,约德尔人 维迦 && 凯南,23,神盾使 玛尔扎哈 && 萨勒芬妮,日炎斗篷、莫雷洛秘典、红霸符,优先补减疗/重伤与持续作战（可参考：珠光莲花 I、珠光莲花 II）,尽量让减疗装备尽早覆盖对手前排
16,约德尔人 维迦 && 凯南,24,诺克萨斯 乐芙兰 && 德莱厄斯,巨龙之爪、棘刺背心、水银,优先补保后排、解控与容错（可参考：珠光莲花 I、珠光莲花 II）,主C别贴边单防，避免被对位切入
16,约德尔人 维迦 && 凯南,25,诺克萨斯 卑尔维斯 && 斯维因,巨龙之爪、棘刺背心、水银,优先补保后排、解控与容错（可参考：珠光莲花 I、珠光莲花 II）,主C别贴边单防，避免被对位切入
17,皮尔特沃夫 海克斯霸龙 && 蔚,1,德玛西亚 薇恩 && 德莱厄斯,日炎斗篷、莫雷洛秘典、红霸符、巨人捕手、薄暮法袍,优先补减疗/重伤与持续作战；优先补破前排、穿透或巨杀类战力；若你是中期阵容，优先拿经济/节奏强化抢压制（可参考：DD街区、大百宝袋）,尽量让减疗装备尽早覆盖对手前排；优先保证主C能持续处理对手前排；如果你中期强，尽量在对手9级前多入血
17,皮尔特沃夫 海克斯霸龙 && 蔚,2,比尔吉沃特 厄运小姐 && 诺提勒斯,日炎斗篷、莫雷洛秘典、红霸符、巨龙之爪、棘刺背心,优先补减疗/重伤与持续作战；优先补保后排、解控与容错；若你是中期阵容，优先拿经济/节奏强化抢压制（可参考：DD街区、大百宝袋）,尽量让减疗装备尽早覆盖对手前排；主C别贴边单防，避免被对位切入；如果你中期强，尽量在对手9级前多入血
17,皮尔特沃夫 海克斯霸龙 && 蔚,3,巨神峰 玛尔扎哈 && 蕾欧娜,,优先选择泛用战力强化（可参考：珠光莲花 I、珠光莲花 II）,根据对手主C位置灵活换边
17,皮尔特沃夫 海克斯霸龙 && 蔚,4,法师 安妮 && 斯维因,日炎斗篷、莫雷洛秘典、红霸符,优先补减疗/重伤与持续作战；若你是中期阵容，优先拿经济/节奏强化抢压制（可参考：DD街区、大百宝袋）,尽量让减疗装备尽早覆盖对手前排；如果你中期强，尽量在对手9级前多入血
17,皮尔特沃夫 海克斯霸龙 && 蔚,5,诺克萨斯 千珏 && 德莱文,日炎斗篷、莫雷洛秘典、红霸符、巨人捕手、薄暮法袍,优先补减疗/重伤与持续作战；优先补破前排、穿透或巨杀类战力；优先补保后排、解控与容错（可参考：珠光莲花 I、珠光莲花 II）,尽量让减疗装备尽早覆盖对手前排；优先保证主C能持续处理对手前排；主C别贴边单防，避免被对位切入
17,皮尔特沃夫 海克斯霸龙 && 蔚,6,以绪塔尔 奈德丽 && 斯卡纳,,若你是中期阵容，优先拿经济/节奏强化抢压制（可参考：DD街区、大百宝袋）,如果你中期强，尽量在对手9级前多入血
17,皮尔特沃夫 海克斯霸龙 && 蔚,7,裁决战士 阿狸 && 永恩,日炎斗篷、莫雷洛秘典、红霸符、巨龙之爪、棘刺背心,优先补减疗/重伤与持续作战；优先补保后排、解控与容错（可参考：珠光莲花 I、珠光莲花 II）,尽量让减疗装备尽早覆盖对手前排；主C别贴边单防，避免被对位切入
17,皮尔特沃夫 海克斯霸龙 && 蔚,8,弗雷尔卓德 金克丝 && 瑟庄妮,日炎斗篷、莫雷洛秘典、红霸符、巨龙之爪、棘刺背心,优先补减疗/重伤与持续作战；优先补保后排、解控与容错（可参考：珠光莲花 I、珠光莲花 II）,尽量让减疗装备尽早覆盖对手前排；主C别贴边单防，避免被对位切入
17,皮尔特沃夫 海克斯霸龙 && 蔚,9,约德尔人 吉格斯 && 凯南,,若你是中期阵容，优先拿经济/节奏强化抢压制（可参考：DD街区、大百宝袋）,如果你中期强，尽量在对手9级前多入血
17,皮尔特沃夫 海克斯霸龙 && 蔚,10,德玛西亚 卡莎 && 盖伦,巨人捕手、薄暮法袍、离子火花、强袭者的链枷,优先补破前排、穿透或巨杀类战力；若你是中期阵容，优先拿经济/节奏强化抢压制（可参考：DD街区、大百宝袋）,优先保证主C能持续处理对手前排；如果你中期强，尽量在对手9级前多入血
17,皮尔特沃夫 海克斯霸龙 && 蔚,11,德玛西亚 卡莎 && 盖伦,,若你是中期阵容，优先拿经济/节奏强化抢压制（可参考：DD街区、大百宝袋）,如果你中期强，尽量在对手9级前多入血
17,皮尔特沃夫 海克斯霸龙 && 蔚,12,约德尔人 维迦 && 凯南,,若你是中期阵容，优先拿经济/节奏强化抢压制（可参考：DD街区、大百宝袋）,如果你中期强，尽量在对手9级前多入血
17,皮尔特沃夫 海克斯霸龙 && 蔚,13,弗雷尔卓德 丽桑卓 && 布隆,巨人捕手、薄暮法袍、离子火花、强袭者的链枷,优先补破前排、穿透或巨杀类战力；若你是中期阵容，优先拿经济/节奏强化抢压制（可参考：DD街区、大百宝袋）,优先保证主C能持续处理对手前排；如果你中期强，尽量在对手9级前多入血
17,皮尔特沃夫 海克斯霸龙 && 蔚,14,斗士 巴德 && 赛恩,日炎斗篷、莫雷洛秘典、红霸符,优先补减疗/重伤与持续作战（可参考：珠光莲花 I、珠光莲花 II）,尽量让减疗装备尽早覆盖对手前排
17,皮尔特沃夫 海克斯霸龙 && 蔚,15,德玛西亚 瑞兹 && 塔里克,,若你是中期阵容，优先拿经济/节奏强化抢压制（可参考：DD街区、大百宝袋）,如果你中期强，尽量在对手9级前多入血
17,皮尔特沃夫 海克斯霸龙 && 蔚,16,约德尔人 维迦 && 凯南,日炎斗篷、莫雷洛秘典、红霸符,优先补减疗/重伤与持续作战；若你是中期阵容，优先拿经济/节奏强化抢压制（可参考：DD街区、大百宝袋）,尽量让减疗装备尽早覆盖对手前排；如果你中期强，尽量在对手9级前多入血
17,皮尔特沃夫 海克斯霸龙 && 蔚,18,迅击战士 芸阿娜 && 孙悟空,日炎斗篷、莫雷洛秘典、红霸符、巨龙之爪、棘刺背心,优先补减疗/重伤与持续作战；优先补保后排、解控与容错；若你是中期阵容，优先拿经济/节奏强化抢压制（可参考：DD街区、大百宝袋）,尽量让减疗装备尽早覆盖对手前排；主C别贴边单防，避免被对位切入；如果你中期强，尽量在对手9级前多入血
17,皮尔特沃夫 海克斯霸龙 && 蔚,19,暗影岛 卡莉丝塔 && 锤石,日炎斗篷、莫雷洛秘典、红霸符、巨人捕手、薄暮法袍,优先补减疗/重伤与持续作战；优先补破前排、穿透或巨杀类战力；优先补保后排、解控与容错（可参考：珠光莲花 I、珠光莲花 II）,尽量让减疗装备尽早覆盖对手前排；优先保证主C能持续处理对手前排；主C别贴边单防，避免被对位切入
17,皮尔特沃夫 海克斯霸龙 && 蔚,20,虚空 卡莎 && 峡谷先锋,日炎斗篷、莫雷洛秘典、红霸符,优先补减疗/重伤与持续作战；若你是中期阵容，优先拿经济/节奏强化抢压制（可参考：DD街区、大百宝袋）,尽量让减疗装备尽早覆盖对手前排；如果你中期强，尽量在对手9级前多入血
17,皮尔特沃夫 海克斯霸龙 && 蔚,21,以绪塔尔 巴德 && 妮蔻,,若你是中期阵容，优先拿经济/节奏强化抢压制（可参考：DD街区、大百宝袋）,如果你中期强，尽量在对手9级前多入血
17,皮尔特沃夫 海克斯霸龙 && 蔚,22,巨神峰 奥瑞利安·索尔 && 塔里克,日炎斗篷、莫雷洛秘典、红霸符,优先补减疗/重伤与持续作战；若你是中期阵容，优先拿经济/节奏强化抢压制（可参考：DD街区、大百宝袋）,尽量让减疗装备尽早覆盖对手前排；如果你中期强，尽量在对手9级前多入血
17,皮尔特沃夫 海克斯霸龙 && 蔚,23,神盾使 玛尔扎哈 && 萨勒芬妮,日炎斗篷、莫雷洛秘典、红霸符,优先补减疗/重伤与持续作战（可参考：珠光莲花 I、珠光莲花 II）,尽量让减疗装备尽早覆盖对手前排
17,皮尔特沃夫 海克斯霸龙 && 蔚,24,诺克萨斯 乐芙兰 && 德莱厄斯,巨龙之爪、棘刺背心、水银,优先补保后排、解控与容错（可参考：珠光莲花 I、珠光莲花 II）,主C别贴边单防，避免被对位切入
17,皮尔特沃夫 海克斯霸龙 && 蔚,25,诺克萨斯 卑尔维斯 && 斯维因,巨龙之爪、棘刺背心、水银,优先补保后排、解控与容错（可参考：珠光莲花 I、珠光莲花 II）,主C别贴边单防，避免被对位切入
18,迅击战士 芸阿娜 && 孙悟空,1,德玛西亚 薇恩 && 德莱厄斯,日炎斗篷、莫雷洛秘典、红霸符、巨人捕手、薄暮法袍,优先补减疗/重伤与持续作战；优先补破前排、穿透或巨杀类战力；若你是中期阵容，优先拿经济/节奏强化抢压制（可参考：DD街区、大百宝袋）,尽量让减疗装备尽早覆盖对手前排；优先保证主C能持续处理对手前排；如果你中期强，尽量在对手9级前多入血
18,迅击战士 芸阿娜 && 孙悟空,2,比尔吉沃特 厄运小姐 && 诺提勒斯,日炎斗篷、莫雷洛秘典、红霸符、巨龙之爪、棘刺背心,优先补减疗/重伤与持续作战；优先补保后排、解控与容错；若你是中期阵容，优先拿经济/节奏强化抢压制（可参考：DD街区、大百宝袋）,尽量让减疗装备尽早覆盖对手前排；主C别贴边单防，避免被对位切入；如果你中期强，尽量在对手9级前多入血
18,迅击战士 芸阿娜 && 孙悟空,3,巨神峰 玛尔扎哈 && 蕾欧娜,,优先选择泛用战力强化（可参考：珠光莲花 I、珠光莲花 II）,根据对手主C位置灵活换边
18,迅击战士 芸阿娜 && 孙悟空,4,法师 安妮 && 斯维因,日炎斗篷、莫雷洛秘典、红霸符,优先补减疗/重伤与持续作战；若你是中期阵容，优先拿经济/节奏强化抢压制（可参考：DD街区、大百宝袋）,尽量让减疗装备尽早覆盖对手前排；如果你中期强，尽量在对手9级前多入血
18,迅击战士 芸阿娜 && 孙悟空,5,诺克萨斯 千珏 && 德莱文,日炎斗篷、莫雷洛秘典、红霸符、巨人捕手、薄暮法袍,优先补减疗/重伤与持续作战；优先补破前排、穿透或巨杀类战力；优先补保后排、解控与容错（可参考：珠光莲花 I、珠光莲花 II）,尽量让减疗装备尽早覆盖对手前排；优先保证主C能持续处理对手前排；主C别贴边单防，避免被对位切入
18,迅击战士 芸阿娜 && 孙悟空,6,以绪塔尔 奈德丽 && 斯卡纳,,若你是中期阵容，优先拿经济/节奏强化抢压制（可参考：DD街区、大百宝袋）,如果你中期强，尽量在对手9级前多入血
18,迅击战士 芸阿娜 && 孙悟空,7,裁决战士 阿狸 && 永恩,日炎斗篷、莫雷洛秘典、红霸符、巨龙之爪、棘刺背心,优先补减疗/重伤与持续作战；优先补保后排、解控与容错（可参考：珠光莲花 I、珠光莲花 II）,尽量让减疗装备尽早覆盖对手前排；主C别贴边单防，避免被对位切入
18,迅击战士 芸阿娜 && 孙悟空,8,弗雷尔卓德 金克丝 && 瑟庄妮,日炎斗篷、莫雷洛秘典、红霸符、巨龙之爪、棘刺背心,优先补减疗/重伤与持续作战；优先补保后排、解控与容错（可参考：珠光莲花 I、珠光莲花 II）,尽量让减疗装备尽早覆盖对手前排；主C别贴边单防，避免被对位切入
18,迅击战士 芸阿娜 && 孙悟空,9,约德尔人 吉格斯 && 凯南,,若你是中期阵容，优先拿经济/节奏强化抢压制（可参考：DD街区、大百宝袋）,如果你中期强，尽量在对手9级前多入血
18,迅击战士 芸阿娜 && 孙悟空,10,德玛西亚 卡莎 && 盖伦,巨人捕手、薄暮法袍、离子火花、强袭者的链枷,优先补破前排、穿透或巨杀类战力；若你是中期阵容，优先拿经济/节奏强化抢压制（可参考：DD街区、大百宝袋）,优先保证主C能持续处理对手前排；如果你中期强，尽量在对手9级前多入血
18,迅击战士 芸阿娜 && 孙悟空,11,德玛西亚 卡莎 && 盖伦,,若你是中期阵容，优先拿经济/节奏强化抢压制（可参考：DD街区、大百宝袋）,如果你中期强，尽量在对手9级前多入血
18,迅击战士 芸阿娜 && 孙悟空,12,约德尔人 维迦 && 凯南,,若你是中期阵容，优先拿经济/节奏强化抢压制（可参考：DD街区、大百宝袋）,如果你中期强，尽量在对手9级前多入血
18,迅击战士 芸阿娜 && 孙悟空,13,弗雷尔卓德 丽桑卓 && 布隆,巨人捕手、薄暮法袍、离子火花、强袭者的链枷,优先补破前排、穿透或巨杀类战力；若你是中期阵容，优先拿经济/节奏强化抢压制（可参考：DD街区、大百宝袋）,优先保证主C能持续处理对手前排；如果你中期强，尽量在对手9级前多入血
18,迅击战士 芸阿娜 && 孙悟空,14,斗士 巴德 && 赛恩,日炎斗篷、莫雷洛秘典、红霸符,优先补减疗/重伤与持续作战（可参考：珠光莲花 I、珠光莲花 II）,尽量让减疗装备尽早覆盖对手前排
18,迅击战士 芸阿娜 && 孙悟空,15,德玛西亚 瑞兹 && 塔里克,,若你是中期阵容，优先拿经济/节奏强化抢压制（可参考：DD街区、大百宝袋）,如果你中期强，尽量在对手9级前多入血
18,迅击战士 芸阿娜 && 孙悟空,16,约德尔人 维迦 && 凯南,日炎斗篷、莫雷洛秘典、红霸符,优先补减疗/重伤与持续作战；若你是中期阵容，优先拿经济/节奏强化抢压制（可参考：DD街区、大百宝袋）,尽量让减疗装备尽早覆盖对手前排；如果你中期强，尽量在对手9级前多入血
18,迅击战士 芸阿娜 && 孙悟空,17,皮尔特沃夫 海克斯霸龙 && 蔚,日炎斗篷、莫雷洛秘典、红霸符,优先补减疗/重伤与持续作战；若你是中期阵容，优先拿经济/节奏强化抢压制（可参考：DD街区、大百宝袋）,尽量让减疗装备尽早覆盖对手前排；如果你中期强，尽量在对手9级前多入血
18,迅击战士 芸阿娜 && 孙悟空,19,暗影岛 卡莉丝塔 && 锤石,日炎斗篷、莫雷洛秘典、红霸符、巨人捕手、薄暮法袍,优先补减疗/重伤与持续作战；优先补破前排、穿透或巨杀类战力；优先补保后排、解控与容错（可参考：珠光莲花 I、珠光莲花 II）,尽量让减疗装备尽早覆盖对手前排；优先保证主C能持续处理对手前排；主C别贴边单防，避免被对位切入
18,迅击战士 芸阿娜 && 孙悟空,20,虚空 卡莎 && 峡谷先锋,日炎斗篷、莫雷洛秘典、红霸符,优先补减疗/重伤与持续作战；若你是中期阵容，优先拿经济/节奏强化抢压制（可参考：DD街区、大百宝袋）,尽量让减疗装备尽早覆盖对手前排；如果你中期强，尽量在对手9级前多入血
18,迅击战士 芸阿娜 && 孙悟空,21,以绪塔尔 巴德 && 妮蔻,,若你是中期阵容，优先拿经济/节奏强化抢压制（可参考：DD街区、大百宝袋）,如果你中期强，尽量在对手9级前多入血
18,迅击战士 芸阿娜 && 孙悟空,22,巨神峰 奥瑞利安·索尔 && 塔里克,日炎斗篷、莫雷洛秘典、红霸符,优先补减疗/重伤与持续作战；若你是中期阵容，优先拿经济/节奏强化抢压制（可参考：DD街区、大百宝袋）,尽量让减疗装备尽早覆盖对手前排；如果你中期强，尽量在对手9级前多入血
18,迅击战士 芸阿娜 && 孙悟空,23,神盾使 玛尔扎哈 && 萨勒芬妮,日炎斗篷、莫雷洛秘典、红霸符,优先补减疗/重伤与持续作战（可参考：珠光莲花 I、珠光莲花 II）,尽量让减疗装备尽早覆盖对手前排
18,迅击战士 芸阿娜 && 孙悟空,24,诺克萨斯 乐芙兰 && 德莱厄斯,巨龙之爪、棘刺背心、水银,优先补保后排、解控与容错（可参考：珠光莲花 I、珠光莲花 II）,主C别贴边单防，避免被对位切入
18,迅击战士 芸阿娜 && 孙悟空,25,诺克萨斯 卑尔维斯 && 斯维因,巨龙之爪、棘刺背心、水银,优先补保后排、解控与容错（可参考：珠光莲花 I、珠光莲花 II）,主C别贴边单防，避免被对位切入
19,暗影岛 卡莉丝塔 && 锤石,1,德玛西亚 薇恩 && 德莱厄斯,日炎斗篷、莫雷洛秘典、红霸符、巨人捕手、薄暮法袍,优先补减疗/重伤与持续作战；优先补破前排、穿透或巨杀类战力；若你是中期阵容，优先拿经济/节奏强化抢压制（可参考：DD街区、大百宝袋）,尽量让减疗装备尽早覆盖对手前排；优先保证主C能持续处理对手前排；如果你中期强，尽量在对手9级前多入血
19,暗影岛 卡莉丝塔 && 锤石,2,比尔吉沃特 厄运小姐 && 诺提勒斯,日炎斗篷、莫雷洛秘典、红霸符、巨龙之爪、棘刺背心,优先补减疗/重伤与持续作战；优先补保后排、解控与容错；若你是中期阵容，优先拿经济/节奏强化抢压制（可参考：DD街区、大百宝袋）,尽量让减疗装备尽早覆盖对手前排；主C别贴边单防，避免被对位切入；如果你中期强，尽量在对手9级前多入血
19,暗影岛 卡莉丝塔 && 锤石,3,巨神峰 玛尔扎哈 && 蕾欧娜,,优先选择泛用战力强化（可参考：珠光莲花 I、珠光莲花 II）,根据对手主C位置灵活换边
19,暗影岛 卡莉丝塔 && 锤石,4,法师 安妮 && 斯维因,日炎斗篷、莫雷洛秘典、红霸符,优先补减疗/重伤与持续作战；若你是中期阵容，优先拿经济/节奏强化抢压制（可参考：DD街区、大百宝袋）,尽量让减疗装备尽早覆盖对手前排；如果你中期强，尽量在对手9级前多入血
19,暗影岛 卡莉丝塔 && 锤石,5,诺克萨斯 千珏 && 德莱文,日炎斗篷、莫雷洛秘典、红霸符、巨人捕手、薄暮法袍,优先补减疗/重伤与持续作战；优先补破前排、穿透或巨杀类战力；优先补保后排、解控与容错（可参考：珠光莲花 I、珠光莲花 II）,尽量让减疗装备尽早覆盖对手前排；优先保证主C能持续处理对手前排；主C别贴边单防，避免被对位切入
19,暗影岛 卡莉丝塔 && 锤石,6,以绪塔尔 奈德丽 && 斯卡纳,,若你是中期阵容，优先拿经济/节奏强化抢压制（可参考：DD街区、大百宝袋）,如果你中期强，尽量在对手9级前多入血
19,暗影岛 卡莉丝塔 && 锤石,7,裁决战士 阿狸 && 永恩,日炎斗篷、莫雷洛秘典、红霸符、巨龙之爪、棘刺背心,优先补减疗/重伤与持续作战；优先补保后排、解控与容错（可参考：珠光莲花 I、珠光莲花 II）,尽量让减疗装备尽早覆盖对手前排；主C别贴边单防，避免被对位切入
19,暗影岛 卡莉丝塔 && 锤石,8,弗雷尔卓德 金克丝 && 瑟庄妮,日炎斗篷、莫雷洛秘典、红霸符、巨龙之爪、棘刺背心,优先补减疗/重伤与持续作战；优先补保后排、解控与容错（可参考：珠光莲花 I、珠光莲花 II）,尽量让减疗装备尽早覆盖对手前排；主C别贴边单防，避免被对位切入
19,暗影岛 卡莉丝塔 && 锤石,9,约德尔人 吉格斯 && 凯南,,若你是中期阵容，优先拿经济/节奏强化抢压制（可参考：DD街区、大百宝袋）,如果你中期强，尽量在对手9级前多入血
19,暗影岛 卡莉丝塔 && 锤石,10,德玛西亚 卡莎 && 盖伦,巨人捕手、薄暮法袍、离子火花、强袭者的链枷,优先补破前排、穿透或巨杀类战力；若你是中期阵容，优先拿经济/节奏强化抢压制（可参考：DD街区、大百宝袋）,优先保证主C能持续处理对手前排；如果你中期强，尽量在对手9级前多入血
19,暗影岛 卡莉丝塔 && 锤石,11,德玛西亚 卡莎 && 盖伦,,若你是中期阵容，优先拿经济/节奏强化抢压制（可参考：DD街区、大百宝袋）,如果你中期强，尽量在对手9级前多入血
19,暗影岛 卡莉丝塔 && 锤石,12,约德尔人 维迦 && 凯南,,若你是中期阵容，优先拿经济/节奏强化抢压制（可参考：DD街区、大百宝袋）,如果你中期强，尽量在对手9级前多入血
19,暗影岛 卡莉丝塔 && 锤石,13,弗雷尔卓德 丽桑卓 && 布隆,巨人捕手、薄暮法袍、离子火花、强袭者的链枷,优先补破前排、穿透或巨杀类战力；若你是中期阵容，优先拿经济/节奏强化抢压制（可参考：DD街区、大百宝袋）,优先保证主C能持续处理对手前排；如果你中期强，尽量在对手9级前多入血
19,暗影岛 卡莉丝塔 && 锤石,14,斗士 巴德 && 赛恩,日炎斗篷、莫雷洛秘典、红霸符,优先补减疗/重伤与持续作战（可参考：珠光莲花 I、珠光莲花 II）,尽量让减疗装备尽早覆盖对手前排
19,暗影岛 卡莉丝塔 && 锤石,15,德玛西亚 瑞兹 && 塔里克,,若你是中期阵容，优先拿经济/节奏强化抢压制（可参考：DD街区、大百宝袋）,如果你中期强，尽量在对手9级前多入血
19,暗影岛 卡莉丝塔 && 锤石,16,约德尔人 维迦 && 凯南,日炎斗篷、莫雷洛秘典、红霸符,优先补减疗/重伤与持续作战；若你是中期阵容，优先拿经济/节奏强化抢压制（可参考：DD街区、大百宝袋）,尽量让减疗装备尽早覆盖对手前排；如果你中期强，尽量在对手9级前多入血
19,暗影岛 卡莉丝塔 && 锤石,17,皮尔特沃夫 海克斯霸龙 && 蔚,日炎斗篷、莫雷洛秘典、红霸符,优先补减疗/重伤与持续作战；若你是中期阵容，优先拿经济/节奏强化抢压制（可参考：DD街区、大百宝袋）,尽量让减疗装备尽早覆盖对手前排；如果你中期强，尽量在对手9级前多入血
19,暗影岛 卡莉丝塔 && 锤石,18,迅击战士 芸阿娜 && 孙悟空,日炎斗篷、莫雷洛秘典、红霸符、巨龙之爪、棘刺背心,优先补减疗/重伤与持续作战；优先补保后排、解控与容错；若你是中期阵容，优先拿经济/节奏强化抢压制（可参考：DD街区、大百宝袋）,尽量让减疗装备尽早覆盖对手前排；主C别贴边单防，避免被对位切入；如果你中期强，尽量在对手9级前多入血
19,暗影岛 卡莉丝塔 && 锤石,20,虚空 卡莎 && 峡谷先锋,日炎斗篷、莫雷洛秘典、红霸符,优先补减疗/重伤与持续作战；若你是中期阵容，优先拿经济/节奏强化抢压制（可参考：DD街区、大百宝袋）,尽量让减疗装备尽早覆盖对手前排；如果你中期强，尽量在对手9级前多入血
19,暗影岛 卡莉丝塔 && 锤石,21,以绪塔尔 巴德 && 妮蔻,,若你是中期阵容，优先拿经济/节奏强化抢压制（可参考：DD街区、大百宝袋）,如果你中期强，尽量在对手9级前多入血
19,暗影岛 卡莉丝塔 && 锤石,22,巨神峰 奥瑞利安·索尔 && 塔里克,日炎斗篷、莫雷洛秘典、红霸符,优先补减疗/重伤与持续作战；若你是中期阵容，优先拿经济/节奏强化抢压制（可参考：DD街区、大百宝袋）,尽量让减疗装备尽早覆盖对手前排；如果你中期强，尽量在对手9级前多入血
19,暗影岛 卡莉丝塔 && 锤石,23,神盾使 玛尔扎哈 && 萨勒芬妮,日炎斗篷、莫雷洛秘典、红霸符,优先补减疗/重伤与持续作战（可参考：珠光莲花 I、珠光莲花 II）,尽量让减疗装备尽早覆盖对手前排
19,暗影岛 卡莉丝塔 && 锤石,24,诺克萨斯 乐芙兰 && 德莱厄斯,巨龙之爪、棘刺背心、水银,优先补保后排、解控与容错（可参考：珠光莲花 I、珠光莲花 II）,主C别贴边单防，避免被对位切入
19,暗影岛 卡莉丝塔 && 锤石,25,诺克萨斯 卑尔维斯 && 斯维因,巨龙之爪、棘刺背心、水银,优先补保后排、解控与容错（可参考：珠光莲花 I、珠光莲花 II）,主C别贴边单防，避免被对位切入
20,虚空 卡莎 && 峡谷先锋,1,德玛西亚 薇恩 && 德莱厄斯,日炎斗篷、莫雷洛秘典、红霸符、巨人捕手、薄暮法袍,优先补减疗/重伤与持续作战；优先补破前排、穿透或巨杀类战力；若你是中期阵容，优先拿经济/节奏强化抢压制（可参考：DD街区、大百宝袋）,尽量让减疗装备尽早覆盖对手前排；优先保证主C能持续处理对手前排；如果你中期强，尽量在对手9级前多入血
20,虚空 卡莎 && 峡谷先锋,2,比尔吉沃特 厄运小姐 && 诺提勒斯,日炎斗篷、莫雷洛秘典、红霸符、巨龙之爪、棘刺背心,优先补减疗/重伤与持续作战；优先补保后排、解控与容错；若你是中期阵容，优先拿经济/节奏强化抢压制（可参考：DD街区、大百宝袋）,尽量让减疗装备尽早覆盖对手前排；主C别贴边单防，避免被对位切入；如果你中期强，尽量在对手9级前多入血
20,虚空 卡莎 && 峡谷先锋,3,巨神峰 玛尔扎哈 && 蕾欧娜,,优先选择泛用战力强化（可参考：珠光莲花 I、珠光莲花 II）,根据对手主C位置灵活换边
20,虚空 卡莎 && 峡谷先锋,4,法师 安妮 && 斯维因,日炎斗篷、莫雷洛秘典、红霸符,优先补减疗/重伤与持续作战；若你是中期阵容，优先拿经济/节奏强化抢压制（可参考：DD街区、大百宝袋）,尽量让减疗装备尽早覆盖对手前排；如果你中期强，尽量在对手9级前多入血
20,虚空 卡莎 && 峡谷先锋,5,诺克萨斯 千珏 && 德莱文,日炎斗篷、莫雷洛秘典、红霸符、巨人捕手、薄暮法袍,优先补减疗/重伤与持续作战；优先补破前排、穿透或巨杀类战力；优先补保后排、解控与容错（可参考：珠光莲花 I、珠光莲花 II）,尽量让减疗装备尽早覆盖对手前排；优先保证主C能持续处理对手前排；主C别贴边单防，避免被对位切入
20,虚空 卡莎 && 峡谷先锋,6,以绪塔尔 奈德丽 && 斯卡纳,,若你是中期阵容，优先拿经济/节奏强化抢压制（可参考：DD街区、大百宝袋）,如果你中期强，尽量在对手9级前多入血
20,虚空 卡莎 && 峡谷先锋,7,裁决战士 阿狸 && 永恩,日炎斗篷、莫雷洛秘典、红霸符、巨龙之爪、棘刺背心,优先补减疗/重伤与持续作战；优先补保后排、解控与容错（可参考：珠光莲花 I、珠光莲花 II）,尽量让减疗装备尽早覆盖对手前排；主C别贴边单防，避免被对位切入
20,虚空 卡莎 && 峡谷先锋,8,弗雷尔卓德 金克丝 && 瑟庄妮,日炎斗篷、莫雷洛秘典、红霸符、巨龙之爪、棘刺背心,优先补减疗/重伤与持续作战；优先补保后排、解控与容错（可参考：珠光莲花 I、珠光莲花 II）,尽量让减疗装备尽早覆盖对手前排；主C别贴边单防，避免被对位切入
20,虚空 卡莎 && 峡谷先锋,9,约德尔人 吉格斯 && 凯南,,若你是中期阵容，优先拿经济/节奏强化抢压制（可参考：DD街区、大百宝袋）,如果你中期强，尽量在对手9级前多入血
20,虚空 卡莎 && 峡谷先锋,10,德玛西亚 卡莎 && 盖伦,巨人捕手、薄暮法袍、离子火花、强袭者的链枷,优先补破前排、穿透或巨杀类战力；若你是中期阵容，优先拿经济/节奏强化抢压制（可参考：DD街区、大百宝袋）,优先保证主C能持续处理对手前排；如果你中期强，尽量在对手9级前多入血
20,虚空 卡莎 && 峡谷先锋,11,德玛西亚 卡莎 && 盖伦,,若你是中期阵容，优先拿经济/节奏强化抢压制（可参考：DD街区、大百宝袋）,如果你中期强，尽量在对手9级前多入血
20,虚空 卡莎 && 峡谷先锋,12,约德尔人 维迦 && 凯南,,若你是中期阵容，优先拿经济/节奏强化抢压制（可参考：DD街区、大百宝袋）,如果你中期强，尽量在对手9级前多入血
20,虚空 卡莎 && 峡谷先锋,13,弗雷尔卓德 丽桑卓 && 布隆,巨人捕手、薄暮法袍、离子火花、强袭者的链枷,优先补破前排、穿透或巨杀类战力；若你是中期阵容，优先拿经济/节奏强化抢压制（可参考：DD街区、大百宝袋）,优先保证主C能持续处理对手前排；如果你中期强，尽量在对手9级前多入血
20,虚空 卡莎 && 峡谷先锋,14,斗士 巴德 && 赛恩,日炎斗篷、莫雷洛秘典、红霸符,优先补减疗/重伤与持续作战（可参考：珠光莲花 I、珠光莲花 II）,尽量让减疗装备尽早覆盖对手前排
20,虚空 卡莎 && 峡谷先锋,15,德玛西亚 瑞兹 && 塔里克,,若你是中期阵容，优先拿经济/节奏强化抢压制（可参考：DD街区、大百宝袋）,如果你中期强，尽量在对手9级前多入血
20,虚空 卡莎 && 峡谷先锋,16,约德尔人 维迦 && 凯南,日炎斗篷、莫雷洛秘典、红霸符,优先补减疗/重伤与持续作战；若你是中期阵容，优先拿经济/节奏强化抢压制（可参考：DD街区、大百宝袋）,尽量让减疗装备尽早覆盖对手前排；如果你中期强，尽量在对手9级前多入血
20,虚空 卡莎 && 峡谷先锋,17,皮尔特沃夫 海克斯霸龙 && 蔚,日炎斗篷、莫雷洛秘典、红霸符,优先补减疗/重伤与持续作战；若你是中期阵容，优先拿经济/节奏强化抢压制（可参考：DD街区、大百宝袋）,尽量让减疗装备尽早覆盖对手前排；如果你中期强，尽量在对手9级前多入血
20,虚空 卡莎 && 峡谷先锋,18,迅击战士 芸阿娜 && 孙悟空,日炎斗篷、莫雷洛秘典、红霸符、巨龙之爪、棘刺背心,优先补减疗/重伤与持续作战；优先补保后排、解控与容错；若你是中期阵容，优先拿经济/节奏强化抢压制（可参考：DD街区、大百宝袋）,尽量让减疗装备尽早覆盖对手前排；主C别贴边单防，避免被对位切入；如果你中期强，尽量在对手9级前多入血
20,虚空 卡莎 && 峡谷先锋,19,暗影岛 卡莉丝塔 && 锤石,日炎斗篷、莫雷洛秘典、红霸符、巨人捕手、薄暮法袍,优先补减疗/重伤与持续作战；优先补破前排、穿透或巨杀类战力；优先补保后排、解控与容错（可参考：珠光莲花 I、珠光莲花 II）,尽量让减疗装备尽早覆盖对手前排；优先保证主C能持续处理对手前排；主C别贴边单防，避免被对位切入
20,虚空 卡莎 && 峡谷先锋,21,以绪塔尔 巴德 && 妮蔻,,若你是中期阵容，优先拿经济/节奏强化抢压制（可参考：DD街区、大百宝袋）,如果你中期强，尽量在对手9级前多入血
20,虚空 卡莎 && 峡谷先锋,22,巨神峰 奥瑞利安·索尔 && 塔里克,日炎斗篷、莫雷洛秘典、红霸符,优先补减疗/重伤与持续作战；若你是中期阵容，优先拿经济/节奏强化抢压制（可参考：DD街区、大百宝袋）,尽量让减疗装备尽早覆盖对手前排；如果你中期强，尽量在对手9级前多入血
20,虚空 卡莎 && 峡谷先锋,23,神盾使 玛尔扎哈 && 萨勒芬妮,日炎斗篷、莫雷洛秘典、红霸符,优先补减疗/重伤与持续作战（可参考：珠光莲花 I、珠光莲花 II）,尽量让减疗装备尽早覆盖对手前排
20,虚空 卡莎 && 峡谷先锋,24,诺克萨斯 乐芙兰 && 德莱厄斯,巨龙之爪、棘刺背心、水银,优先补保后排、解控与容错（可参考：珠光莲花 I、珠光莲花 II）,主C别贴边单防，避免被对位切入
20,虚空 卡莎 && 峡谷先锋,25,诺克萨斯 卑尔维斯 && 斯维因,巨龙之爪、棘刺背心、水银,优先补保后排、解控与容错（可参考：珠光莲花 I、珠光莲花 II）,主C别贴边单防，避免被对位切入
21,以绪塔尔 巴德 && 妮蔻,1,德玛西亚 薇恩 && 德莱厄斯,日炎斗篷、莫雷洛秘典、红霸符、巨人捕手、薄暮法袍,优先补减疗/重伤与持续作战；优先补破前排、穿透或巨杀类战力；若你是中期阵容，优先拿经济/节奏强化抢压制（可参考：DD街区、大百宝袋）,尽量让减疗装备尽早覆盖对手前排；优先保证主C能持续处理对手前排；如果你中期强，尽量在对手9级前多入血
21,以绪塔尔 巴德 && 妮蔻,2,比尔吉沃特 厄运小姐 && 诺提勒斯,日炎斗篷、莫雷洛秘典、红霸符、巨龙之爪、棘刺背心,优先补减疗/重伤与持续作战；优先补保后排、解控与容错；若你是中期阵容，优先拿经济/节奏强化抢压制（可参考：DD街区、大百宝袋）,尽量让减疗装备尽早覆盖对手前排；主C别贴边单防，避免被对位切入；如果你中期强，尽量在对手9级前多入血
21,以绪塔尔 巴德 && 妮蔻,3,巨神峰 玛尔扎哈 && 蕾欧娜,,优先选择泛用战力强化（可参考：珠光莲花 I、珠光莲花 II）,根据对手主C位置灵活换边
21,以绪塔尔 巴德 && 妮蔻,4,法师 安妮 && 斯维因,日炎斗篷、莫雷洛秘典、红霸符,优先补减疗/重伤与持续作战；若你是中期阵容，优先拿经济/节奏强化抢压制（可参考：DD街区、大百宝袋）,尽量让减疗装备尽早覆盖对手前排；如果你中期强，尽量在对手9级前多入血
21,以绪塔尔 巴德 && 妮蔻,5,诺克萨斯 千珏 && 德莱文,日炎斗篷、莫雷洛秘典、红霸符、巨人捕手、薄暮法袍,优先补减疗/重伤与持续作战；优先补破前排、穿透或巨杀类战力；优先补保后排、解控与容错（可参考：珠光莲花 I、珠光莲花 II）,尽量让减疗装备尽早覆盖对手前排；优先保证主C能持续处理对手前排；主C别贴边单防，避免被对位切入
21,以绪塔尔 巴德 && 妮蔻,6,以绪塔尔 奈德丽 && 斯卡纳,,若你是中期阵容，优先拿经济/节奏强化抢压制（可参考：DD街区、大百宝袋）,如果你中期强，尽量在对手9级前多入血
21,以绪塔尔 巴德 && 妮蔻,7,裁决战士 阿狸 && 永恩,日炎斗篷、莫雷洛秘典、红霸符、巨龙之爪、棘刺背心,优先补减疗/重伤与持续作战；优先补保后排、解控与容错（可参考：珠光莲花 I、珠光莲花 II）,尽量让减疗装备尽早覆盖对手前排；主C别贴边单防，避免被对位切入
21,以绪塔尔 巴德 && 妮蔻,8,弗雷尔卓德 金克丝 && 瑟庄妮,日炎斗篷、莫雷洛秘典、红霸符、巨龙之爪、棘刺背心,优先补减疗/重伤与持续作战；优先补保后排、解控与容错（可参考：珠光莲花 I、珠光莲花 II）,尽量让减疗装备尽早覆盖对手前排；主C别贴边单防，避免被对位切入
21,以绪塔尔 巴德 && 妮蔻,9,约德尔人 吉格斯 && 凯南,,若你是中期阵容，优先拿经济/节奏强化抢压制（可参考：DD街区、大百宝袋）,如果你中期强，尽量在对手9级前多入血
21,以绪塔尔 巴德 && 妮蔻,10,德玛西亚 卡莎 && 盖伦,巨人捕手、薄暮法袍、离子火花、强袭者的链枷,优先补破前排、穿透或巨杀类战力；若你是中期阵容，优先拿经济/节奏强化抢压制（可参考：DD街区、大百宝袋）,优先保证主C能持续处理对手前排；如果你中期强，尽量在对手9级前多入血
21,以绪塔尔 巴德 && 妮蔻,11,德玛西亚 卡莎 && 盖伦,,若你是中期阵容，优先拿经济/节奏强化抢压制（可参考：DD街区、大百宝袋）,如果你中期强，尽量在对手9级前多入血
21,以绪塔尔 巴德 && 妮蔻,12,约德尔人 维迦 && 凯南,,若你是中期阵容，优先拿经济/节奏强化抢压制（可参考：DD街区、大百宝袋）,如果你中期强，尽量在对手9级前多入血
21,以绪塔尔 巴德 && 妮蔻,13,弗雷尔卓德 丽桑卓 && 布隆,巨人捕手、薄暮法袍、离子火花、强袭者的链枷,优先补破前排、穿透或巨杀类战力；若你是中期阵容，优先拿经济/节奏强化抢压制（可参考：DD街区、大百宝袋）,优先保证主C能持续处理对手前排；如果你中期强，尽量在对手9级前多入血
21,以绪塔尔 巴德 && 妮蔻,14,斗士 巴德 && 赛恩,日炎斗篷、莫雷洛秘典、红霸符,优先补减疗/重伤与持续作战（可参考：珠光莲花 I、珠光莲花 II）,尽量让减疗装备尽早覆盖对手前排
21,以绪塔尔 巴德 && 妮蔻,15,德玛西亚 瑞兹 && 塔里克,,若你是中期阵容，优先拿经济/节奏强化抢压制（可参考：DD街区、大百宝袋）,如果你中期强，尽量在对手9级前多入血
21,以绪塔尔 巴德 && 妮蔻,16,约德尔人 维迦 && 凯南,日炎斗篷、莫雷洛秘典、红霸符,优先补减疗/重伤与持续作战；若你是中期阵容，优先拿经济/节奏强化抢压制（可参考：DD街区、大百宝袋）,尽量让减疗装备尽早覆盖对手前排；如果你中期强，尽量在对手9级前多入血
21,以绪塔尔 巴德 && 妮蔻,17,皮尔特沃夫 海克斯霸龙 && 蔚,日炎斗篷、莫雷洛秘典、红霸符,优先补减疗/重伤与持续作战；若你是中期阵容，优先拿经济/节奏强化抢压制（可参考：DD街区、大百宝袋）,尽量让减疗装备尽早覆盖对手前排；如果你中期强，尽量在对手9级前多入血
21,以绪塔尔 巴德 && 妮蔻,18,迅击战士 芸阿娜 && 孙悟空,日炎斗篷、莫雷洛秘典、红霸符、巨龙之爪、棘刺背心,优先补减疗/重伤与持续作战；优先补保后排、解控与容错；若你是中期阵容，优先拿经济/节奏强化抢压制（可参考：DD街区、大百宝袋）,尽量让减疗装备尽早覆盖对手前排；主C别贴边单防，避免被对位切入；如果你中期强，尽量在对手9级前多入血
21,以绪塔尔 巴德 && 妮蔻,19,暗影岛 卡莉丝塔 && 锤石,日炎斗篷、莫雷洛秘典、红霸符、巨人捕手、薄暮法袍,优先补减疗/重伤与持续作战；优先补破前排、穿透或巨杀类战力；优先补保后排、解控与容错（可参考：珠光莲花 I、珠光莲花 II）,尽量让减疗装备尽早覆盖对手前排；优先保证主C能持续处理对手前排；主C别贴边单防，避免被对位切入
21,以绪塔尔 巴德 && 妮蔻,20,虚空 卡莎 && 峡谷先锋,日炎斗篷、莫雷洛秘典、红霸符,优先补减疗/重伤与持续作战；若你是中期阵容，优先拿经济/节奏强化抢压制（可参考：DD街区、大百宝袋）,尽量让减疗装备尽早覆盖对手前排；如果你中期强，尽量在对手9级前多入血
21,以绪塔尔 巴德 && 妮蔻,22,巨神峰 奥瑞利安·索尔 && 塔里克,日炎斗篷、莫雷洛秘典、红霸符,优先补减疗/重伤与持续作战；若你是中期阵容，优先拿经济/节奏强化抢压制（可参考：DD街区、大百宝袋）,尽量让减疗装备尽早覆盖对手前排；如果你中期强，尽量在对手9级前多入血
21,以绪塔尔 巴德 && 妮蔻,23,神盾使 玛尔扎哈 && 萨勒芬妮,日炎斗篷、莫雷洛秘典、红霸符,优先补减疗/重伤与持续作战（可参考：珠光莲花 I、珠光莲花 II）,尽量让减疗装备尽早覆盖对手前排
21,以绪塔尔 巴德 && 妮蔻,24,诺克萨斯 乐芙兰 && 德莱厄斯,巨龙之爪、棘刺背心、水银,优先补保后排、解控与容错（可参考：珠光莲花 I、珠光莲花 II）,主C别贴边单防，避免被对位切入
21,以绪塔尔 巴德 && 妮蔻,25,诺克萨斯 卑尔维斯 && 斯维因,巨龙之爪、棘刺背心、水银,优先补保后排、解控与容错（可参考：珠光莲花 I、珠光莲花 II）,主C别贴边单防，避免被对位切入
22,巨神峰 奥瑞利安·索尔 && 塔里克,1,德玛西亚 薇恩 && 德莱厄斯,日炎斗篷、莫雷洛秘典、红霸符、巨人捕手、薄暮法袍,优先补减疗/重伤与持续作战；优先补破前排、穿透或巨杀类战力；若你是中期阵容，优先拿经济/节奏强化抢压制（可参考：DD街区、大百宝袋）,尽量让减疗装备尽早覆盖对手前排；优先保证主C能持续处理对手前排；如果你中期强，尽量在对手9级前多入血
22,巨神峰 奥瑞利安·索尔 && 塔里克,2,比尔吉沃特 厄运小姐 && 诺提勒斯,日炎斗篷、莫雷洛秘典、红霸符、巨龙之爪、棘刺背心,优先补减疗/重伤与持续作战；优先补保后排、解控与容错；若你是中期阵容，优先拿经济/节奏强化抢压制（可参考：DD街区、大百宝袋）,尽量让减疗装备尽早覆盖对手前排；主C别贴边单防，避免被对位切入；如果你中期强，尽量在对手9级前多入血
22,巨神峰 奥瑞利安·索尔 && 塔里克,3,巨神峰 玛尔扎哈 && 蕾欧娜,,优先选择泛用战力强化（可参考：珠光莲花 I、珠光莲花 II）,根据对手主C位置灵活换边
22,巨神峰 奥瑞利安·索尔 && 塔里克,4,法师 安妮 && 斯维因,日炎斗篷、莫雷洛秘典、红霸符,优先补减疗/重伤与持续作战；若你是中期阵容，优先拿经济/节奏强化抢压制（可参考：DD街区、大百宝袋）,尽量让减疗装备尽早覆盖对手前排；如果你中期强，尽量在对手9级前多入血
22,巨神峰 奥瑞利安·索尔 && 塔里克,5,诺克萨斯 千珏 && 德莱文,日炎斗篷、莫雷洛秘典、红霸符、巨人捕手、薄暮法袍,优先补减疗/重伤与持续作战；优先补破前排、穿透或巨杀类战力；优先补保后排、解控与容错（可参考：珠光莲花 I、珠光莲花 II）,尽量让减疗装备尽早覆盖对手前排；优先保证主C能持续处理对手前排；主C别贴边单防，避免被对位切入
22,巨神峰 奥瑞利安·索尔 && 塔里克,6,以绪塔尔 奈德丽 && 斯卡纳,,若你是中期阵容，优先拿经济/节奏强化抢压制（可参考：DD街区、大百宝袋）,如果你中期强，尽量在对手9级前多入血
22,巨神峰 奥瑞利安·索尔 && 塔里克,7,裁决战士 阿狸 && 永恩,日炎斗篷、莫雷洛秘典、红霸符、巨龙之爪、棘刺背心,优先补减疗/重伤与持续作战；优先补保后排、解控与容错（可参考：珠光莲花 I、珠光莲花 II）,尽量让减疗装备尽早覆盖对手前排；主C别贴边单防，避免被对位切入
22,巨神峰 奥瑞利安·索尔 && 塔里克,8,弗雷尔卓德 金克丝 && 瑟庄妮,日炎斗篷、莫雷洛秘典、红霸符、巨龙之爪、棘刺背心,优先补减疗/重伤与持续作战；优先补保后排、解控与容错（可参考：珠光莲花 I、珠光莲花 II）,尽量让减疗装备尽早覆盖对手前排；主C别贴边单防，避免被对位切入
22,巨神峰 奥瑞利安·索尔 && 塔里克,9,约德尔人 吉格斯 && 凯南,,若你是中期阵容，优先拿经济/节奏强化抢压制（可参考：DD街区、大百宝袋）,如果你中期强，尽量在对手9级前多入血
22,巨神峰 奥瑞利安·索尔 && 塔里克,10,德玛西亚 卡莎 && 盖伦,巨人捕手、薄暮法袍、离子火花、强袭者的链枷,优先补破前排、穿透或巨杀类战力；若你是中期阵容，优先拿经济/节奏强化抢压制（可参考：DD街区、大百宝袋）,优先保证主C能持续处理对手前排；如果你中期强，尽量在对手9级前多入血
22,巨神峰 奥瑞利安·索尔 && 塔里克,11,德玛西亚 卡莎 && 盖伦,,若你是中期阵容，优先拿经济/节奏强化抢压制（可参考：DD街区、大百宝袋）,如果你中期强，尽量在对手9级前多入血
22,巨神峰 奥瑞利安·索尔 && 塔里克,12,约德尔人 维迦 && 凯南,,若你是中期阵容，优先拿经济/节奏强化抢压制（可参考：DD街区、大百宝袋）,如果你中期强，尽量在对手9级前多入血
22,巨神峰 奥瑞利安·索尔 && 塔里克,13,弗雷尔卓德 丽桑卓 && 布隆,巨人捕手、薄暮法袍、离子火花、强袭者的链枷,优先补破前排、穿透或巨杀类战力；若你是中期阵容，优先拿经济/节奏强化抢压制（可参考：DD街区、大百宝袋）,优先保证主C能持续处理对手前排；如果你中期强，尽量在对手9级前多入血
22,巨神峰 奥瑞利安·索尔 && 塔里克,14,斗士 巴德 && 赛恩,日炎斗篷、莫雷洛秘典、红霸符,优先补减疗/重伤与持续作战（可参考：珠光莲花 I、珠光莲花 II）,尽量让减疗装备尽早覆盖对手前排
22,巨神峰 奥瑞利安·索尔 && 塔里克,15,德玛西亚 瑞兹 && 塔里克,,若你是中期阵容，优先拿经济/节奏强化抢压制（可参考：DD街区、大百宝袋）,如果你中期强，尽量在对手9级前多入血
22,巨神峰 奥瑞利安·索尔 && 塔里克,16,约德尔人 维迦 && 凯南,日炎斗篷、莫雷洛秘典、红霸符,优先补减疗/重伤与持续作战；若你是中期阵容，优先拿经济/节奏强化抢压制（可参考：DD街区、大百宝袋）,尽量让减疗装备尽早覆盖对手前排；如果你中期强，尽量在对手9级前多入血
22,巨神峰 奥瑞利安·索尔 && 塔里克,17,皮尔特沃夫 海克斯霸龙 && 蔚,日炎斗篷、莫雷洛秘典、红霸符,优先补减疗/重伤与持续作战；若你是中期阵容，优先拿经济/节奏强化抢压制（可参考：DD街区、大百宝袋）,尽量让减疗装备尽早覆盖对手前排；如果你中期强，尽量在对手9级前多入血
22,巨神峰 奥瑞利安·索尔 && 塔里克,18,迅击战士 芸阿娜 && 孙悟空,日炎斗篷、莫雷洛秘典、红霸符、巨龙之爪、棘刺背心,优先补减疗/重伤与持续作战；优先补保后排、解控与容错；若你是中期阵容，优先拿经济/节奏强化抢压制（可参考：DD街区、大百宝袋）,尽量让减疗装备尽早覆盖对手前排；主C别贴边单防，避免被对位切入；如果你中期强，尽量在对手9级前多入血
22,巨神峰 奥瑞利安·索尔 && 塔里克,19,暗影岛 卡莉丝塔 && 锤石,日炎斗篷、莫雷洛秘典、红霸符、巨人捕手、薄暮法袍,优先补减疗/重伤与持续作战；优先补破前排、穿透或巨杀类战力；优先补保后排、解控与容错（可参考：珠光莲花 I、珠光莲花 II）,尽量让减疗装备尽早覆盖对手前排；优先保证主C能持续处理对手前排；主C别贴边单防，避免被对位切入
22,巨神峰 奥瑞利安·索尔 && 塔里克,20,虚空 卡莎 && 峡谷先锋,日炎斗篷、莫雷洛秘典、红霸符,优先补减疗/重伤与持续作战；若你是中期阵容，优先拿经济/节奏强化抢压制（可参考：DD街区、大百宝袋）,尽量让减疗装备尽早覆盖对手前排；如果你中期强，尽量在对手9级前多入血
22,巨神峰 奥瑞利安·索尔 && 塔里克,21,以绪塔尔 巴德 && 妮蔻,,若你是中期阵容，优先拿经济/节奏强化抢压制（可参考：DD街区、大百宝袋）,如果你中期强，尽量在对手9级前多入血
22,巨神峰 奥瑞利安·索尔 && 塔里克,23,神盾使 玛尔扎哈 && 萨勒芬妮,日炎斗篷、莫雷洛秘典、红霸符,优先补减疗/重伤与持续作战（可参考：珠光莲花 I、珠光莲花 II）,尽量让减疗装备尽早覆盖对手前排
22,巨神峰 奥瑞利安·索尔 && 塔里克,24,诺克萨斯 乐芙兰 && 德莱厄斯,巨龙之爪、棘刺背心、水银,优先补保后排、解控与容错（可参考：珠光莲花 I、珠光莲花 II）,主C别贴边单防，避免被对位切入
22,巨神峰 奥瑞利安·索尔 && 塔里克,25,诺克萨斯 卑尔维斯 && 斯维因,巨龙之爪、棘刺背心、水银,优先补保后排、解控与容错（可参考：珠光莲花 I、珠光莲花 II）,主C别贴边单防，避免被对位切入
23,神盾使 玛尔扎哈 && 萨勒芬妮,1,德玛西亚 薇恩 && 德莱厄斯,日炎斗篷、莫雷洛秘典、红霸符、巨人捕手、薄暮法袍,优先补减疗/重伤与持续作战；优先补破前排、穿透或巨杀类战力；若你是中期阵容，优先拿经济/节奏强化抢压制（可参考：DD街区、大百宝袋）,尽量让减疗装备尽早覆盖对手前排；优先保证主C能持续处理对手前排；如果你中期强，尽量在对手9级前多入血
23,神盾使 玛尔扎哈 && 萨勒芬妮,2,比尔吉沃特 厄运小姐 && 诺提勒斯,日炎斗篷、莫雷洛秘典、红霸符、巨龙之爪、棘刺背心,优先补减疗/重伤与持续作战；优先补保后排、解控与容错；若你是中期阵容，优先拿经济/节奏强化抢压制（可参考：DD街区、大百宝袋）,尽量让减疗装备尽早覆盖对手前排；主C别贴边单防，避免被对位切入；如果你中期强，尽量在对手9级前多入血
23,神盾使 玛尔扎哈 && 萨勒芬妮,3,巨神峰 玛尔扎哈 && 蕾欧娜,,优先选择泛用战力强化（可参考：珠光莲花 I、珠光莲花 II）,根据对手主C位置灵活换边
23,神盾使 玛尔扎哈 && 萨勒芬妮,4,法师 安妮 && 斯维因,日炎斗篷、莫雷洛秘典、红霸符,优先补减疗/重伤与持续作战；若你是中期阵容，优先拿经济/节奏强化抢压制（可参考：DD街区、大百宝袋）,尽量让减疗装备尽早覆盖对手前排；如果你中期强，尽量在对手9级前多入血
23,神盾使 玛尔扎哈 && 萨勒芬妮,5,诺克萨斯 千珏 && 德莱文,日炎斗篷、莫雷洛秘典、红霸符、巨人捕手、薄暮法袍,优先补减疗/重伤与持续作战；优先补破前排、穿透或巨杀类战力；优先补保后排、解控与容错（可参考：珠光莲花 I、珠光莲花 II）,尽量让减疗装备尽早覆盖对手前排；优先保证主C能持续处理对手前排；主C别贴边单防，避免被对位切入
23,神盾使 玛尔扎哈 && 萨勒芬妮,6,以绪塔尔 奈德丽 && 斯卡纳,,若你是中期阵容，优先拿经济/节奏强化抢压制（可参考：DD街区、大百宝袋）,如果你中期强，尽量在对手9级前多入血
23,神盾使 玛尔扎哈 && 萨勒芬妮,7,裁决战士 阿狸 && 永恩,日炎斗篷、莫雷洛秘典、红霸符、巨龙之爪、棘刺背心,优先补减疗/重伤与持续作战；优先补保后排、解控与容错（可参考：珠光莲花 I、珠光莲花 II）,尽量让减疗装备尽早覆盖对手前排；主C别贴边单防，避免被对位切入
23,神盾使 玛尔扎哈 && 萨勒芬妮,8,弗雷尔卓德 金克丝 && 瑟庄妮,日炎斗篷、莫雷洛秘典、红霸符、巨龙之爪、棘刺背心,优先补减疗/重伤与持续作战；优先补保后排、解控与容错（可参考：珠光莲花 I、珠光莲花 II）,尽量让减疗装备尽早覆盖对手前排；主C别贴边单防，避免被对位切入
23,神盾使 玛尔扎哈 && 萨勒芬妮,9,约德尔人 吉格斯 && 凯南,,若你是中期阵容，优先拿经济/节奏强化抢压制（可参考：DD街区、大百宝袋）,如果你中期强，尽量在对手9级前多入血
23,神盾使 玛尔扎哈 && 萨勒芬妮,10,德玛西亚 卡莎 && 盖伦,巨人捕手、薄暮法袍、离子火花、强袭者的链枷,优先补破前排、穿透或巨杀类战力；若你是中期阵容，优先拿经济/节奏强化抢压制（可参考：DD街区、大百宝袋）,优先保证主C能持续处理对手前排；如果你中期强，尽量在对手9级前多入血
23,神盾使 玛尔扎哈 && 萨勒芬妮,11,德玛西亚 卡莎 && 盖伦,,若你是中期阵容，优先拿经济/节奏强化抢压制（可参考：DD街区、大百宝袋）,如果你中期强，尽量在对手9级前多入血
23,神盾使 玛尔扎哈 && 萨勒芬妮,12,约德尔人 维迦 && 凯南,,若你是中期阵容，优先拿经济/节奏强化抢压制（可参考：DD街区、大百宝袋）,如果你中期强，尽量在对手9级前多入血
23,神盾使 玛尔扎哈 && 萨勒芬妮,13,弗雷尔卓德 丽桑卓 && 布隆,巨人捕手、薄暮法袍、离子火花、强袭者的链枷,优先补破前排、穿透或巨杀类战力；若你是中期阵容，优先拿经济/节奏强化抢压制（可参考：DD街区、大百宝袋）,优先保证主C能持续处理对手前排；如果你中期强，尽量在对手9级前多入血
23,神盾使 玛尔扎哈 && 萨勒芬妮,14,斗士 巴德 && 赛恩,日炎斗篷、莫雷洛秘典、红霸符,优先补减疗/重伤与持续作战（可参考：珠光莲花 I、珠光莲花 II）,尽量让减疗装备尽早覆盖对手前排
23,神盾使 玛尔扎哈 && 萨勒芬妮,15,德玛西亚 瑞兹 && 塔里克,,若你是中期阵容，优先拿经济/节奏强化抢压制（可参考：DD街区、大百宝袋）,如果你中期强，尽量在对手9级前多入血
23,神盾使 玛尔扎哈 && 萨勒芬妮,16,约德尔人 维迦 && 凯南,日炎斗篷、莫雷洛秘典、红霸符,优先补减疗/重伤与持续作战；若你是中期阵容，优先拿经济/节奏强化抢压制（可参考：DD街区、大百宝袋）,尽量让减疗装备尽早覆盖对手前排；如果你中期强，尽量在对手9级前多入血
23,神盾使 玛尔扎哈 && 萨勒芬妮,17,皮尔特沃夫 海克斯霸龙 && 蔚,日炎斗篷、莫雷洛秘典、红霸符,优先补减疗/重伤与持续作战；若你是中期阵容，优先拿经济/节奏强化抢压制（可参考：DD街区、大百宝袋）,尽量让减疗装备尽早覆盖对手前排；如果你中期强，尽量在对手9级前多入血
23,神盾使 玛尔扎哈 && 萨勒芬妮,18,迅击战士 芸阿娜 && 孙悟空,日炎斗篷、莫雷洛秘典、红霸符、巨龙之爪、棘刺背心,优先补减疗/重伤与持续作战；优先补保后排、解控与容错；若你是中期阵容，优先拿经济/节奏强化抢压制（可参考：DD街区、大百宝袋）,尽量让减疗装备尽早覆盖对手前排；主C别贴边单防，避免被对位切入；如果你中期强，尽量在对手9级前多入血
23,神盾使 玛尔扎哈 && 萨勒芬妮,19,暗影岛 卡莉丝塔 && 锤石,日炎斗篷、莫雷洛秘典、红霸符、巨人捕手、薄暮法袍,优先补减疗/重伤与持续作战；优先补破前排、穿透或巨杀类战力；优先补保后排、解控与容错（可参考：珠光莲花 I、珠光莲花 II）,尽量让减疗装备尽早覆盖对手前排；优先保证主C能持续处理对手前排；主C别贴边单防，避免被对位切入
23,神盾使 玛尔扎哈 && 萨勒芬妮,20,虚空 卡莎 && 峡谷先锋,日炎斗篷、莫雷洛秘典、红霸符,优先补减疗/重伤与持续作战；若你是中期阵容，优先拿经济/节奏强化抢压制（可参考：DD街区、大百宝袋）,尽量让减疗装备尽早覆盖对手前排；如果你中期强，尽量在对手9级前多入血
23,神盾使 玛尔扎哈 && 萨勒芬妮,21,以绪塔尔 巴德 && 妮蔻,,若你是中期阵容，优先拿经济/节奏强化抢压制（可参考：DD街区、大百宝袋）,如果你中期强，尽量在对手9级前多入血
23,神盾使 玛尔扎哈 && 萨勒芬妮,22,巨神峰 奥瑞利安·索尔 && 塔里克,日炎斗篷、莫雷洛秘典、红霸符,优先补减疗/重伤与持续作战；若你是中期阵容，优先拿经济/节奏强化抢压制（可参考：DD街区、大百宝袋）,尽量让减疗装备尽早覆盖对手前排；如果你中期强，尽量在对手9级前多入血
23,神盾使 玛尔扎哈 && 萨勒芬妮,24,诺克萨斯 乐芙兰 && 德莱厄斯,巨龙之爪、棘刺背心、水银,优先补保后排、解控与容错（可参考：珠光莲花 I、珠光莲花 II）,主C别贴边单防，避免被对位切入
23,神盾使 玛尔扎哈 && 萨勒芬妮,25,诺克萨斯 卑尔维斯 && 斯维因,巨龙之爪、棘刺背心、水银,优先补保后排、解控与容错（可参考：珠光莲花 I、珠光莲花 II）,主C别贴边单防，避免被对位切入
24,诺克萨斯 乐芙兰 && 德莱厄斯,1,德玛西亚 薇恩 && 德莱厄斯,日炎斗篷、莫雷洛秘典、红霸符、巨人捕手、薄暮法袍,优先补减疗/重伤与持续作战；优先补破前排、穿透或巨杀类战力；若你是中期阵容，优先拿经济/节奏强化抢压制（可参考：DD街区、大百宝袋）,尽量让减疗装备尽早覆盖对手前排；优先保证主C能持续处理对手前排；如果你中期强，尽量在对手9级前多入血
24,诺克萨斯 乐芙兰 && 德莱厄斯,2,比尔吉沃特 厄运小姐 && 诺提勒斯,日炎斗篷、莫雷洛秘典、红霸符、巨龙之爪、棘刺背心,优先补减疗/重伤与持续作战；优先补保后排、解控与容错；若你是中期阵容，优先拿经济/节奏强化抢压制（可参考：DD街区、大百宝袋）,尽量让减疗装备尽早覆盖对手前排；主C别贴边单防，避免被对位切入；如果你中期强，尽量在对手9级前多入血
24,诺克萨斯 乐芙兰 && 德莱厄斯,3,巨神峰 玛尔扎哈 && 蕾欧娜,,优先选择泛用战力强化（可参考：珠光莲花 I、珠光莲花 II）,根据对手主C位置灵活换边
24,诺克萨斯 乐芙兰 && 德莱厄斯,4,法师 安妮 && 斯维因,日炎斗篷、莫雷洛秘典、红霸符,优先补减疗/重伤与持续作战；若你是中期阵容，优先拿经济/节奏强化抢压制（可参考：DD街区、大百宝袋）,尽量让减疗装备尽早覆盖对手前排；如果你中期强，尽量在对手9级前多入血
24,诺克萨斯 乐芙兰 && 德莱厄斯,5,诺克萨斯 千珏 && 德莱文,日炎斗篷、莫雷洛秘典、红霸符、巨人捕手、薄暮法袍,优先补减疗/重伤与持续作战；优先补破前排、穿透或巨杀类战力；优先补保后排、解控与容错（可参考：珠光莲花 I、珠光莲花 II）,尽量让减疗装备尽早覆盖对手前排；优先保证主C能持续处理对手前排；主C别贴边单防，避免被对位切入
24,诺克萨斯 乐芙兰 && 德莱厄斯,6,以绪塔尔 奈德丽 && 斯卡纳,,若你是中期阵容，优先拿经济/节奏强化抢压制（可参考：DD街区、大百宝袋）,如果你中期强，尽量在对手9级前多入血
24,诺克萨斯 乐芙兰 && 德莱厄斯,7,裁决战士 阿狸 && 永恩,日炎斗篷、莫雷洛秘典、红霸符、巨龙之爪、棘刺背心,优先补减疗/重伤与持续作战；优先补保后排、解控与容错（可参考：珠光莲花 I、珠光莲花 II）,尽量让减疗装备尽早覆盖对手前排；主C别贴边单防，避免被对位切入
24,诺克萨斯 乐芙兰 && 德莱厄斯,8,弗雷尔卓德 金克丝 && 瑟庄妮,日炎斗篷、莫雷洛秘典、红霸符、巨龙之爪、棘刺背心,优先补减疗/重伤与持续作战；优先补保后排、解控与容错（可参考：珠光莲花 I、珠光莲花 II）,尽量让减疗装备尽早覆盖对手前排；主C别贴边单防，避免被对位切入
24,诺克萨斯 乐芙兰 && 德莱厄斯,9,约德尔人 吉格斯 && 凯南,,若你是中期阵容，优先拿经济/节奏强化抢压制（可参考：DD街区、大百宝袋）,如果你中期强，尽量在对手9级前多入血
24,诺克萨斯 乐芙兰 && 德莱厄斯,10,德玛西亚 卡莎 && 盖伦,巨人捕手、薄暮法袍、离子火花、强袭者的链枷,优先补破前排、穿透或巨杀类战力；若你是中期阵容，优先拿经济/节奏强化抢压制（可参考：DD街区、大百宝袋）,优先保证主C能持续处理对手前排；如果你中期强，尽量在对手9级前多入血
24,诺克萨斯 乐芙兰 && 德莱厄斯,11,德玛西亚 卡莎 && 盖伦,,若你是中期阵容，优先拿经济/节奏强化抢压制（可参考：DD街区、大百宝袋）,如果你中期强，尽量在对手9级前多入血
24,诺克萨斯 乐芙兰 && 德莱厄斯,12,约德尔人 维迦 && 凯南,,若你是中期阵容，优先拿经济/节奏强化抢压制（可参考：DD街区、大百宝袋）,如果你中期强，尽量在对手9级前多入血
24,诺克萨斯 乐芙兰 && 德莱厄斯,13,弗雷尔卓德 丽桑卓 && 布隆,巨人捕手、薄暮法袍、离子火花、强袭者的链枷,优先补破前排、穿透或巨杀类战力；若你是中期阵容，优先拿经济/节奏强化抢压制（可参考：DD街区、大百宝袋）,优先保证主C能持续处理对手前排；如果你中期强，尽量在对手9级前多入血
24,诺克萨斯 乐芙兰 && 德莱厄斯,14,斗士 巴德 && 赛恩,日炎斗篷、莫雷洛秘典、红霸符,优先补减疗/重伤与持续作战（可参考：珠光莲花 I、珠光莲花 II）,尽量让减疗装备尽早覆盖对手前排
24,诺克萨斯 乐芙兰 && 德莱厄斯,15,德玛西亚 瑞兹 && 塔里克,,若你是中期阵容，优先拿经济/节奏强化抢压制（可参考：DD街区、大百宝袋）,如果你中期强，尽量在对手9级前多入血
24,诺克萨斯 乐芙兰 && 德莱厄斯,16,约德尔人 维迦 && 凯南,日炎斗篷、莫雷洛秘典、红霸符,优先补减疗/重伤与持续作战；若你是中期阵容，优先拿经济/节奏强化抢压制（可参考：DD街区、大百宝袋）,尽量让减疗装备尽早覆盖对手前排；如果你中期强，尽量在对手9级前多入血
24,诺克萨斯 乐芙兰 && 德莱厄斯,17,皮尔特沃夫 海克斯霸龙 && 蔚,日炎斗篷、莫雷洛秘典、红霸符,优先补减疗/重伤与持续作战；若你是中期阵容，优先拿经济/节奏强化抢压制（可参考：DD街区、大百宝袋）,尽量让减疗装备尽早覆盖对手前排；如果你中期强，尽量在对手9级前多入血
24,诺克萨斯 乐芙兰 && 德莱厄斯,18,迅击战士 芸阿娜 && 孙悟空,日炎斗篷、莫雷洛秘典、红霸符、巨龙之爪、棘刺背心,优先补减疗/重伤与持续作战；优先补保后排、解控与容错；若你是中期阵容，优先拿经济/节奏强化抢压制（可参考：DD街区、大百宝袋）,尽量让减疗装备尽早覆盖对手前排；主C别贴边单防，避免被对位切入；如果你中期强，尽量在对手9级前多入血
24,诺克萨斯 乐芙兰 && 德莱厄斯,19,暗影岛 卡莉丝塔 && 锤石,日炎斗篷、莫雷洛秘典、红霸符、巨人捕手、薄暮法袍,优先补减疗/重伤与持续作战；优先补破前排、穿透或巨杀类战力；优先补保后排、解控与容错（可参考：珠光莲花 I、珠光莲花 II）,尽量让减疗装备尽早覆盖对手前排；优先保证主C能持续处理对手前排；主C别贴边单防，避免被对位切入
24,诺克萨斯 乐芙兰 && 德莱厄斯,20,虚空 卡莎 && 峡谷先锋,日炎斗篷、莫雷洛秘典、红霸符,优先补减疗/重伤与持续作战；若你是中期阵容，优先拿经济/节奏强化抢压制（可参考：DD街区、大百宝袋）,尽量让减疗装备尽早覆盖对手前排；如果你中期强，尽量在对手9级前多入血
24,诺克萨斯 乐芙兰 && 德莱厄斯,21,以绪塔尔 巴德 && 妮蔻,,若你是中期阵容，优先拿经济/节奏强化抢压制（可参考：DD街区、大百宝袋）,如果你中期强，尽量在对手9级前多入血
24,诺克萨斯 乐芙兰 && 德莱厄斯,22,巨神峰 奥瑞利安·索尔 && 塔里克,日炎斗篷、莫雷洛秘典、红霸符,优先补减疗/重伤与持续作战；若你是中期阵容，优先拿经济/节奏强化抢压制（可参考：DD街区、大百宝袋）,尽量让减疗装备尽早覆盖对手前排；如果你中期强，尽量在对手9级前多入血
24,诺克萨斯 乐芙兰 && 德莱厄斯,23,神盾使 玛尔扎哈 && 萨勒芬妮,日炎斗篷、莫雷洛秘典、红霸符,优先补减疗/重伤与持续作战（可参考：珠光莲花 I、珠光莲花 II）,尽量让减疗装备尽早覆盖对手前排
24,诺克萨斯 乐芙兰 && 德莱厄斯,25,诺克萨斯 卑尔维斯 && 斯维因,巨龙之爪、棘刺背心、水银,优先补保后排、解控与容错（可参考：珠光莲花 I、珠光莲花 II）,主C别贴边单防，避免被对位切入
25,诺克萨斯 卑尔维斯 && 斯维因,1,德玛西亚 薇恩 && 德莱厄斯,日炎斗篷、莫雷洛秘典、红霸符、巨人捕手、薄暮法袍,优先补减疗/重伤与持续作战；优先补破前排、穿透或巨杀类战力；若你是中期阵容，优先拿经济/节奏强化抢压制（可参考：DD街区、大百宝袋）,尽量让减疗装备尽早覆盖对手前排；优先保证主C能持续处理对手前排；如果你中期强，尽量在对手9级前多入血
25,诺克萨斯 卑尔维斯 && 斯维因,2,比尔吉沃特 厄运小姐 && 诺提勒斯,日炎斗篷、莫雷洛秘典、红霸符、巨龙之爪、棘刺背心,优先补减疗/重伤与持续作战；优先补保后排、解控与容错；若你是中期阵容，优先拿经济/节奏强化抢压制（可参考：DD街区、大百宝袋）,尽量让减疗装备尽早覆盖对手前排；主C别贴边单防，避免被对位切入；如果你中期强，尽量在对手9级前多入血
25,诺克萨斯 卑尔维斯 && 斯维因,3,巨神峰 玛尔扎哈 && 蕾欧娜,,优先选择泛用战力强化（可参考：珠光莲花 I、珠光莲花 II）,根据对手主C位置灵活换边
25,诺克萨斯 卑尔维斯 && 斯维因,4,法师 安妮 && 斯维因,日炎斗篷、莫雷洛秘典、红霸符,优先补减疗/重伤与持续作战；若你是中期阵容，优先拿经济/节奏强化抢压制（可参考：DD街区、大百宝袋）,尽量让减疗装备尽早覆盖对手前排；如果你中期强，尽量在对手9级前多入血
25,诺克萨斯 卑尔维斯 && 斯维因,5,诺克萨斯 千珏 && 德莱文,日炎斗篷、莫雷洛秘典、红霸符、巨人捕手、薄暮法袍,优先补减疗/重伤与持续作战；优先补破前排、穿透或巨杀类战力；优先补保后排、解控与容错（可参考：珠光莲花 I、珠光莲花 II）,尽量让减疗装备尽早覆盖对手前排；优先保证主C能持续处理对手前排；主C别贴边单防，避免被对位切入
25,诺克萨斯 卑尔维斯 && 斯维因,6,以绪塔尔 奈德丽 && 斯卡纳,,若你是中期阵容，优先拿经济/节奏强化抢压制（可参考：DD街区、大百宝袋）,如果你中期强，尽量在对手9级前多入血
25,诺克萨斯 卑尔维斯 && 斯维因,7,裁决战士 阿狸 && 永恩,日炎斗篷、莫雷洛秘典、红霸符、巨龙之爪、棘刺背心,优先补减疗/重伤与持续作战；优先补保后排、解控与容错（可参考：珠光莲花 I、珠光莲花 II）,尽量让减疗装备尽早覆盖对手前排；主C别贴边单防，避免被对位切入
25,诺克萨斯 卑尔维斯 && 斯维因,8,弗雷尔卓德 金克丝 && 瑟庄妮,日炎斗篷、莫雷洛秘典、红霸符、巨龙之爪、棘刺背心,优先补减疗/重伤与持续作战；优先补保后排、解控与容错（可参考：珠光莲花 I、珠光莲花 II）,尽量让减疗装备尽早覆盖对手前排；主C别贴边单防，避免被对位切入
25,诺克萨斯 卑尔维斯 && 斯维因,9,约德尔人 吉格斯 && 凯南,,若你是中期阵容，优先拿经济/节奏强化抢压制（可参考：DD街区、大百宝袋）,如果你中期强，尽量在对手9级前多入血
25,诺克萨斯 卑尔维斯 && 斯维因,10,德玛西亚 卡莎 && 盖伦,巨人捕手、薄暮法袍、离子火花、强袭者的链枷,优先补破前排、穿透或巨杀类战力；若你是中期阵容，优先拿经济/节奏强化抢压制（可参考：DD街区、大百宝袋）,优先保证主C能持续处理对手前排；如果你中期强，尽量在对手9级前多入血
25,诺克萨斯 卑尔维斯 && 斯维因,11,德玛西亚 卡莎 && 盖伦,,若你是中期阵容，优先拿经济/节奏强化抢压制（可参考：DD街区、大百宝袋）,如果你中期强，尽量在对手9级前多入血
25,诺克萨斯 卑尔维斯 && 斯维因,12,约德尔人 维迦 && 凯南,,若你是中期阵容，优先拿经济/节奏强化抢压制（可参考：DD街区、大百宝袋）,如果你中期强，尽量在对手9级前多入血
25,诺克萨斯 卑尔维斯 && 斯维因,13,弗雷尔卓德 丽桑卓 && 布隆,巨人捕手、薄暮法袍、离子火花、强袭者的链枷,优先补破前排、穿透或巨杀类战力；若你是中期阵容，优先拿经济/节奏强化抢压制（可参考：DD街区、大百宝袋）,优先保证主C能持续处理对手前排；如果你中期强，尽量在对手9级前多入血
25,诺克萨斯 卑尔维斯 && 斯维因,14,斗士 巴德 && 赛恩,日炎斗篷、莫雷洛秘典、红霸符,优先补减疗/重伤与持续作战（可参考：珠光莲花 I、珠光莲花 II）,尽量让减疗装备尽早覆盖对手前排
25,诺克萨斯 卑尔维斯 && 斯维因,15,德玛西亚 瑞兹 && 塔里克,,若你是中期阵容，优先拿经济/节奏强化抢压制（可参考：DD街区、大百宝袋）,如果你中期强，尽量在对手9级前多入血
25,诺克萨斯 卑尔维斯 && 斯维因,16,约德尔人 维迦 && 凯南,日炎斗篷、莫雷洛秘典、红霸符,优先补减疗/重伤与持续作战；若你是中期阵容，优先拿经济/节奏强化抢压制（可参考：DD街区、大百宝袋）,尽量让减疗装备尽早覆盖对手前排；如果你中期强，尽量在对手9级前多入血
25,诺克萨斯 卑尔维斯 && 斯维因,17,皮尔特沃夫 海克斯霸龙 && 蔚,日炎斗篷、莫雷洛秘典、红霸符,优先补减疗/重伤与持续作战；若你是中期阵容，优先拿经济/节奏强化抢压制（可参考：DD街区、大百宝袋）,尽量让减疗装备尽早覆盖对手前排；如果你中期强，尽量在对手9级前多入血
25,诺克萨斯 卑尔维斯 && 斯维因,18,迅击战士 芸阿娜 && 孙悟空,日炎斗篷、莫雷洛秘典、红霸符、巨龙之爪、棘刺背心,优先补减疗/重伤与持续作战；优先补保后排、解控与容错；若你是中期阵容，优先拿经济/节奏强化抢压制（可参考：DD街区、大百宝袋）,尽量让减疗装备尽早覆盖对手前排；主C别贴边单防，避免被对位切入；如果你中期强，尽量在对手9级前多入血
25,诺克萨斯 卑尔维斯 && 斯维因,19,暗影岛 卡莉丝塔 && 锤石,日炎斗篷、莫雷洛秘典、红霸符、巨人捕手、薄暮法袍,优先补减疗/重伤与持续作战；优先补破前排、穿透或巨杀类战力；优先补保后排、解控与容错（可参考：珠光莲花 I、珠光莲花 II）,尽量让减疗装备尽早覆盖对手前排；优先保证主C能持续处理对手前排；主C别贴边单防，避免被对位切入
25,诺克萨斯 卑尔维斯 && 斯维因,20,虚空 卡莎 && 峡谷先锋,日炎斗篷、莫雷洛秘典、红霸符,优先补减疗/重伤与持续作战；若你是中期阵容，优先拿经济/节奏强化抢压制（可参考：DD街区、大百宝袋）,尽量让减疗装备尽早覆盖对手前排；如果你中期强，尽量在对手9级前多入血
25,诺克萨斯 卑尔维斯 && 斯维因,21,以绪塔尔 巴德 && 妮蔻,,若你是中期阵容，优先拿经济/节奏强化抢压制（可参考：DD街区、大百宝袋）,如果你中期强，尽量在对手9级前多入血
25,诺克萨斯 卑尔维斯 && 斯维因,22,巨神峰 奥瑞利安·索尔 && 塔里克,日炎斗篷、莫雷洛秘典、红霸符,优先补减疗/重伤与持续作战；若你是中期阵容，优先拿经济/节奏强化抢压制（可参考：DD街区、大百宝袋）,尽量让减疗装备尽早覆盖对手前排；如果你中期强，尽量在对手9级前多入血
25,诺克萨斯 卑尔维斯 && 斯维因,23,神盾使 玛尔扎哈 && 萨勒芬妮,日炎斗篷、莫雷洛秘典、红霸符,优先补减疗/重伤与持续作战（可参考：珠光莲花 I、珠光莲花 II）,尽量让减疗装备尽早覆盖对手前排
25,诺克萨斯 卑尔维斯 && 斯维因,24,诺克萨斯 乐芙兰 && 德莱厄斯,巨龙之爪、棘刺背心、水银,优先补保后排、解控与容错（可参考：珠光莲花 I、珠光莲花 II）,主C别贴边单防，避免被对位切入
